path	category	read_status	role	domain	key_symbols	contracts	dependencies	tests	docs_references	findings	size_bytes	line_count	last_commit_sha	last_commit_time	last_commit_subject
.env.example	ROOT_CONFIG	FULL_TEXT_READ		repository	[]	[]	[]	[]	"[""docs/Project-Structure.md"", ""docs/Dividend-T-Platform.md""]"	[]	307	8	24c8de2b5141d4d6a80d3f23eef1b6d084a48ecd	2026-07-09T00:03:11+08:00	Initial market-regime-alpha migration
.github/workflows/ci.yml	CI	FULL_TEXT_READ		repository	[]	[]	[]	[]	"[""docs/archive/superpowers/plans/2026-07-18-wp4a2-entry-path-as-of-evidence-correction.md"", ""docs/archive/superpowers/plans/2026-07-18-wp4a1-entry-path-temporal-price-lineage-hardening.md""]"	[]	427	21	a592a2fb827ae40d8fe9363d4bb05ff8c71b5ae7	2026-07-18T09:12:08+08:00	ci: enable manual workflow dispatch
.gitignore	ROOT_CONFIG	FULL_TEXT_READ		repository	[]	[]	[]	[]	"[""docs/Tushare-App.md"", ""docs/Usage-Manual.md"", ""docs/archive/superpowers/plans/2026-07-16-wp3-provider-routing-and-candidate-runs.md""]"	[]	1127	50	1988bfc052c9cea5e7204d6fe1616bdcba166fac	2026-07-19T00:08:14+08:00	feat: define qualified Xuntou PIT validation evidence
.idea/.gitignore	IDE_METADATA	FULL_TEXT_READ		repository	[]	[]	[]	[]	[]	[]	98	6	b2ec132aefadbc27d326483a5fef01c3f3aa5574	2026-07-13T22:19:46+08:00	提交代码
.idea/git_toolbox_prj.xml	IDE_METADATA	FULL_TEXT_READ		repository	[]	[]	[]	[]	[]	[]	480	15	7aa4afe33c7221752605dd5dfb3f821d6631dc0f	2026-07-14T00:01:46+08:00	提交代码
.idea/inspectionProfiles/profiles_settings.xml	IDE_METADATA	FULL_TEXT_READ		repository	[]	[]	[]	[]	[]	[]	174	6	b2ec132aefadbc27d326483a5fef01c3f3aa5574	2026-07-13T22:19:46+08:00	提交代码
.idea/market-regime-alpha.iml	IDE_METADATA	FULL_TEXT_READ		repository	[]	[]	[]	[]	[]	[]	474	11	7aa4afe33c7221752605dd5dfb3f821d6631dc0f	2026-07-14T00:01:46+08:00	提交代码
.idea/material_theme_project_new.xml	IDE_METADATA	FULL_TEXT_READ		repository	[]	[]	[]	[]	[]	[]	414	12	7aa4afe33c7221752605dd5dfb3f821d6631dc0f	2026-07-14T00:01:46+08:00	提交代码
.idea/modules.xml	IDE_METADATA	FULL_TEXT_READ		repository	[]	[]	[]	[]	[]	[]	290	8	b2ec132aefadbc27d326483a5fef01c3f3aa5574	2026-07-13T22:19:46+08:00	提交代码
.idea/vcs.xml	IDE_METADATA	FULL_TEXT_READ		repository	[]	[]	[]	[]	[]	[]	167	6	b2ec132aefadbc27d326483a5fef01c3f3aa5574	2026-07-13T22:19:46+08:00	提交代码
AGENTS.md	ROOT_CONFIG	FULL_TEXT_READ	AGENTS.md — Market Regime Alpha Execution Contract	repository	[]	[]	[]	[]	"[""docs/development/WP-0-Close-B1-Verification.md"", ""docs/audit/Conflict-Register.md"", ""docs/architecture/Original-Intent-to-Current-Docs-and-Codex-Readiness-Audit.md"", ""docs/research/R5-Current-Status.md"", ""docs/archive/superpowers/specs/2026-07-16-wp4a-entry-path-targets-design.md"", ""docs/archive/superpowers/specs/2026-07-16-wp3-provider-routing-and-candidate-runs-design.md"", ""docs/archive/superpowers/specs/2026-07-18-wp4a2-entry-path-as-of-evidence-correction-design.md"", ""docs/archive/superpowers/specs/2026-07-16-wp3-candidate-directional-accuracy-design.md"", ""docs/archive/superpowers/specs/2026-07-18-wp4a1-entry-path-temporal-price-lineage-hardening-design.md"", ""docs/archive/superpowers/plans/2026-07-16-xuntou-p0-native-adapter.md""]"	[]	12516	501	79be088f92bdbe3500de08ebbe3d1c7fd9996ea0	2026-07-15T23:04:25+08:00	docs: add bounded Codex execution contract
README.md	ROOT_CONFIG	FULL_TEXT_READ	Market Regime Alpha — A 股 Alpha Research Operating System	repository	[]	[]	[]	[]	"[""docs/MACD-Research-Audit.md"", ""docs/Tushare-App.md"", ""docs/Sell-Side-Model-Spec.md"", ""docs/Usage-Manual.md"", ""docs/Formal-Data-Source-PoC-2026-07-14.md"", ""docs/Project-Structure.md"", ""docs/Data-Spec.md"", ""docs/Dividend-T-Platform.md"", ""docs/Formal-Data-Source-Capability-Audit.md"", ""docs/Formal-MACD-Dataset-Builder-Plan.md"", ""docs/README.md"", ""docs/退神股票涨跌理论-量化实现差距分析.md"", ""docs/theory/退神股票涨跌理论.md"", ""docs/development/WP-0-Close-B1-Verification.md"", ""docs/specs/Xuntou-P0-Native-Field-Mapping.md"", ""docs/specs/ETFDirectionSnapshot.md"", ""docs/specs/DailyResearchSnapshot.md"", ""docs/specs/Xuntou-PIT-Field-Mapping-V4.md"", ""docs/specs/ManualTradeRecord.md"", ""docs/specs/PositionSnapshot.md"", ""docs/specs/CandidateRecommendation.md"", ""docs/specs/FailureReasonTaxonomy.md"", ""docs/specs/ThemeDirectionSnapshot.md"", ""docs/specs/Xuntou-PIT-Validation-Bundle-V4.md"", ""docs/specs/ExitAssessment.md"", ""docs/specs/Entry-Path-Target-V1.md"", ""docs/specs/DailyReviewReport.md"", ""docs/specs/CapitalContextSnapshot.md"", ""docs/specs/EntryAssessment.md"", ""docs/specs/HoldingAssessment.md""]"	[]	11810	285	c4976dfe3564f10f2e1f42f0065caffab8d8a962	2026-07-16T21:28:11+08:00	docs: record WP-3 routing infrastructure
backtesting/README.md	BACKTESTING	FULL_TEXT_READ	Backtesting Experiments	backtesting	[]	[]	[]	[]	"[""docs/Usage-Manual.md"", ""docs/archive/superpowers/plans/2026-07-13-macd-signal-intent-implementation.md""]"	[]	10459	266	164d06b8a3244a64da4a4d404b76406109a95764	2026-07-13T22:50:32+08:00	feat: add nonempty MACD rehearsal audits
backtesting/build_ma_crossover_visual.py	BACKTESTING	FULL_TEXT_READ	Build a self-contained HTML visualization for the MA crossover prototype.	backtesting	"[""main"", ""build_visual_payload"", ""build_html"", ""_round_optional""]"	[]	"[""argparse"", ""json"", ""sys"", ""__future__"", ""pathlib"", ""typing"", ""market_regime_alpha.backtesting""]"	[]	"[""docs/MACD-Research-Audit.md"", ""docs/Tushare-App.md"", ""docs/Sell-Side-Model-Spec.md"", ""docs/Usage-Manual.md"", ""docs/Formal-Data-Source-PoC-2026-07-14.md"", ""docs/Project-Structure.md"", ""docs/Data-Spec.md"", ""docs/Dividend-T-Platform.md"", ""docs/Formal-Data-Source-Capability-Audit.md"", ""docs/Formal-MACD-Dataset-Builder-Plan.md"", ""docs/README.md"", ""docs/退神股票涨跌理论-量化实现差距分析.md"", ""docs/theory/退神股票涨跌理论.md"", ""docs/development/WP-0-Close-B1-Verification.md"", ""docs/roadmap/Phase-D-Work-Packages.md"", ""docs/specs/Xuntou-P0-Native-Field-Mapping.md"", ""docs/specs/ETFDirectionSnapshot.md"", ""docs/specs/DailyResearchSnapshot.md"", ""docs/specs/Xuntou-PIT-Field-Mapping-V4.md"", ""docs/specs/ManualTradeRecord.md"", ""docs/specs/PositionSnapshot.md"", ""docs/specs/CandidateRecommendation.md"", ""docs/specs/FailureReasonTaxonomy.md"", ""docs/specs/ThemeDirectionSnapshot.md"", ""docs/specs/Xuntou-PIT-Validation-Bundle-V4.md"", ""docs/specs/ExitAssessment.md"", ""docs/specs/Entry-Path-Target-V1.md"", ""docs/specs/DailyReviewReport.md"", ""docs/specs/CapitalContextSnapshot.md"", ""docs/specs/EntryAssessment.md""]"	[]	19843	647	24c8de2b5141d4d6a80d3f23eef1b6d084a48ecd	2026-07-09T00:03:11+08:00	Initial market-regime-alpha migration
backtesting/run_buy_sell_point_hit_rate.py	BACKTESTING	FULL_TEXT_READ	Report 1/3/5-day hit rates for buy and sell timing points.	backtesting	"[""main"", ""_parse_horizons"", ""_build_market_filter"", ""_daily_market_filter_frame"", ""_write_outputs"", ""_format_report"", ""_summary_table"", ""_fmt_pct""]"	[]	"[""argparse"", ""sys"", ""pandas"", ""__future__"", ""dataclasses"", ""pathlib"", ""typing"", ""market_regime_alpha.dividend_t.backtest"", ""market_regime_alpha.dividend_t.cosco_profile"", ""market_regime_alpha.dividend_t.cosco_timing"", ""market_regime_alpha.dividend_t.fundamentals"", ""market_regime_alpha.dividend_t.market_environment"", ""market_regime_alpha.dividend_t.point_hit_rate"", ""market_regime_alpha.dividend_t.storage"", ""market_regime_alpha.dividend_t.strategy_modes""]"	[]	"[""docs/MACD-Research-Audit.md"", ""docs/Tushare-App.md"", ""docs/Sell-Side-Model-Spec.md"", ""docs/Usage-Manual.md"", ""docs/Formal-Data-Source-PoC-2026-07-14.md"", ""docs/Project-Structure.md"", ""docs/Data-Spec.md"", ""docs/Dividend-T-Platform.md"", ""docs/Formal-Data-Source-Capability-Audit.md"", ""docs/Formal-MACD-Dataset-Builder-Plan.md"", ""docs/README.md"", ""docs/退神股票涨跌理论-量化实现差距分析.md"", ""docs/theory/退神股票涨跌理论.md"", ""docs/development/WP-0-Close-B1-Verification.md"", ""docs/roadmap/Phase-D-Work-Packages.md"", ""docs/specs/Xuntou-P0-Native-Field-Mapping.md"", ""docs/specs/ETFDirectionSnapshot.md"", ""docs/specs/DailyResearchSnapshot.md"", ""docs/specs/Xuntou-PIT-Field-Mapping-V4.md"", ""docs/specs/ManualTradeRecord.md"", ""docs/specs/PositionSnapshot.md"", ""docs/specs/CandidateRecommendation.md"", ""docs/specs/FailureReasonTaxonomy.md"", ""docs/specs/ThemeDirectionSnapshot.md"", ""docs/specs/Xuntou-PIT-Validation-Bundle-V4.md"", ""docs/specs/ExitAssessment.md"", ""docs/specs/Entry-Path-Target-V1.md"", ""docs/specs/DailyReviewReport.md"", ""docs/specs/CapitalContextSnapshot.md"", ""docs/specs/EntryAssessment.md""]"	[]	16160	354	3604d4e22699ffc2e89d0133c1516565df3934c1	2026-07-14T00:24:26+08:00	feat: harden sell-side audit contracts
backtesting/run_cosco_dividend_t_backtest.py	BACKTESTING	FULL_TEXT_READ	Run the optimized COSCO dividend T timing backtest.	backtesting	"[""main"", ""_fetch_provider_bars"", ""_fmt_pct"", ""_git_commit""]"	[]	"[""argparse"", ""subprocess"", ""sys"", ""__future__"", ""datetime"", ""pathlib"", ""market_regime_alpha.data_sources.a_share_bars"", ""market_regime_alpha.dividend_t.backtest"", ""market_regime_alpha.dividend_t.cosco_timing"", ""market_regime_alpha.dividend_t.macd"", ""market_regime_alpha.dividend_t.macd_experiments""]"	[]	"[""docs/MACD-Research-Audit.md"", ""docs/Tushare-App.md"", ""docs/Sell-Side-Model-Spec.md"", ""docs/Usage-Manual.md"", ""docs/Formal-Data-Source-PoC-2026-07-14.md"", ""docs/Project-Structure.md"", ""docs/Data-Spec.md"", ""docs/Dividend-T-Platform.md"", ""docs/Formal-Data-Source-Capability-Audit.md"", ""docs/Formal-MACD-Dataset-Builder-Plan.md"", ""docs/README.md"", ""docs/退神股票涨跌理论-量化实现差距分析.md"", ""docs/theory/退神股票涨跌理论.md"", ""docs/development/WP-0-Close-B1-Verification.md"", ""docs/roadmap/Phase-D-Work-Packages.md"", ""docs/specs/Xuntou-P0-Native-Field-Mapping.md"", ""docs/specs/ETFDirectionSnapshot.md"", ""docs/specs/DailyResearchSnapshot.md"", ""docs/specs/Xuntou-PIT-Field-Mapping-V4.md"", ""docs/specs/ManualTradeRecord.md"", ""docs/specs/PositionSnapshot.md"", ""docs/specs/CandidateRecommendation.md"", ""docs/specs/FailureReasonTaxonomy.md"", ""docs/specs/ThemeDirectionSnapshot.md"", ""docs/specs/Xuntou-PIT-Validation-Bundle-V4.md"", ""docs/specs/ExitAssessment.md"", ""docs/specs/Entry-Path-Target-V1.md"", ""docs/specs/DailyReviewReport.md"", ""docs/specs/CapitalContextSnapshot.md"", ""docs/specs/EntryAssessment.md""]"	[]	10111	205	250883a37de4e4fc77390e9b744b457ab81c3e10	2026-07-13T20:16:56+08:00	feat: version MACD experiment caches
backtesting/run_cosco_parameter_search.py	BACKTESTING	FULL_TEXT_READ	Parameter search, out-of-sample test, and rolling validation for COSCO.	backtesting	"[""Candidate"", ""DateSplit"", ""main"", ""build_train_valid_test_splits"", ""build_candidates"", ""filter_by_split"", ""run_candidate"", ""result_row"", ""selection_score"", ""summarize_candidates"", ""run_rolling_validation"", ""run_walk_forward_validation"", ""build_rolling_windows"", ""build_walk_forward_windows"", ""format_report"", ""candidate_stability_stats"", ""markdown_table"", ""pct""]"	[]	"[""argparse"", ""sys"", ""pandas"", ""__future__"", ""dataclasses"", ""itertools"", ""pathlib"", ""market_regime_alpha.dividend_t.backtest""]"	[]	"[""docs/MACD-Research-Audit.md"", ""docs/Tushare-App.md"", ""docs/Sell-Side-Model-Spec.md"", ""docs/Usage-Manual.md"", ""docs/Formal-Data-Source-PoC-2026-07-14.md"", ""docs/Project-Structure.md"", ""docs/Data-Spec.md"", ""docs/Dividend-T-Platform.md"", ""docs/Formal-Data-Source-Capability-Audit.md"", ""docs/Formal-MACD-Dataset-Builder-Plan.md"", ""docs/README.md"", ""docs/退神股票涨跌理论-量化实现差距分析.md"", ""docs/theory/退神股票涨跌理论.md"", ""docs/development/WP-0-Close-B1-Verification.md"", ""docs/roadmap/Phase-D-Work-Packages.md"", ""docs/specs/Xuntou-P0-Native-Field-Mapping.md"", ""docs/specs/ETFDirectionSnapshot.md"", ""docs/specs/DailyResearchSnapshot.md"", ""docs/specs/Xuntou-PIT-Field-Mapping-V4.md"", ""docs/specs/ManualTradeRecord.md"", ""docs/specs/PositionSnapshot.md"", ""docs/specs/CandidateRecommendation.md"", ""docs/specs/FailureReasonTaxonomy.md"", ""docs/specs/ThemeDirectionSnapshot.md"", ""docs/specs/Xuntou-PIT-Validation-Bundle-V4.md"", ""docs/specs/ExitAssessment.md"", ""docs/specs/Entry-Path-Target-V1.md"", ""docs/specs/DailyReviewReport.md"", ""docs/specs/CapitalContextSnapshot.md"", ""docs/specs/EntryAssessment.md""]"	[]	27434	632	24c8de2b5141d4d6a80d3f23eef1b6d084a48ecd	2026-07-09T00:03:11+08:00	Initial market-regime-alpha migration
backtesting/run_dividend_25t_test_backtest.py	BACKTESTING	FULL_TEXT_READ	Run the standalone 2.5% dividend T-grid test on 20 dividend stocks.	backtesting	"[""WatchlistItem"", ""BacktestRow"", ""main"", ""_load_watchlist"", ""_load_symbol_bars"", ""_row_from_result"", ""_portfolio_summary"", ""_format_report"", ""_fmt_pct"", ""_write_csv"", ""_write_trades_csv""]"	[]	"[""argparse"", ""csv"", ""sys"", ""pandas"", ""__future__"", ""dataclasses"", ""datetime"", ""pathlib"", ""typing"", ""market_regime_alpha.dividend_t.grid_25t_test""]"	[]	"[""docs/MACD-Research-Audit.md"", ""docs/Tushare-App.md"", ""docs/Sell-Side-Model-Spec.md"", ""docs/Usage-Manual.md"", ""docs/Formal-Data-Source-PoC-2026-07-14.md"", ""docs/Project-Structure.md"", ""docs/Data-Spec.md"", ""docs/Dividend-T-Platform.md"", ""docs/Formal-Data-Source-Capability-Audit.md"", ""docs/Formal-MACD-Dataset-Builder-Plan.md"", ""docs/README.md"", ""docs/退神股票涨跌理论-量化实现差距分析.md"", ""docs/theory/退神股票涨跌理论.md"", ""docs/development/WP-0-Close-B1-Verification.md"", ""docs/roadmap/Phase-D-Work-Packages.md"", ""docs/specs/Xuntou-P0-Native-Field-Mapping.md"", ""docs/specs/ETFDirectionSnapshot.md"", ""docs/specs/DailyResearchSnapshot.md"", ""docs/specs/Xuntou-PIT-Field-Mapping-V4.md"", ""docs/specs/ManualTradeRecord.md"", ""docs/specs/PositionSnapshot.md"", ""docs/specs/CandidateRecommendation.md"", ""docs/specs/FailureReasonTaxonomy.md"", ""docs/specs/ThemeDirectionSnapshot.md"", ""docs/specs/Xuntou-PIT-Validation-Bundle-V4.md"", ""docs/specs/ExitAssessment.md"", ""docs/specs/Entry-Path-Target-V1.md"", ""docs/specs/DailyReviewReport.md"", ""docs/specs/CapitalContextSnapshot.md"", ""docs/specs/EntryAssessment.md""]"	[]	15079	337	24c8de2b5141d4d6a80d3f23eef1b6d084a48ecd	2026-07-09T00:03:11+08:00	Initial market-regime-alpha migration
backtesting/run_dividend_drawdown_report.py	BACKTESTING	FULL_TEXT_READ	Build a drawdown report for the dividend T watchlist backtest.	backtesting	"[""DrawdownInfo"", ""DrawdownRow"", ""main"", ""_run_one"", ""_config_for_profile"", ""_benchmark_curve"", ""_drawdown_info"", ""_format_report"", ""_table_row"", ""_worst_row"", ""_write_csv"", ""_average""]"	[]	"[""argparse"", ""sys"", ""pandas"", ""__future__"", ""dataclasses"", ""dataclasses"", ""pathlib"", ""typing"", ""market_regime_alpha.dividend_t.backtest"", ""market_regime_alpha.dividend_t.cosco_profile"", ""market_regime_alpha.dividend_t.cosco_timing"", ""market_regime_alpha.dividend_t.fundamentals"", ""market_regime_alpha.dividend_t.storage""]"	[]	"[""docs/MACD-Research-Audit.md"", ""docs/Tushare-App.md"", ""docs/Sell-Side-Model-Spec.md"", ""docs/Usage-Manual.md"", ""docs/Formal-Data-Source-PoC-2026-07-14.md"", ""docs/Project-Structure.md"", ""docs/Data-Spec.md"", ""docs/Dividend-T-Platform.md"", ""docs/Formal-Data-Source-Capability-Audit.md"", ""docs/Formal-MACD-Dataset-Builder-Plan.md"", ""docs/README.md"", ""docs/退神股票涨跌理论-量化实现差距分析.md"", ""docs/theory/退神股票涨跌理论.md"", ""docs/development/WP-0-Close-B1-Verification.md"", ""docs/roadmap/Phase-D-Work-Packages.md"", ""docs/specs/Xuntou-P0-Native-Field-Mapping.md"", ""docs/specs/ETFDirectionSnapshot.md"", ""docs/specs/DailyResearchSnapshot.md"", ""docs/specs/Xuntou-PIT-Field-Mapping-V4.md"", ""docs/specs/ManualTradeRecord.md"", ""docs/specs/PositionSnapshot.md"", ""docs/specs/CandidateRecommendation.md"", ""docs/specs/FailureReasonTaxonomy.md"", ""docs/specs/ThemeDirectionSnapshot.md"", ""docs/specs/Xuntou-PIT-Validation-Bundle-V4.md"", ""docs/specs/ExitAssessment.md"", ""docs/specs/Entry-Path-Target-V1.md"", ""docs/specs/DailyReviewReport.md"", ""docs/specs/CapitalContextSnapshot.md"", ""docs/specs/EntryAssessment.md""]"	[]	19860	393	1c527dec21979de79da0de9c9e1a1f1be9495c2e	2026-07-09T20:27:27+08:00	Improve buy sell point dashboard
backtesting/run_dividend_monthly_pnl.py	BACKTESTING	FULL_TEXT_READ	Build monthly PnL report for the dividend T model.	backtesting	"[""MonthlyPnlRow"", ""main"", ""_run_one"", ""_config_for_profile"", ""_period_pnl"", ""_format_report"", ""_write_csv"", ""_table_row"", ""_weekly_table_row"", ""_fmt_money""]"	[]	"[""argparse"", ""sys"", ""pandas"", ""__future__"", ""dataclasses"", ""dataclasses"", ""pathlib"", ""typing"", ""market_regime_alpha.dividend_t.backtest"", ""market_regime_alpha.dividend_t.cosco_profile"", ""market_regime_alpha.dividend_t.cosco_timing"", ""market_regime_alpha.dividend_t.fundamentals"", ""market_regime_alpha.dividend_t.storage""]"	[]	"[""docs/MACD-Research-Audit.md"", ""docs/Tushare-App.md"", ""docs/Sell-Side-Model-Spec.md"", ""docs/Usage-Manual.md"", ""docs/Formal-Data-Source-PoC-2026-07-14.md"", ""docs/Project-Structure.md"", ""docs/Data-Spec.md"", ""docs/Dividend-T-Platform.md"", ""docs/Formal-Data-Source-Capability-Audit.md"", ""docs/Formal-MACD-Dataset-Builder-Plan.md"", ""docs/README.md"", ""docs/退神股票涨跌理论-量化实现差距分析.md"", ""docs/theory/退神股票涨跌理论.md"", ""docs/development/WP-0-Close-B1-Verification.md"", ""docs/roadmap/Phase-D-Work-Packages.md"", ""docs/specs/Xuntou-P0-Native-Field-Mapping.md"", ""docs/specs/ETFDirectionSnapshot.md"", ""docs/specs/DailyResearchSnapshot.md"", ""docs/specs/Xuntou-PIT-Field-Mapping-V4.md"", ""docs/specs/ManualTradeRecord.md"", ""docs/specs/PositionSnapshot.md"", ""docs/specs/CandidateRecommendation.md"", ""docs/specs/FailureReasonTaxonomy.md"", ""docs/specs/ThemeDirectionSnapshot.md"", ""docs/specs/Xuntou-PIT-Validation-Bundle-V4.md"", ""docs/specs/ExitAssessment.md"", ""docs/specs/Entry-Path-Target-V1.md"", ""docs/specs/DailyReviewReport.md"", ""docs/specs/CapitalContextSnapshot.md"", ""docs/specs/EntryAssessment.md""]"	[]	18871	382	1c527dec21979de79da0de9c9e1a1f1be9495c2e	2026-07-09T20:27:27+08:00	Improve buy sell point dashboard
backtesting/run_dividend_watchlist_backtest.py	BACKTESTING	FULL_TEXT_READ	Run batch backtests for the dividend watchlist.	backtesting	"[""BatchRow"", ""main"", ""_run_batch"", ""_create_batch_executor"", ""_build_market_filter"", ""_daily_market_filter_frame"", ""_run_one"", ""_config_for_profile"", ""_load_bars"", ""_fetch_yfinance_to_csv"", ""_fetch_with_timeout"", ""_fetch_worker"", ""_format_batch_report"", ""_write_csv"", ""_table_row"", ""_average"", ""_fmt_pct"", ""_git_commit""]"	[]	"[""argparse"", ""subprocess"", ""sys"", ""pandas"", ""__future__"", ""concurrent.futures"", ""dataclasses"", ""dataclasses"", ""datetime"", ""multiprocessing"", ""pathlib"", ""typing"", ""market_regime_alpha.data_sources.a_share_bars"", ""market_regime_alpha.dividend_t.backtest"", ""market_regime_alpha.dividend_t.cosco_profile"", ""market_regime_alpha.dividend_t.cosco_timing"", ""market_regime_alpha.dividend_t.macd"", ""market_regime_alpha.dividend_t.fundamentals"", ""market_regime_alpha.dividend_t.market_environment"", ""market_regime_alpha.dividend_t.storage"", ""market_regime_alpha.dividend_t.macd_experiments"", ""market_regime_alpha.dividend_t.strategy_modes""]"	[]	"[""docs/MACD-Research-Audit.md"", ""docs/Tushare-App.md"", ""docs/Sell-Side-Model-Spec.md"", ""docs/Usage-Manual.md"", ""docs/Formal-Data-Source-PoC-2026-07-14.md"", ""docs/Project-Structure.md"", ""docs/Data-Spec.md"", ""docs/Dividend-T-Platform.md"", ""docs/Formal-Data-Source-Capability-Audit.md"", ""docs/Formal-MACD-Dataset-Builder-Plan.md"", ""docs/README.md"", ""docs/退神股票涨跌理论-量化实现差距分析.md"", ""docs/theory/退神股票涨跌理论.md"", ""docs/development/WP-0-Close-B1-Verification.md"", ""docs/roadmap/Phase-D-Work-Packages.md"", ""docs/specs/Xuntou-P0-Native-Field-Mapping.md"", ""docs/specs/ETFDirectionSnapshot.md"", ""docs/specs/DailyResearchSnapshot.md"", ""docs/specs/Xuntou-PIT-Field-Mapping-V4.md"", ""docs/specs/ManualTradeRecord.md"", ""docs/specs/PositionSnapshot.md"", ""docs/specs/CandidateRecommendation.md"", ""docs/specs/FailureReasonTaxonomy.md"", ""docs/specs/ThemeDirectionSnapshot.md"", ""docs/specs/Xuntou-PIT-Validation-Bundle-V4.md"", ""docs/specs/ExitAssessment.md"", ""docs/specs/Entry-Path-Target-V1.md"", ""docs/specs/DailyReviewReport.md"", ""docs/specs/CapitalContextSnapshot.md"", ""docs/specs/EntryAssessment.md""]"	[]	36093	715	250883a37de4e4fc77390e9b744b457ab81c3e10	2026-07-13T20:16:56+08:00	feat: version MACD experiment caches
backtesting/run_ma_crossover.py	BACKTESTING	FULL_TEXT_READ	Run the sample ETF moving-average crossover experiment.	backtesting	"[""main"", ""_format_percent"", ""_format_optional_percent"", ""_format_optional_number""]"	[]	"[""argparse"", ""sys"", ""__future__"", ""pathlib"", ""market_regime_alpha.backtesting""]"	[]	"[""docs/MACD-Research-Audit.md"", ""docs/Tushare-App.md"", ""docs/Sell-Side-Model-Spec.md"", ""docs/Usage-Manual.md"", ""docs/Formal-Data-Source-PoC-2026-07-14.md"", ""docs/Project-Structure.md"", ""docs/Data-Spec.md"", ""docs/Dividend-T-Platform.md"", ""docs/Formal-Data-Source-Capability-Audit.md"", ""docs/Formal-MACD-Dataset-Builder-Plan.md"", ""docs/README.md"", ""docs/退神股票涨跌理论-量化实现差距分析.md"", ""docs/theory/退神股票涨跌理论.md"", ""docs/development/WP-0-Close-B1-Verification.md"", ""docs/roadmap/Phase-D-Work-Packages.md"", ""docs/specs/Xuntou-P0-Native-Field-Mapping.md"", ""docs/specs/ETFDirectionSnapshot.md"", ""docs/specs/DailyResearchSnapshot.md"", ""docs/specs/Xuntou-PIT-Field-Mapping-V4.md"", ""docs/specs/ManualTradeRecord.md"", ""docs/specs/PositionSnapshot.md"", ""docs/specs/CandidateRecommendation.md"", ""docs/specs/FailureReasonTaxonomy.md"", ""docs/specs/ThemeDirectionSnapshot.md"", ""docs/specs/Xuntou-PIT-Validation-Bundle-V4.md"", ""docs/specs/ExitAssessment.md"", ""docs/specs/Entry-Path-Target-V1.md"", ""docs/specs/DailyReviewReport.md"", ""docs/specs/CapitalContextSnapshot.md"", ""docs/specs/EntryAssessment.md""]"	[]	3001	82	24c8de2b5141d4d6a80d3f23eef1b6d084a48ecd	2026-07-09T00:03:11+08:00	Initial market-regime-alpha migration
backtesting/run_macd_ablation.py	BACKTESTING	FULL_TEXT_READ	Run sealed four-arm MACD ablations without exposing the final segment by default.	backtesting	"[""build_parser"", ""main"", ""_run_profile"", ""_macd_provider"", ""_select_segment"", ""_write_run_artifacts"", ""_aggregate_results"", ""_result_row"", ""_attribution_payload"", ""_format_report"", ""_load_corporate_actions"", ""_run_quality_checks"", ""_dependency_lock_hash"", ""_cache_identities_valid"", ""_platform_metadata"", ""_git_commit"", ""_working_tree_clean"", ""_write_json"", ""_print_plan""]"	[]	"[""argparse"", ""hashlib"", ""json"", ""platform"", ""random"", ""subprocess"", ""sys"", ""pandas"", ""__future__"", ""dataclasses"", ""datetime"", ""importlib"", ""pathlib"", ""typing"", ""market_regime_alpha.dividend_t.backtest"", ""market_regime_alpha.dividend_t.cosco_timing"", ""market_regime_alpha.dividend_t.macd"", ""market_regime_alpha.dividend_t.macd_bars"", ""market_regime_alpha.dividend_t.macd_experiments"", ""market_regime_alpha.dividend_t.macd_oos"", ""market_regime_alpha.dividend_t.signal_intent""]"	[]	"[""docs/MACD-Research-Audit.md"", ""docs/Tushare-App.md"", ""docs/Sell-Side-Model-Spec.md"", ""docs/Usage-Manual.md"", ""docs/Formal-Data-Source-PoC-2026-07-14.md"", ""docs/Project-Structure.md"", ""docs/Data-Spec.md"", ""docs/Dividend-T-Platform.md"", ""docs/Formal-Data-Source-Capability-Audit.md"", ""docs/Formal-MACD-Dataset-Builder-Plan.md"", ""docs/README.md"", ""docs/退神股票涨跌理论-量化实现差距分析.md"", ""docs/theory/退神股票涨跌理论.md"", ""docs/development/WP-0-Close-B1-Verification.md"", ""docs/roadmap/Phase-D-Work-Packages.md"", ""docs/specs/Xuntou-P0-Native-Field-Mapping.md"", ""docs/specs/ETFDirectionSnapshot.md"", ""docs/specs/DailyResearchSnapshot.md"", ""docs/specs/Xuntou-PIT-Field-Mapping-V4.md"", ""docs/specs/ManualTradeRecord.md"", ""docs/specs/PositionSnapshot.md"", ""docs/specs/CandidateRecommendation.md"", ""docs/specs/FailureReasonTaxonomy.md"", ""docs/specs/ThemeDirectionSnapshot.md"", ""docs/specs/Xuntou-PIT-Validation-Bundle-V4.md"", ""docs/specs/ExitAssessment.md"", ""docs/specs/Entry-Path-Target-V1.md"", ""docs/specs/DailyReviewReport.md"", ""docs/specs/CapitalContextSnapshot.md"", ""docs/specs/EntryAssessment.md""]"	[]	21074	520	7a1a6b2802af87d98a00ba31882426415d17b486	2026-07-13T21:42:44+08:00	feat: add sealed MACD ablation rehearsal
backtesting/run_macd_event_rehearsal.py	BACKTESTING	FULL_TEXT_READ	Write a sealed-test-free non-empty MACD event rehearsal artifact.	backtesting	"[""build_parser"", ""main""]"	[]	"[""argparse"", ""sys"", ""__future__"", ""datetime"", ""pathlib"", ""market_regime_alpha.dividend_t.macd_event_rehearsal""]"	[]	"[""docs/MACD-Research-Audit.md"", ""docs/Tushare-App.md"", ""docs/Sell-Side-Model-Spec.md"", ""docs/Usage-Manual.md"", ""docs/Formal-Data-Source-PoC-2026-07-14.md"", ""docs/Project-Structure.md"", ""docs/Data-Spec.md"", ""docs/Dividend-T-Platform.md"", ""docs/Formal-Data-Source-Capability-Audit.md"", ""docs/Formal-MACD-Dataset-Builder-Plan.md"", ""docs/README.md"", ""docs/退神股票涨跌理论-量化实现差距分析.md"", ""docs/theory/退神股票涨跌理论.md"", ""docs/development/WP-0-Close-B1-Verification.md"", ""docs/roadmap/Phase-D-Work-Packages.md"", ""docs/specs/Xuntou-P0-Native-Field-Mapping.md"", ""docs/specs/ETFDirectionSnapshot.md"", ""docs/specs/DailyResearchSnapshot.md"", ""docs/specs/Xuntou-PIT-Field-Mapping-V4.md"", ""docs/specs/ManualTradeRecord.md"", ""docs/specs/PositionSnapshot.md"", ""docs/specs/CandidateRecommendation.md"", ""docs/specs/FailureReasonTaxonomy.md"", ""docs/specs/ThemeDirectionSnapshot.md"", ""docs/specs/Xuntou-PIT-Validation-Bundle-V4.md"", ""docs/specs/ExitAssessment.md"", ""docs/specs/Entry-Path-Target-V1.md"", ""docs/specs/DailyReviewReport.md"", ""docs/specs/CapitalContextSnapshot.md"", ""docs/specs/EntryAssessment.md""]"	[]	1273	41	164d06b8a3244a64da4a4d404b76406109a95764	2026-07-13T22:50:32+08:00	feat: add nonempty MACD rehearsal audits
backtesting/run_top1000_screened_portfolio_backtest.py	BACKTESTING	FULL_TEXT_READ	Train transparent screening rules and validate screened A-share portfolios.	backtesting	"[""_parse_positive_int_list"", ""_parse_rule_id_list"", ""WindowSpec"", ""CaptureBiasRuleConstraints"", ""PeriodBacktestRow"", ""CurvePayload"", ""RuleResult"", ""WindowRunResult"", ""main"", ""_load_reference_trade_dates"", ""_build_walkforward_windows"", ""_infer_split_window"", ""_load_fixed_selected_symbols"", ""_fixed_selected_ranked"", ""_run_window"", ""_candidate_entry_curve_config"", ""_with_window_columns"", ""_concat_optional_frames"", ""_window_trade_frames"", ""_with_trade_window_fields"", ""_evaluate_trade_quality"", ""_evaluate_buy_event_study"", ""_breakout_alpha_features"", ""_point_float"", ""_point_str"", ""_point_bool"", ""_score_0_1"", ""_buy_event_forward_metrics"", ""_buy_event_type"", ""_evaluate_sell_event_study"", ""_sell_event_forward_metrics"", ""_evaluate_volume_price_window_study"", ""_volume_price_window_features"", ""_empty_volume_price_window_features"", ""_price_trend_bucket"", ""_volume_trend_bucket"", ""_volume_price_state"", ""_sell_event_type"", ""_future_trade_bars"", ""_first_hit_bar"", ""_first_extreme_bar"", ""_trade_type"", ""_run_period_batch"", ""_run_one_period"", ""_position_stats"", ""_append_market_metric"", ""_mean_or_zero"", ""_episode_lengths"", ""_average_position_after_risk_on"", ""_signal_feature_stats"", ""_confirmed_flow_mask"", ""_boolish_series"", ""_numeric_mean"", ""_threshold_count"", ""_safe_ratio"", ""_run_curve_batch"", ""_run_one_curve"", ""_curve_points_with_risk_matched"", ""_create_executor"", ""_load_period_bars"", ""_build_period_market_filter"", ""_daily_market_filter_frame"", ""_market_filter_start_date"", ""_rows_to_frame"", ""_build_return_leakage_attribution"", ""_primary_leak_reason"", ""_volume_price_secondary_reason"", ""_attribution_note"", ""_build_train_features"", ""_train_rule_objective"", ""_rule_record"", ""_train_rules"", ""_select_rule_for_window"", ""_capture_bias_rule_candidates"", ""_apply_rule_min_constraint"", ""_apply_rule_max_constraint"", ""_capture_bias_rule_selection_score"", ""_optional_rule_metric"", ""_rank_candidates"", ""_portfolio_metrics"", ""_portfolio_weights"", ""_weighted_portfolio_curve"", ""_max_drawdown"", ""_summarize_walkforward_portfolios"", ""_summarize_trade_quality"", ""_summarize_buy_event_study"", ""_summarize_buy_event_study_by"", ""_buy_event_summary_record"", ""_summarize_sell_event_study"", ""_summarize_sell_event_study_by"", ""_sell_event_summary_record"", ""_summarize_volume_price_window_study"", ""_volume_price_window_summary_record"", ""_protection_to_missed_ratio"", ""_sell_event_decision"", ""_series_mean"", ""_series_median"", ""_series_quantile"", ""_series_min"", ""_series_max"", ""_series_rate"", ""_profit_loss_ratio"", ""_mfe_mae_ratio"", ""_event_hit_rate"", ""_bool_mean"", ""_capture_bias_constraint_summary"", ""_format_report"", ""_trade_quality_report_section"", ""_trade_quality_row"", ""_buy_event_report_section"", ""_breakout_event_report_section"", ""_breakout_event_sort_key"", ""_breakout_event_row"", ""_buy_event_row"", ""_trade_quality_output_paths"", ""_buy_event_output_paths"", ""_sell_event_report_section"", ""_sell_event_row"", ""_sell_event_reason_row"", ""_volume_price_window_report_section"", ""_volume_price_buy_row"", ""_volume_price_sell_row"", ""_sell_event_output_paths"", ""_volume_price_window_output_paths"", ""_leakage_reason_table"", ""_leakage_secondary_table"", ""_leakage_beta_hold_stall_table"", ""_leakage_top_table"", ""_frame_mean"", ""_summary_row"", ""_window_row"", ""_rule_row"", ""_candidate_row"", ""_fmt_pct""]"	[]	"[""argparse"", ""sys"", ""pandas"", ""__future__"", ""concurrent.futures"", ""dataclasses"", ""datetime"", ""multiprocessing"", ""pathlib"", ""typing"", ""market_regime_alpha.dividend_t.backtest"", ""market_regime_alpha.dividend_t.cosco_profile"", ""market_regime_alpha.dividend_t.cosco_timing"", ""market_regime_alpha.dividend_t.fundamentals"", ""market_regime_alpha.dividend_t.market_environment"", ""market_regime_alpha.dividend_t.storage"", ""market_regime_alpha.dividend_t.strategy_modes""]"	[]	"[""docs/MACD-Research-Audit.md"", ""docs/Tushare-App.md"", ""docs/Sell-Side-Model-Spec.md"", ""docs/Usage-Manual.md"", ""docs/Formal-Data-Source-PoC-2026-07-14.md"", ""docs/Project-Structure.md"", ""docs/Data-Spec.md"", ""docs/Dividend-T-Platform.md"", ""docs/Formal-Data-Source-Capability-Audit.md"", ""docs/Formal-MACD-Dataset-Builder-Plan.md"", ""docs/README.md"", ""docs/退神股票涨跌理论-量化实现差距分析.md"", ""docs/theory/退神股票涨跌理论.md"", ""docs/development/WP-0-Close-B1-Verification.md"", ""docs/roadmap/Phase-D-Work-Packages.md"", ""docs/specs/Xuntou-P0-Native-Field-Mapping.md"", ""docs/specs/ETFDirectionSnapshot.md"", ""docs/specs/DailyResearchSnapshot.md"", ""docs/specs/Xuntou-PIT-Field-Mapping-V4.md"", ""docs/specs/ManualTradeRecord.md"", ""docs/specs/PositionSnapshot.md"", ""docs/specs/CandidateRecommendation.md"", ""docs/specs/FailureReasonTaxonomy.md"", ""docs/specs/ThemeDirectionSnapshot.md"", ""docs/specs/Xuntou-PIT-Validation-Bundle-V4.md"", ""docs/specs/ExitAssessment.md"", ""docs/specs/Entry-Path-Target-V1.md"", ""docs/specs/DailyReviewReport.md"", ""docs/specs/CapitalContextSnapshot.md"", ""docs/specs/EntryAssessment.md""]"	[]	244615	4814	24c8de2b5141d4d6a80d3f23eef1b6d084a48ecd	2026-07-09T00:03:11+08:00	Initial market-regime-alpha migration
data/external/formal_source_poc/baostock_20260714/.fetch_baostock_5min_batch_checkpoint.csv	DATA_ASSET	FULL_TEXT_READ		data-asset	[]	[]	[]	[]	[]	[]	983	7	8ef3d208bd72f69ab0f2c512cd9b1d85274b2972	2026-07-14T09:25:26+08:00	data: record baostock formal source poc
data/external/formal_source_poc/baostock_20260714/000001.SZ_5min.csv	DATA_ASSET	FULL_TEXT_READ		data-asset	[]	[]	[]	[]	[]	[]	74527	962	8ef3d208bd72f69ab0f2c512cd9b1d85274b2972	2026-07-14T09:25:26+08:00	data: record baostock formal source poc
data/external/formal_source_poc/baostock_20260714/510300.SH_5min.csv	DATA_ASSET	FULL_TEXT_READ		data-asset	[]	[]	[]	[]	[]	[]	75802	962	8ef3d208bd72f69ab0f2c512cd9b1d85274b2972	2026-07-14T09:25:26+08:00	data: record baostock formal source poc
data/external/formal_source_poc/baostock_20260714/600036.SH_5min.csv	DATA_ASSET	FULL_TEXT_READ		data-asset	[]	[]	[]	[]	[]	[]	74537	962	8ef3d208bd72f69ab0f2c512cd9b1d85274b2972	2026-07-14T09:25:26+08:00	data: record baostock formal source poc
data/external/formal_source_poc/baostock_20260714/600519.SH_5min.csv	DATA_ASSET	FULL_TEXT_READ		data-asset	[]	[]	[]	[]	[]	[]	80332	962	8ef3d208bd72f69ab0f2c512cd9b1d85274b2972	2026-07-14T09:25:26+08:00	data: record baostock formal source poc
data/external/formal_source_poc/baostock_20260714/601398.SH_5min.csv	DATA_ASSET	FULL_TEXT_READ		data-asset	[]	[]	[]	[]	[]	[]	71079	962	8ef3d208bd72f69ab0f2c512cd9b1d85274b2972	2026-07-14T09:25:26+08:00	data: record baostock formal source poc
data/external/watchlists/dividend_t_watchlist.csv	DATA_ASSET	FULL_TEXT_READ		data-asset	[]	[]	[]	[]	"[""docs/Dividend-T-Platform.md"", ""docs/archive/superpowers/plans/2026-07-16-tencent-composite-exploratory-r5.md""]"	[]	1208	22	2c942fee6d66fabaee9ceced974eaa1c1ace2ebc	2026-07-10T13:12:33+08:00	Add Muyuan to dividend trend watchlist
data/external/watchlists/top1000_largecap_watchlist.csv	DATA_ASSET	FULL_TEXT_READ		data-asset	[]	[]	[]	[]	[]	[]	299304	1002	24c8de2b5141d4d6a80d3f23eef1b6d084a48ecd	2026-07-09T00:03:11+08:00	Initial market-regime-alpha migration
data/raw/sample_etf_ohlcv.csv	DATA_ASSET	FULL_TEXT_READ		data-asset	[]	[]	[]	[]	"[""docs/Usage-Manual.md"", ""docs/Data-Spec.md""]"	[]	2306	43	24c8de2b5141d4d6a80d3f23eef1b6d084a48ecd	2026-07-09T00:03:11+08:00	Initial market-regime-alpha migration
docs/Data-Spec.md	DOC	FULL_TEXT_READ	Data Spec	documentation/Data-Spec.md	[]	[]	[]	[]	"[""docs/Usage-Manual.md"", ""docs/audit/Docs-Inventory-and-Migration-Plan.md"", ""docs/archive/legacy/README.md"", ""docs/archive/superpowers/specs/2026-07-13-macd-signal-intent-design.md"", ""docs/archive/superpowers/plans/2026-07-13-macd-signal-intent-implementation.md""]"	[]	10425	188	164d06b8a3244a64da4a4d404b76406109a95764	2026-07-13T22:50:32+08:00	feat: add nonempty MACD rehearsal audits
docs/Dividend-T-Platform.md	DOC	FULL_TEXT_READ	A 股买卖点识别模型	documentation/Dividend-T-Platform.md	[]	[]	[]	[]	"[""docs/Usage-Manual.md"", ""docs/audit/Docs-Inventory-and-Migration-Plan.md"", ""docs/archive/legacy/README.md"", ""docs/archive/superpowers/specs/2026-07-13-macd-signal-intent-design.md"", ""docs/archive/superpowers/plans/2026-07-13-macd-signal-intent-implementation.md""]"	[]	15001	415	1c527dec21979de79da0de9c9e1a1f1be9495c2e	2026-07-09T20:27:27+08:00	Improve buy sell point dashboard
docs/Formal-Data-Source-Capability-Audit.md	DOC	FULL_TEXT_READ	正式数据源能力审计（Task 11A.9）	documentation/Formal-Data-Source-Capability-Audit.md	[]	[]	[]	[]	"[""docs/audit/Docs-Inventory-and-Migration-Plan.md"", ""docs/constitution/04-Data-Constitution.md""]"	[]	5237	70	b95cb4421c9e5cca0b6fec52171ed64da2739fbe	2026-07-14T00:35:52+08:00	docs: audit formal data source capabilities
docs/Formal-Data-Source-PoC-2026-07-14.md	DOC	FULL_TEXT_READ	BaoStock 正式数据源 PoC（2026-07-14）	documentation/Formal-Data-Source-PoC-2026-07-14.md	[]	[]	[]	[]	"[""docs/audit/Docs-Inventory-and-Migration-Plan.md""]"	[]	2445	56	8ef3d208bd72f69ab0f2c512cd9b1d85274b2972	2026-07-14T09:25:26+08:00	data: record baostock formal source poc
docs/Formal-MACD-Dataset-Builder-Plan.md	DOC	FULL_TEXT_READ	正式 MACD 候选数据构建器计划（Task 11A.6）	documentation/Formal-MACD-Dataset-Builder-Plan.md	[]	[]	[]	[]	"[""docs/audit/Docs-Inventory-and-Migration-Plan.md""]"	[]	7102	104	b02e93f9eba2c1bfc7d834f00dcf1e7cb984d18f	2026-07-14T09:25:21+08:00	feat: harden research lifecycle and dataset evidence
docs/MACD-Research-Audit.md	DOC	FULL_TEXT_READ	MACD 买卖点研究审计（Task 11A.3）	documentation/MACD-Research-Audit.md	[]	[]	[]	[]	"[""docs/audit/Docs-Inventory-and-Migration-Plan.md""]"	[]	3801	29	3604d4e22699ffc2e89d0133c1516565df3934c1	2026-07-14T00:24:26+08:00	feat: harden sell-side audit contracts
docs/Project-Structure.md	DOC	FULL_TEXT_READ	Market Regime Alpha 目录与领域边界	documentation/Project-Structure.md	[]	[]	[]	[]	"[""docs/Usage-Manual.md"", ""docs/audit/Docs-Inventory-and-Migration-Plan.md"", ""docs/constitution/08-Roadmap.md""]"	[]	7563	171	1abafd4763a8f281c0c8699745900d3dcf01dba6	2026-07-15T09:42:30+08:00	docs: align project structure with refoundation roadmap
docs/Sell-Side-Model-Spec.md	DOC	FULL_TEXT_READ	卖点模型独立设计规格（Task 11A.5）	documentation/Sell-Side-Model-Spec.md	[]	[]	[]	[]	"[""docs/audit/Docs-Inventory-and-Migration-Plan.md""]"	[]	5828	89	9f46f5ec73d36fd9243b1f5f46e948b1cb7a38ba	2026-07-14T00:29:29+08:00	feat: add research sell lifecycle rehearsal
docs/Tushare-App.md	DOC	FULL_TEXT_READ	Tushare A股行情查询项目	documentation/Tushare-App.md	[]	[]	[]	[]	"[""docs/audit/Docs-Inventory-and-Migration-Plan.md"", ""docs/archive/legacy/README.md""]"	[]	1553	73	24c8de2b5141d4d6a80d3f23eef1b6d084a48ecd	2026-07-09T00:03:11+08:00	Initial market-regime-alpha migration
docs/Usage-Manual.md	DOC	FULL_TEXT_READ	A 股买卖点识别模型使用手册	documentation/Usage-Manual.md	[]	[]	[]	[]	"[""docs/audit/Docs-Inventory-and-Migration-Plan.md"", ""docs/archive/legacy/README.md""]"	[]	9143	242	1c527dec21979de79da0de9c9e1a1f1be9495c2e	2026-07-09T20:27:27+08:00	Improve buy sell point dashboard
docs/architecture/Constitution-Consistency-Audit.md	DOC	FULL_TEXT_READ	Constitution Consistency Audit	documentation/architecture	[]	[]	[]	[]	"[""docs/audit/Docs-Inventory-and-Migration-Plan.md"", ""docs/architecture/R2-Minimal-V2-Kernel.md""]"	[]	11096	300	1a77b9dacd816a172eb1accd2d6f24a424da588c	2026-07-15T09:38:18+08:00	docs: close R0 constitution consistency audit
docs/architecture/Original-Intent-to-Current-Docs-and-Codex-Readiness-Audit.md	DOC	FULL_TEXT_READ	Original Intent to Current Documentation and Codex Readiness Audit	documentation/architecture	[]	[]	[]	[]	"[""docs/audit/Docs-Inventory-and-Migration-Plan.md"", ""docs/research/R5-Current-Status.md""]"	[]	17741	733	8dd519e0decb3560de4808bd5c5e5e7b59477ae7	2026-07-15T23:03:17+08:00	docs: audit original intent and Codex development readiness
docs/architecture/Original-Intent-to-R3-R4-Consistency-Audit.md	DOC	FULL_TEXT_READ	Original Intent to R3/R4 Consistency Audit	documentation/architecture	[]	[]	[]	[]	"[""docs/audit/Docs-Inventory-and-Migration-Plan.md""]"	[]	17485	630	37963d4270fc9bbe95ce5a96b8335fa335e0a621	2026-07-15T13:44:26+08:00	docs: audit original intent against R3 R4 implementation
docs/architecture/Original-Intent-to-R5-Consistency-Audit.md	DOC	FULL_TEXT_READ	Original Intent to R5 Consistency Audit	documentation/architecture	[]	[]	[]	[]	"[""docs/audit/Docs-Inventory-and-Migration-Plan.md"", ""docs/research/R5-Candidate-Dataset-Builder-Status.md"", ""docs/research/R5-Candidate-Discovery-Rehearsal-Charter.md""]"	[]	12041	399	973eb0abbbf6907e9858a248bec02ab31125cb0d	2026-07-15T16:20:25+08:00	docs: audit original intent against current R5 implementation
docs/architecture/Original-Intent-to-R5-Eligibility-Readiness-Audit.md	DOC	FULL_TEXT_READ	Original Intent to R5 Eligibility Readiness Audit	documentation/architecture	[]	[]	[]	[]	"[""docs/audit/Docs-Inventory-and-Migration-Plan.md"", ""docs/research/R5-Provider-Rehearsal-Trading-Eligibility-Policy-v2.md""]"	[]	11074	442	8ff24483340c2a55780abbacb61246eaf9f74b15	2026-07-15T18:26:42+08:00	docs: audit original Candidate pool intent against R5 eligibility readiness
docs/architecture/PRR-MVP-1-Reproducible-Candidate-Backtest.md	DOC	FULL_TEXT_READ	PRR-MVP-1 Reproducible Candidate Backtest	documentation/architecture	[]	[]	[]	[]	"[""docs/audit/Docs-Inventory-and-Migration-Plan.md""]"	[]	2628	54	50082506a549abb7f9859a801e7a88fc2d1ea964	2026-07-18T15:04:52+08:00	feat: add reproducible Candidate replay and morning-pop research
docs/architecture/R1-Legacy-Characterization.md	DOC	FULL_TEXT_READ	R1 — Legacy Characterization Program	documentation/architecture	[]	[]	[]	[]	"[""docs/audit/Docs-Inventory-and-Migration-Plan.md""]"	[]	13757	504	2f879e646b4192731f047677a017c80a73245ee4	2026-07-15T15:29:03+08:00	docs: sync R1 with trend snapshot and Cosco characterizations
docs/architecture/R2-Minimal-V2-Kernel.md	DOC	FULL_TEXT_READ	R2 — Minimal V2 Kernel and Compatibility Boundary	documentation/architecture	[]	[]	[]	[]	"[""docs/audit/Docs-Inventory-and-Migration-Plan.md""]"	[]	9573	357	e62e73670ec3805047304aac6b3fd682b8a5b6de	2026-07-15T09:56:10+08:00	docs: sync R2 status with characterization and adapter tests
docs/architecture/R3-R4-Minimal-Research-Spine.md	DOC	FULL_TEXT_READ	R3 / R4 — Minimal Data → PIT Universe → Feature → Candidate Research Spine	documentation/architecture	[]	[]	[]	[]	"[""docs/audit/Docs-Inventory-and-Migration-Plan.md""]"	[]	13963	662	5c88051789ce0be2773dcbe7082f78550ab0e561	2026-07-15T13:00:09+08:00	docs: record R3 R4 minimal research spine implementation
docs/architecture/legacy-asset-inventory.json	DOC	FULL_TEXT_READ		documentation/architecture	[]	[]	[]	[]	"[""docs/architecture/R1-Legacy-Characterization.md""]"	[]	19251	613	3b946ea59bf6873bf6449b1cf0967cff7880d8ac	2026-07-15T09:44:45+08:00	docs: add R1 legacy asset inventory
docs/constitution/00-Project-Vision.md	DOC	FULL_TEXT_READ	The Constitution of Market Regime Alpha	documentation/constitution	[]	[]	[]	[]	"[""docs/audit/Docs-Inventory-and-Migration-Plan.md"", ""docs/constitution/00-Project-Vision.md""]"	[]	35953	1264	0a8dc5379570cb5ff3104aacd2a61c9ee3d748c3	2026-07-14T22:35:46+08:00	docs: add Project Constitution Volume I - Project Vision
docs/constitution/01-Core-Principles.md	DOC	FULL_TEXT_READ	The Constitution of Market Regime Alpha	documentation/constitution	[]	[]	[]	[]	"[""docs/audit/Docs-Inventory-and-Migration-Plan.md"", ""docs/constitution/01-Core-Principles.md""]"	[]	31411	1401	93fbd5a69a1cee3852335edea7b5bd23942404c0	2026-07-14T22:39:14+08:00	docs: add Project Constitution Volume II - Core Principles
docs/constitution/02-Architecture-Blueprint.md	DOC	FULL_TEXT_READ	The Constitution of Market Regime Alpha	documentation/constitution	[]	[]	[]	[]	"[""docs/audit/Docs-Inventory-and-Migration-Plan.md"", ""docs/constitution/02-Architecture-Blueprint.md""]"	[]	66553	2545	a55cb04bfc7547db34aa50094db560425b679f1b	2026-07-14T22:48:27+08:00	docs: add Project Constitution Volume III - Architecture Blueprint
docs/constitution/03-Research-Framework.md	DOC	FULL_TEXT_READ	The Constitution of Market Regime Alpha	documentation/constitution	[]	[]	[]	[]	"[""docs/audit/Docs-Inventory-and-Migration-Plan.md"", ""docs/constitution/03-Research-Framework.md""]"	[]	66804	2991	0031b55b7c80416876a1f5eca0bb34a43fc8b495	2026-07-14T23:14:56+08:00	docs: add Project Constitution Volume IV - Research Framework
docs/constitution/04-Data-Constitution.md	DOC	FULL_TEXT_READ	The Constitution of Market Regime Alpha	documentation/constitution	[]	[]	[]	[]	"[""docs/audit/Docs-Inventory-and-Migration-Plan.md"", ""docs/constitution/04-Data-Constitution.md""]"	[]	71611	3097	a5f4ddae970cf4d137d5c2c9ee9978f8fcd5b81d	2026-07-14T23:33:44+08:00	docs: add Project Constitution Volume V - Data Constitution
docs/constitution/05-Factor-Constitution.md	DOC	FULL_TEXT_READ	The Constitution of Market Regime Alpha	documentation/constitution	[]	[]	[]	[]	"[""docs/audit/Docs-Inventory-and-Migration-Plan.md"", ""docs/constitution/05-Factor-Constitution.md""]"	[]	64590	2909	4f998a21c7822e493007a0ea57c187f3a3b6f659	2026-07-14T23:51:13+08:00	docs: add Project Constitution Volume VI - Factor Constitution
docs/constitution/06-Strategy-Constitution.md	DOC	FULL_TEXT_READ	The Constitution of Market Regime Alpha	documentation/constitution	[]	[]	[]	[]	"[""docs/audit/Docs-Inventory-and-Migration-Plan.md"", ""docs/constitution/06-Strategy-Constitution.md""]"	[]	54951	2540	4bc5fcdaa4eeae3e4c8c244a83395b5159210806	2026-07-15T00:16:33+08:00	docs: add Project Constitution Volume VII - Strategy Constitution
docs/constitution/07-Validation-Constitution.md	DOC	FULL_TEXT_READ	The Constitution of Market Regime Alpha	documentation/constitution	[]	[]	[]	[]	"[""docs/audit/Docs-Inventory-and-Migration-Plan.md"", ""docs/constitution/07-Validation-Constitution.md""]"	[]	77147	3436	d8a697bdf12eb3219cfa3e5503ac8146a659dad5	2026-07-15T00:29:23+08:00	docs: add Project Constitution Volume VIII - Validation Constitution
docs/constitution/08-Roadmap.md	DOC	FULL_TEXT_READ	The Constitution of Market Regime Alpha	documentation/constitution	[]	[]	[]	[]	"[""docs/audit/Docs-Inventory-and-Migration-Plan.md"", ""docs/constitution/08-Roadmap.md""]"	[]	60777	2561	3c9a51dc98476b8d3c5da6461ee6a85b4d5a482b	2026-07-15T00:41:18+08:00	docs: add Project Constitution Volume IX - Roadmap
docs/constitution/09-Glossary.md	DOC	FULL_TEXT_READ	The Constitution of Market Regime Alpha	documentation/constitution	[]	[]	[]	[]	"[""docs/audit/Docs-Inventory-and-Migration-Plan.md"", ""docs/constitution/09-Glossary.md""]"	[]	85223	4161	0609cc0ca6c8dea39bf355e775870d50500c52e1	2026-07-15T00:59:49+08:00	docs: add Project Constitution Volume X - Glossary
docs/constitution/implementation-status.md	DOC	FULL_TEXT_READ	Constitution Implementation Status	documentation/constitution	[]	[]	[]	[]	"[""docs/audit/Docs-Inventory-and-Migration-Plan.md"", ""docs/archive/Document-Migration-Manifest.md""]"	[]	905	22	191e9c31d338d8d81a78332111059b50b3de2a60	2026-07-19T00:38:16+08:00	feat: implement sealed PIT Candidate replication pipeline (#8)
docs/data/dividend_trends.json	DOC	FULL_TEXT_READ		documentation/data	[]	[]	[]	[]	"[""docs/archive/superpowers/plans/2026-07-16-tencent-composite-exploratory-r5.md""]"	[]	47368	1486	1af8e560e0537dccf624f61bf2b05f2365268035	2026-07-16T16:51:23+08:00	data: refresh dividend trend snapshot from Tencent composite
docs/development/WP-0-Close-B1-Verification.md	DOC	FULL_TEXT_READ	WP-0 — Close B1 Verification	documentation/development	[]	[]	[]	[]	"[""docs/audit/Docs-Inventory-and-Migration-Plan.md""]"	[]	6532	268	6d623b0ef5f696116c2fbef2c2ea6c34caca2267	2026-07-15T23:06:26+08:00	docs: define first Codex B1 verification work package
docs/index.html	DOC	FULL_TEXT_READ		documentation/index.html	[]	[]	[]	[]	[]	[]	35370	1141	bfe9c1589cb91cbc11df3c54c5996bdda4f34d85	2026-07-09T22:34:19+08:00	Add upside probability columns
docs/references/providers/xuntou/README.md	DOC	FULL_TEXT_READ	Xuntou / XtQuant Provider Documentation Reference	documentation/references	[]	[]	[]	[]	"[""docs/audit/Docs-Inventory-and-Migration-Plan.md"", ""docs/archive/superpowers/plans/2026-07-16-wp3-provider-routing-and-candidate-runs.md""]"	[]	8474	122	712ec8568806284a154232ccc71ddf9dedc305c3	2026-07-16T21:31:07+08:00	fix: close WP-3 verification gaps
docs/references/providers/xuntou/source-manifest.json	DOC	FULL_TEXT_READ		documentation/references	[]	[]	[]	[]	"[""docs/archive/superpowers/plans/2026-07-16-wp3-provider-routing-and-candidate-runs.md""]"	[]	2300	56	32655ff79034b0cdec2c35962bbc016b9cccaf61	2026-07-16T20:48:17+08:00	docs: preserve Xuntou provider references
docs/research/Daily-Quant-Selection-and-Manual-Trading-Research-Program.md	DOC	FULL_TEXT_READ	A 股量化选股、买卖点与手动交易研究程序	documentation/research	[]	[]	[]	[]	"[""docs/audit/Docs-Inventory-and-Migration-Plan.md""]"	[]	26001	1453	2a2abf410267fa6f64adeb12d533d0c51bda6bd4	2026-07-20T09:26:43+08:00	docs: define daily quant selection and manual trading research program
docs/research/Entry-Position-Lifecycle-Exit-Research-Program.md	DOC	FULL_TEXT_READ	Entry, Position Lifecycle and Exit Research Program	documentation/research	[]	[]	[]	[]	"[""docs/audit/Docs-Inventory-and-Migration-Plan.md"", ""docs/architecture/Original-Intent-to-Current-Docs-and-Codex-Readiness-Audit.md"", ""docs/research/R5-Current-Status.md"", ""docs/archive/superpowers/specs/2026-07-16-wp4a-entry-path-targets-design.md"", ""docs/archive/superpowers/specs/2026-07-18-wp4a1-entry-path-temporal-price-lineage-hardening-design.md""]"	[]	17198	874	d1fc7643968ed7addf977adcf0e482229878a7f1	2026-07-15T23:01:36+08:00	docs: define entry lifecycle and exit research program
docs/research/MR-1-Overnight-Morning-Pop-Signal-Validation.md	DOC	FULL_TEXT_READ	MR-1 Overnight Morning-Pop Signal Validation	documentation/research	[]	[]	[]	[]	"[""docs/audit/Docs-Inventory-and-Migration-Plan.md"", ""docs/research/R5-Current-Status.md""]"	[]	5627	101	50082506a549abb7f9859a801e7a88fc2d1ea964	2026-07-18T15:04:52+08:00	feat: add reproducible Candidate replay and morning-pop research
docs/research/MR-2-Morning-Pop-Failure-Decomposition.md	DOC	FULL_TEXT_READ	MR-2 Morning-Pop Failure Decomposition	documentation/research	[]	[]	[]	[]	"[""docs/audit/Docs-Inventory-and-Migration-Plan.md"", ""docs/research/R5-Current-Status.md""]"	[]	2472	47	50082506a549abb7f9859a801e7a88fc2d1ea964	2026-07-18T15:04:52+08:00	feat: add reproducible Candidate replay and morning-pop research
docs/research/MR-2A-Leak-Free-Regime-Diagnostic.md	DOC	FULL_TEXT_READ	MR-2A Leak-Free Market Regime Diagnostic	documentation/research	[]	[]	[]	[]	"[""docs/audit/Docs-Inventory-and-Migration-Plan.md"", ""docs/research/R5-Current-Status.md""]"	[]	1193	18	50082506a549abb7f9859a801e7a88fc2d1ea964	2026-07-18T15:04:52+08:00	feat: add reproducible Candidate replay and morning-pop research
docs/research/MR-2B-F2A-Conditionality-Inputs.md	DOC	FULL_TEXT_READ	MR-2B-F2A Exact-Context and Multi-Seed Conditionality Inputs	documentation/research	[]	[]	[]	[]	"[""docs/audit/Docs-Inventory-and-Migration-Plan.md"", ""docs/research/R5-Current-Status.md""]"	[]	4417	95	6645b38b1b5caa64b4325ad8522e9897a7de8c3f	2026-07-18T20:09:49+08:00	feat: close MR-2B directional statistical validation
docs/research/MR-2B-F2B-Statistical-Closure.md	DOC	FULL_TEXT_READ	MR-2B F2B Directional Statistical Closure	documentation/research	[]	[]	[]	[]	"[""docs/audit/Docs-Inventory-and-Migration-Plan.md""]"	[]	3433	86	6645b38b1b5caa64b4325ad8522e9897a7de8c3f	2026-07-18T20:09:49+08:00	feat: close MR-2B directional statistical validation
docs/research/MR-2B-F2B-v2-Post-Merge-Hardening.md	DOC	FULL_TEXT_READ	MR-2B F2B v2 — Post-Merge Statistical and Contract Hardening	documentation/research	[]	[]	[]	[]	"[""docs/audit/Docs-Inventory-and-Migration-Plan.md"", ""docs/research/MR-2B-Final-Assessment.md"", ""docs/research/R5-Current-Status.md""]"	[]	2501	55	9e32673c2d53416e07d355f6d6b101c35e2a97ab	2026-07-18T21:04:51+08:00	fix: harden MR-2B low-coverage and path-diagnostic semantics
docs/research/MR-2B-Final-Assessment.md	DOC	FULL_TEXT_READ	MR-2B Final Exploratory Assessment	documentation/research	[]	[]	[]	[]	"[""docs/audit/Docs-Inventory-and-Migration-Plan.md"", ""docs/research/R5-Current-Status.md""]"	[]	7191	166	b1726393a1ff7747807f1cacfb52f299fecb5911	2026-07-22T22:05:27+08:00	fix: close post-merge research Artifact identity reviews (#9)
docs/research/PIT-Candidate-Replication-Charter.md	DOC	FULL_TEXT_READ	PIT Candidate Replication Charter	documentation/research	[]	[]	[]	[]	"[""docs/audit/Docs-Inventory-and-Migration-Plan.md"", ""docs/research/R5-Current-Status.md""]"	[]	4515	111	96e41a12d86b3b5f7472c2d4e44011736b087b6b	2026-07-22T23:34:40+08:00	fix: harden sealed PIT Candidate replication semantics (#11)
docs/research/PIT-Candidate-Replication-Success-Path-V2.md	DOC	FULL_TEXT_READ	PIT Candidate Replication Success Path V2	documentation/research	[]	[]	[]	[]	"[""docs/audit/Docs-Inventory-and-Migration-Plan.md""]"	[]	3751	74	96e41a12d86b3b5f7472c2d4e44011736b087b6b	2026-07-22T23:34:40+08:00	fix: harden sealed PIT Candidate replication semantics (#11)
docs/research/PIT-Replication-Statistical-Protocol-V2.md	DOC	FULL_TEXT_READ	PIT Replication Statistical Protocol V2	documentation/research	[]	[]	[]	[]	"[""docs/audit/Docs-Inventory-and-Migration-Plan.md""]"	[]	1543	33	96e41a12d86b3b5f7472c2d4e44011736b087b6b	2026-07-22T23:34:40+08:00	fix: harden sealed PIT Candidate replication semantics (#11)
docs/research/PIT-Validation-Partition-Governance.md	DOC	FULL_TEXT_READ	PIT Validation Partition Governance	documentation/research	[]	[]	[]	[]	"[""docs/audit/Docs-Inventory-and-Migration-Plan.md""]"	[]	1666	33	96e41a12d86b3b5f7472c2d4e44011736b087b6b	2026-07-22T23:34:40+08:00	fix: harden sealed PIT Candidate replication semantics (#11)
docs/research/R5-Candidate-Dataset-Builder-Status.md	DOC	FULL_TEXT_READ	R5 Candidate Discovery Rehearsal MVP — Implementation Status	documentation/research	[]	[]	[]	[]	"[""docs/audit/Docs-Inventory-and-Migration-Plan.md"", ""docs/research/R5-Versioned-Trading-Eligibility-Policy.md""]"	[]	17708	708	f446fe9006ef553dcc4f08d8c52e0a5ebf963ae9	2026-07-15T16:41:07+08:00	docs: sync R5 status with historical calendar universe and eligibility artifacts
docs/research/R5-Candidate-Discovery-Rehearsal-Charter.md	DOC	FULL_TEXT_READ	R5 Candidate Discovery Rehearsal Charter	documentation/research	[]	[]	[]	[]	"[""docs/audit/Docs-Inventory-and-Migration-Plan.md"", ""docs/research/R5-Candidate-Dataset-Builder-Status.md""]"	[]	14021	509	ded33a6dcc8a620e47d8bf44fa96efea318a3727	2026-07-15T16:24:49+08:00	docs: require R5 close return MFE MAE opportunity targets
docs/research/R5-Candidate-Model-Research-Program.md	DOC	FULL_TEXT_READ	R5 Candidate Model Research Program	documentation/research	[]	[]	[]	[]	"[""docs/audit/Docs-Inventory-and-Migration-Plan.md"", ""docs/research/R5-Current-Status.md""]"	[]	17580	938	fb29aa38aa5075f44b6eeecf09699121cdf6c26c	2026-07-15T22:21:17+08:00	docs: add evidence-driven Candidate model research program
docs/research/R5-Current-Status.md	DOC	FULL_TEXT_READ	R5 Candidate Discovery — Current Status	documentation/research	[]	[]	[]	[]	"[""docs/audit/Docs-Inventory-and-Migration-Plan.md"", ""docs/archive/Document-Migration-Manifest.md"", ""docs/constitution/implementation-status.md"", ""docs/archive/superpowers/plans/2026-07-16-wp4a-entry-path-targets.md"", ""docs/archive/superpowers/plans/2026-07-16-tencent-composite-exploratory-r5.md"", ""docs/archive/superpowers/plans/2026-07-16-xuntou-p0-native-adapter.md"", ""docs/archive/superpowers/plans/2026-07-18-wp4a2-entry-path-as-of-evidence-correction.md"", ""docs/archive/superpowers/plans/2026-07-16-wp3-candidate-directional-accuracy.md"", ""docs/archive/superpowers/plans/2026-07-18-wp4a1-entry-path-temporal-price-lineage-hardening.md"", ""docs/archive/superpowers/plans/2026-07-16-wp3-provider-routing-and-candidate-runs.md""]"	[]	42821	1096	96e41a12d86b3b5f7472c2d4e44011736b087b6b	2026-07-22T23:34:40+08:00	fix: harden sealed PIT Candidate replication semantics (#11)
docs/research/R5-Data-Source-Role-Matrix.md	DOC	FULL_TEXT_READ	R5 Data Source Role Matrix	documentation/research	[]	[]	[]	[]	"[""docs/audit/Docs-Inventory-and-Migration-Plan.md"", ""docs/research/R5-Current-Status.md""]"	[]	4991	215	3e874641ae98faf816bdb3d24e58fd930019099d	2026-07-15T22:40:03+08:00	docs: define Xuntou primary and public auxiliary data roles
docs/research/R5-Generic-Provider-Export-Adapter.md	DOC	FULL_TEXT_READ	R5 Generic Provider Export Adapter	documentation/research	[]	[]	[]	[]	"[""docs/audit/Docs-Inventory-and-Migration-Plan.md""]"	[]	7310	386	922c8e03333b6eef17c293a46a1221620a939b05	2026-07-15T18:46:14+08:00	docs: define strict generic provider export adapter
docs/research/R5-Provider-Rehearsal-Market-Artifact.md	DOC	FULL_TEXT_READ	R5 Provider-Rehearsal Market Artifact	documentation/research	[]	[]	[]	[]	"[""docs/audit/Docs-Inventory-and-Migration-Plan.md""]"	[]	8111	431	dde311c7adf1b7aa017d7be072c110401303309c	2026-07-15T18:35:39+08:00	docs: define provider-rehearsal market input artifact
docs/research/R5-Provider-Rehearsal-Trading-Eligibility-Policy-v2.md	DOC	FULL_TEXT_READ	R5 Provider-Rehearsal Trading Eligibility Policy v2	documentation/research	[]	[]	[]	[]	"[""docs/audit/Docs-Inventory-and-Migration-Plan.md""]"	[]	10771	561	8930183b21b11b0c8877c4c6da72a82d907ab042	2026-07-15T18:41:46+08:00	docs: correct provider-rehearsal listing-age boundary
docs/research/R5-Versioned-Trading-Eligibility-Policy.md	DOC	FULL_TEXT_READ	R5 Versioned Trading Eligibility Policy and Materializer	documentation/research	[]	[]	[]	[]	"[""docs/audit/Docs-Inventory-and-Migration-Plan.md""]"	[]	14708	697	f2f5eebd532acc59ee6ae1086dee79ac2ff59b6b	2026-07-15T18:08:41+08:00	docs: define R5 versioned Trading Eligibility Policy and materializer
docs/research/R5-WP3-Provider-Routing-Status.md	DOC	FULL_TEXT_READ	R5 WP-3 Provider Routing and Candidate Run Status	documentation/research	[]	[]	[]	[]	"[""docs/audit/Docs-Inventory-and-Migration-Plan.md"", ""docs/research/R5-Xuntou-P0-Adapter-Status.md"", ""docs/research/R5-Current-Status.md"", ""docs/archive/superpowers/plans/2026-07-16-wp3-candidate-directional-accuracy.md"", ""docs/archive/superpowers/plans/2026-07-16-wp3-provider-routing-and-candidate-runs.md""]"	[]	8689	216	722e087c566f0badf3af1c5704690e0df8d5854f	2026-07-16T22:12:34+08:00	docs: record WP-3 directional diagnostic status
docs/research/R5-Xuntou-P0-Adapter-Status.md	DOC	FULL_TEXT_READ	R5 Xuntou P0 Adapter Status	documentation/research	[]	[]	[]	[]	"[""docs/audit/Docs-Inventory-and-Migration-Plan.md"", ""docs/research/R5-Current-Status.md"", ""docs/archive/superpowers/plans/2026-07-16-xuntou-p0-native-adapter.md""]"	[]	8795	173	c4976dfe3564f10f2e1f42f0065caffab8d8a962	2026-07-16T21:28:11+08:00	docs: record WP-3 routing infrastructure
docs/research/R5-Xuntou-P0-Official-Documentation-Evidence.md	DOC	FULL_TEXT_READ	R5 Xuntou P0 Official Documentation Evidence	documentation/research	[]	[]	[]	[]	"[""docs/specs/Xuntou-P0-Native-Field-Mapping.md"", ""docs/audit/Docs-Inventory-and-Migration-Plan.md"", ""docs/research/R5-Xuntou-P0-Adapter-Status.md"", ""docs/research/R5-Current-Status.md"", ""docs/archive/superpowers/plans/2026-07-16-xuntou-p0-native-adapter.md"", ""docs/archive/superpowers/plans/2026-07-16-wp3-provider-routing-and-candidate-runs.md""]"	[]	31052	364	32655ff79034b0cdec2c35962bbc016b9cccaf61	2026-07-16T20:48:17+08:00	docs: preserve Xuntou provider references
docs/research/R5-Xuntou-Provider-and-Strategy-Priority.md	DOC	FULL_TEXT_READ	R5 Xuntou Provider Decision and Strategy-Research Priority	documentation/research	[]	[]	[]	[]	"[""docs/audit/Docs-Inventory-and-Migration-Plan.md"", ""docs/research/R5-Current-Status.md""]"	[]	6566	309	99812ad66bd2cff385877da5aece4de48120272f	2026-07-15T22:19:25+08:00	docs: fix Xuntou as provider and keep strategy research primary
docs/research/Research-Artifact-Identity-V3.md	DOC	FULL_TEXT_READ	Research Artifact Identity V3	documentation/research	[]	[]	[]	[]	"[""docs/audit/Docs-Inventory-and-Migration-Plan.md"", ""docs/research/R5-Current-Status.md""]"	[]	2405	48	b1726393a1ff7747807f1cacfb52f299fecb5911	2026-07-22T22:05:27+08:00	fix: close post-merge research Artifact identity reviews (#9)
docs/research/Xuntou-PIT-Evidence-Qualification.md	DOC	FULL_TEXT_READ	Xuntou PIT Evidence Qualification	documentation/research	[]	[]	[]	[]	"[""docs/audit/Docs-Inventory-and-Migration-Plan.md""]"	[]	1487	28	0d5d4d98bbd75db47304eeb531903f0743e8e9f3	2026-07-22T22:29:31+08:00	fix: derive qualified Xuntou PIT evidence from records (#10)
docs/runbooks/Xuntou-PIT-Validation-Export.md	DOC	FULL_TEXT_READ	Xuntou PIT Validation Export Runbook	documentation/runbooks	[]	[]	[]	[]	"[""docs/audit/Docs-Inventory-and-Migration-Plan.md""]"	[]	1158	19	1988bfc052c9cea5e7204d6fe1616bdcba166fac	2026-07-19T00:08:14+08:00	feat: define qualified Xuntou PIT validation evidence
docs/specs/Entry-Path-Target-V1.md	DOC	FULL_TEXT_READ	Entry Path Target V1	documentation/specs	[]	[]	[]	[]	"[""docs/audit/Docs-Inventory-and-Migration-Plan.md"", ""docs/research/R5-Current-Status.md"", ""docs/archive/superpowers/specs/2026-07-16-wp4a-entry-path-targets-design.md"", ""docs/archive/superpowers/plans/2026-07-16-wp4a-entry-path-targets.md"", ""docs/archive/superpowers/plans/2026-07-18-wp4a2-entry-path-as-of-evidence-correction.md"", ""docs/archive/superpowers/plans/2026-07-18-wp4a1-entry-path-temporal-price-lineage-hardening.md""]"	[]	11081	315	6548405d92164412a7c9a355cf0742b46d33262f	2026-07-18T09:14:37+08:00	docs: record WP-4A.2 completion
docs/specs/Xuntou-P0-Native-Field-Mapping.md	DOC	FULL_TEXT_READ	Xuntou P0 Native Field Mapping	documentation/specs	[]	[]	[]	[]	"[""docs/audit/Docs-Inventory-and-Migration-Plan.md"", ""docs/research/R5-Xuntou-P0-Adapter-Status.md"", ""docs/research/R5-WP3-Provider-Routing-Status.md"", ""docs/research/R5-Current-Status.md"", ""docs/archive/superpowers/plans/2026-07-16-xuntou-p0-native-adapter.md""]"	[]	32958	268	f31280c40b2c36f4fc9ea731dc5fafa356946fbe	2026-07-16T20:13:43+08:00	docs: close Xuntou v3 mapping semantics
docs/specs/Xuntou-PIT-Field-Mapping-V4.md	DOC	FULL_TEXT_READ	Xuntou PIT Field Mapping V4	documentation/specs	[]	[]	[]	[]	"[""docs/audit/Docs-Inventory-and-Migration-Plan.md""]"	[]	2173	27	0d5d4d98bbd75db47304eeb531903f0743e8e9f3	2026-07-22T22:29:31+08:00	fix: derive qualified Xuntou PIT evidence from records (#10)
docs/specs/Xuntou-PIT-Validation-Bundle-V4.md	DOC	FULL_TEXT_READ	Xuntou PIT Validation Bundle V4	documentation/specs	[]	[]	[]	[]	"[""docs/audit/Docs-Inventory-and-Migration-Plan.md""]"	[]	3363	78	0d5d4d98bbd75db47304eeb531903f0743e8e9f3	2026-07-22T22:29:31+08:00	fix: derive qualified Xuntou PIT evidence from records (#10)
docs/superpowers/checkpoints/2026-07-13-macd-task0-baseline.md	DOC	FULL_TEXT_READ	MACD staged implementation — Task 0 baseline	documentation/superpowers	[]	[]	[]	[]	"[""docs/audit/Docs-Inventory-and-Migration-Plan.md""]"	[]	3075	79	85155f1b88808cad801d684ac1bde517a1900633	2026-07-13T16:53:28+08:00	docs: open staged MACD implementation
docs/superpowers/plans/2026-07-13-macd-signal-intent-implementation.md	DOC	FULL_TEXT_READ	Intent-Aware MACD Integration Implementation Plan	documentation/superpowers	[]	[]	[]	[]	"[""docs/audit/Docs-Inventory-and-Migration-Plan.md""]"	[]	139020	3293	b6183b5ced2cd480cb351642d501f14237314c56	2026-07-13T16:05:55+08:00	docs: plan intent-aware MACD implementation
docs/superpowers/plans/2026-07-16-tencent-composite-exploratory-r5.md	DOC	FULL_TEXT_READ	Tencent Composite Exploratory R5 Implementation Plan	documentation/superpowers	[]	[]	[]	[]	"[""docs/audit/Docs-Inventory-and-Migration-Plan.md""]"	[]	57027	1295	982fb465a992402f25b64e246dbb3f52e6b4a075	2026-07-16T15:34:02+08:00	docs: plan Tencent composite exploratory run
docs/superpowers/plans/2026-07-16-wp3-candidate-directional-accuracy.md	DOC	FULL_TEXT_READ	WP-3 Candidate Directional Accuracy Diagnostics Implementation Plan	documentation/superpowers	[]	[]	[]	[]	"[""docs/audit/Docs-Inventory-and-Migration-Plan.md""]"	[]	18845	440	4224d31eaccba7829b576ac7287a3ddcee937d50	2026-07-16T22:04:13+08:00	docs: plan WP-3 Candidate directional diagnostics
docs/superpowers/plans/2026-07-16-wp3-provider-routing-and-candidate-runs.md	DOC	FULL_TEXT_READ	WP-3 Provider Routing and Candidate Runs Implementation Plan	documentation/superpowers	[]	[]	[]	[]	"[""docs/audit/Docs-Inventory-and-Migration-Plan.md""]"	[]	27769	833	9e7332253dfd981fc2d1df8c5d1b22e37fe5bbea	2026-07-16T20:46:17+08:00	docs: plan WP-3 provider routing
docs/superpowers/plans/2026-07-16-wp4a-entry-path-targets.md	DOC	FULL_TEXT_READ	WP-4A Entry Path Target Contracts and Materialization Implementation Plan	documentation/superpowers	[]	[]	[]	[]	"[""docs/audit/Docs-Inventory-and-Migration-Plan.md""]"	[]	21196	507	8f43dabc390373993ca56b2642b0e9936f318be0	2026-07-16T22:47:01+08:00	docs: plan WP-4A Entry path targets
docs/superpowers/plans/2026-07-16-xuntou-p0-native-adapter.md	DOC	FULL_TEXT_READ	Xuntou P0 Native Adapter Implementation Plan	documentation/superpowers	[]	[]	[]	[]	"[""docs/audit/Docs-Inventory-and-Migration-Plan.md""]"	[]	5203	85	f31280c40b2c36f4fc9ea731dc5fafa356946fbe	2026-07-16T20:13:43+08:00	docs: close Xuntou v3 mapping semantics
docs/superpowers/plans/2026-07-18-wp4a1-entry-path-temporal-price-lineage-hardening.md	DOC	FULL_TEXT_READ	WP-4A.1 Entry Path Temporal and Price-Lineage Hardening Implementation Plan	documentation/superpowers	[]	[]	[]	[]	"[""docs/audit/Docs-Inventory-and-Migration-Plan.md""]"	[]	18266	392	9fb40321eea700819661b514e9af214f96d48bc1	2026-07-18T00:33:10+08:00	docs: plan WP-4A.1 evidence hardening
docs/superpowers/plans/2026-07-18-wp4a2-entry-path-as-of-evidence-correction.md	DOC	FULL_TEXT_READ	WP-4A.2 Entry Path As-Of Evidence Correction Implementation Plan	documentation/superpowers	[]	[]	[]	[]	"[""docs/audit/Docs-Inventory-and-Migration-Plan.md""]"	[]	9340	219	5ca5576f5ca5e3c12453549db3ce3983b5ed1fd8	2026-07-18T01:32:44+08:00	docs: plan WP-4A.2 as-of correction
docs/superpowers/specs/2026-07-13-macd-signal-intent-design.md	DOC	FULL_TEXT_READ	MACD SignalIntent Integration Design	documentation/superpowers	[]	[]	[]	[]	"[""docs/audit/Docs-Inventory-and-Migration-Plan.md""]"	[]	64498	1525	85155f1b88808cad801d684ac1bde517a1900633	2026-07-13T16:53:28+08:00	docs: open staged MACD implementation
docs/superpowers/specs/2026-07-16-tencent-composite-exploratory-r5-design.md	DOC	FULL_TEXT_READ	Tencent Composite Exploratory R5 Design	documentation/superpowers	[]	[]	[]	[]	"[""docs/audit/Docs-Inventory-and-Migration-Plan.md""]"	[]	12047	297	a5e99394d60607cd9f5fd4abf17f84d89c577670	2026-07-16T13:36:54+08:00	docs: design Tencent composite exploratory run
docs/superpowers/specs/2026-07-16-wp3-candidate-directional-accuracy-design.md	DOC	FULL_TEXT_READ	WP-3 Candidate Directional Accuracy Diagnostics Design	documentation/superpowers	[]	[]	[]	[]	"[""docs/audit/Docs-Inventory-and-Migration-Plan.md""]"	[]	11888	293	f8af778ce02816a32f270374a4de339f0e6f4654	2026-07-16T21:58:16+08:00	docs: design WP-3 Candidate directional diagnostics
docs/superpowers/specs/2026-07-16-wp3-provider-routing-and-candidate-runs-design.md	DOC	FULL_TEXT_READ	WP-3 Provider Routing and Candidate Runs Design	documentation/superpowers	[]	[]	[]	[]	"[""docs/audit/Docs-Inventory-and-Migration-Plan.md""]"	[]	15644	440	28982b154c83afc5ce8f01e3866f8401216fa8a7	2026-07-16T20:38:42+08:00	docs: design WP-3 provider routing
docs/superpowers/specs/2026-07-16-wp4a-entry-path-targets-design.md	DOC	FULL_TEXT_READ	WP-4A Entry Path Target Contracts and Materialization Design	documentation/superpowers	[]	[]	[]	[]	"[""docs/audit/Docs-Inventory-and-Migration-Plan.md""]"	[]	13921	418	cf5d29b1eb13991ff4b82e5c19e251491d7c828c	2026-07-16T23:13:30+08:00	docs: record WP-4A Entry path target status
docs/superpowers/specs/2026-07-18-wp4a1-entry-path-temporal-price-lineage-hardening-design.md	DOC	FULL_TEXT_READ	WP-4A.1 Entry Path Temporal and Price-Lineage Hardening Design	documentation/superpowers	[]	[]	[]	[]	"[""docs/audit/Docs-Inventory-and-Migration-Plan.md""]"	[]	9831	219	42bf645100f31f1797728965210cd3fb904d9719	2026-07-18T00:45:04+08:00	fix: defer unavailable Entry completeness evidence
docs/superpowers/specs/2026-07-18-wp4a2-entry-path-as-of-evidence-correction-design.md	DOC	FULL_TEXT_READ	WP-4A.2 Entry Path As-Of Evidence Correction Design	documentation/superpowers	[]	[]	[]	[]	"[""docs/audit/Docs-Inventory-and-Migration-Plan.md""]"	[]	5832	78	6c41b395b801469dede91fef4fbef20634a938dd	2026-07-18T01:27:56+08:00	docs: design WP-4A.2 as-of correction
docs/theory/退神股票涨跌理论.md	DOC	FULL_TEXT_READ	退神股票涨跌理论	documentation/theory	[]	[]	[]	[]	"[""docs/Usage-Manual.md"", ""docs/退神股票涨跌理论-量化实现差距分析.md"", ""docs/audit/Docs-Inventory-and-Migration-Plan.md""]"	[]	18385	269	24c8de2b5141d4d6a80d3f23eef1b6d084a48ecd	2026-07-09T00:03:11+08:00	Initial market-regime-alpha migration
docs/退神股票涨跌理论-量化实现差距分析.md	DOC	FULL_TEXT_READ	退神股票涨跌理论与当前量化实现差距分析	documentation/退神股票涨跌理论-量化实现差距分析.md	[]	[]	[]	[]	"[""docs/audit/Docs-Inventory-and-Migration-Plan.md""]"	[]	9844	366	24c8de2b5141d4d6a80d3f23eef1b6d084a48ecd	2026-07-09T00:03:11+08:00	Initial market-regime-alpha migration
pyproject.toml	ROOT_CONFIG	FULL_TEXT_READ		repository	[]	[]	[]	[]	"[""docs/Project-Structure.md"", ""docs/development/WP-0-Close-B1-Verification.md"", ""docs/constitution/08-Roadmap.md"", ""docs/archive/superpowers/plans/2026-07-16-wp4a-entry-path-targets.md"", ""docs/archive/superpowers/plans/2026-07-16-tencent-composite-exploratory-r5.md""]"	[]	9393	192	0d5d4d98bbd75db47304eeb531903f0743e8e9f3	2026-07-22T22:29:31+08:00	fix: derive qualified Xuntou PIT evidence from records (#10)
reports/backtests/Backtest-Report-Template.md	ROOT_CONFIG	FULL_TEXT_READ	Backtest Report	repository	[]	[]	[]	[]	"[""docs/Usage-Manual.md""]"	[]	238	34	24c8de2b5141d4d6a80d3f23eef1b6d084a48ecd	2026-07-09T00:03:11+08:00	Initial market-regime-alpha migration
requirements.txt	ROOT_CONFIG	FULL_TEXT_READ		repository	[]	[]	[]	[]	"[""docs/Tushare-App.md"", ""docs/Usage-Manual.md"", ""docs/Project-Structure.md"", ""docs/Dividend-T-Platform.md"", ""docs/archive/superpowers/plans/2026-07-16-wp3-provider-routing-and-candidate-runs.md"", ""docs/references/providers/xuntou/README.md""]"	[]	184	13	24c8de2b5141d4d6a80d3f23eef1b6d084a48ecd	2026-07-09T00:03:11+08:00	Initial market-regime-alpha migration
scripts/analyze_capture_bias_stability.py	SCRIPT	FULL_TEXT_READ	Compare TopN walk-forward stability across capture-bias experiments.	operations/script	"[""main"", ""_parse_experiment_spec"", ""_load_experiment"", ""_stability_row"", ""_compound_return"", ""_leave_one_window_out_min"", ""_format_report"", ""_markdown_table""]"	[]	"[""argparse"", ""pandas"", ""__future__"", ""pathlib""]"	[]	"[""docs/MACD-Research-Audit.md"", ""docs/Tushare-App.md"", ""docs/Sell-Side-Model-Spec.md"", ""docs/Usage-Manual.md"", ""docs/Formal-Data-Source-PoC-2026-07-14.md"", ""docs/Project-Structure.md"", ""docs/Data-Spec.md"", ""docs/Dividend-T-Platform.md"", ""docs/Formal-Data-Source-Capability-Audit.md"", ""docs/Formal-MACD-Dataset-Builder-Plan.md"", ""docs/README.md"", ""docs/退神股票涨跌理论-量化实现差距分析.md"", ""docs/theory/退神股票涨跌理论.md"", ""docs/development/WP-0-Close-B1-Verification.md"", ""docs/roadmap/Phase-D-Work-Packages.md"", ""docs/specs/Xuntou-P0-Native-Field-Mapping.md"", ""docs/specs/ETFDirectionSnapshot.md"", ""docs/specs/DailyResearchSnapshot.md"", ""docs/specs/Xuntou-PIT-Field-Mapping-V4.md"", ""docs/specs/ManualTradeRecord.md"", ""docs/specs/PositionSnapshot.md"", ""docs/specs/CandidateRecommendation.md"", ""docs/specs/FailureReasonTaxonomy.md"", ""docs/specs/ThemeDirectionSnapshot.md"", ""docs/specs/Xuntou-PIT-Validation-Bundle-V4.md"", ""docs/specs/ExitAssessment.md"", ""docs/specs/Entry-Path-Target-V1.md"", ""docs/specs/DailyReviewReport.md"", ""docs/specs/CapitalContextSnapshot.md"", ""docs/specs/EntryAssessment.md""]"	[]	8142	185	24c8de2b5141d4d6a80d3f23eef1b6d084a48ecd	2026-07-09T00:03:11+08:00	Initial market-regime-alpha migration
scripts/build_5min_bar_store.py	SCRIPT	FULL_TEXT_READ	Build fast 5-minute bar stores from per-symbol CSV files.	operations/script	"[""main"", ""_parse_symbols""]"	[]	"[""argparse"", ""sys"", ""__future__"", ""pathlib"", ""market_regime_alpha.dividend_t.bar_store""]"	[]	"[""docs/MACD-Research-Audit.md"", ""docs/Tushare-App.md"", ""docs/Sell-Side-Model-Spec.md"", ""docs/Usage-Manual.md"", ""docs/Formal-Data-Source-PoC-2026-07-14.md"", ""docs/Project-Structure.md"", ""docs/Data-Spec.md"", ""docs/Dividend-T-Platform.md"", ""docs/Formal-Data-Source-Capability-Audit.md"", ""docs/Formal-MACD-Dataset-Builder-Plan.md"", ""docs/README.md"", ""docs/退神股票涨跌理论-量化实现差距分析.md"", ""docs/theory/退神股票涨跌理论.md"", ""docs/development/WP-0-Close-B1-Verification.md"", ""docs/roadmap/Phase-D-Work-Packages.md"", ""docs/specs/Xuntou-P0-Native-Field-Mapping.md"", ""docs/specs/ETFDirectionSnapshot.md"", ""docs/specs/DailyResearchSnapshot.md"", ""docs/specs/Xuntou-PIT-Field-Mapping-V4.md"", ""docs/specs/ManualTradeRecord.md"", ""docs/specs/PositionSnapshot.md"", ""docs/specs/CandidateRecommendation.md"", ""docs/specs/FailureReasonTaxonomy.md"", ""docs/specs/ThemeDirectionSnapshot.md"", ""docs/specs/Xuntou-PIT-Validation-Bundle-V4.md"", ""docs/specs/ExitAssessment.md"", ""docs/specs/Entry-Path-Target-V1.md"", ""docs/specs/DailyReviewReport.md"", ""docs/specs/CapitalContextSnapshot.md"", ""docs/specs/EntryAssessment.md""]"	[]	3629	87	24c8de2b5141d4d6a80d3f23eef1b6d084a48ecd	2026-07-09T00:03:11+08:00	Initial market-regime-alpha migration
scripts/build_top1000_largecap_universe.py	SCRIPT	FULL_TEXT_READ	Build a top large-cap A-share watchlist from Tushare snapshots.	operations/script	"[""main"", ""load_baostock_stock_basic"", ""load_tencent_quote_snapshot"", ""_read_tencent_quote_batch"", ""_parse_tencent_quote_text"", ""_optional_float"", ""_baostock_code_to_ts_code"", ""_to_tencent_code"", ""_tencent_key_to_ts_code""]"	[]	"[""argparse"", ""sys"", ""time"", ""__future__"", ""pathlib"", ""contextlib"", ""io"", ""urllib.parse"", ""urllib.request"", ""market_regime_alpha.data_sources.tushare_client"", ""market_regime_alpha.dividend_t.universe""]"	[]	"[""docs/MACD-Research-Audit.md"", ""docs/Tushare-App.md"", ""docs/Sell-Side-Model-Spec.md"", ""docs/Usage-Manual.md"", ""docs/Formal-Data-Source-PoC-2026-07-14.md"", ""docs/Project-Structure.md"", ""docs/Data-Spec.md"", ""docs/Dividend-T-Platform.md"", ""docs/Formal-Data-Source-Capability-Audit.md"", ""docs/Formal-MACD-Dataset-Builder-Plan.md"", ""docs/README.md"", ""docs/退神股票涨跌理论-量化实现差距分析.md"", ""docs/theory/退神股票涨跌理论.md"", ""docs/development/WP-0-Close-B1-Verification.md"", ""docs/roadmap/Phase-D-Work-Packages.md"", ""docs/specs/Xuntou-P0-Native-Field-Mapping.md"", ""docs/specs/ETFDirectionSnapshot.md"", ""docs/specs/DailyResearchSnapshot.md"", ""docs/specs/Xuntou-PIT-Field-Mapping-V4.md"", ""docs/specs/ManualTradeRecord.md"", ""docs/specs/PositionSnapshot.md"", ""docs/specs/CandidateRecommendation.md"", ""docs/specs/FailureReasonTaxonomy.md"", ""docs/specs/ThemeDirectionSnapshot.md"", ""docs/specs/Xuntou-PIT-Validation-Bundle-V4.md"", ""docs/specs/ExitAssessment.md"", ""docs/specs/Entry-Path-Target-V1.md"", ""docs/specs/DailyReviewReport.md"", ""docs/specs/CapitalContextSnapshot.md"", ""docs/specs/EntryAssessment.md""]"	[]	9269	230	24c8de2b5141d4d6a80d3f23eef1b6d084a48ecd	2026-07-09T00:03:11+08:00	Initial market-regime-alpha migration
scripts/cache_tencent_minute_bars.py	SCRIPT	FULL_TEXT_READ	Cache Tencent 1-minute A-share intraday data into DuckDB.	operations/script	"[""main""]"	[]	"[""argparse"", ""sys"", ""__future__"", ""datetime"", ""pathlib"", ""market_regime_alpha.data_sources.tencent_minute_cache""]"	[]	"[""docs/MACD-Research-Audit.md"", ""docs/Tushare-App.md"", ""docs/Sell-Side-Model-Spec.md"", ""docs/Usage-Manual.md"", ""docs/Formal-Data-Source-PoC-2026-07-14.md"", ""docs/Project-Structure.md"", ""docs/Data-Spec.md"", ""docs/Dividend-T-Platform.md"", ""docs/Formal-Data-Source-Capability-Audit.md"", ""docs/Formal-MACD-Dataset-Builder-Plan.md"", ""docs/README.md"", ""docs/退神股票涨跌理论-量化实现差距分析.md"", ""docs/theory/退神股票涨跌理论.md"", ""docs/development/WP-0-Close-B1-Verification.md"", ""docs/roadmap/Phase-D-Work-Packages.md"", ""docs/specs/Xuntou-P0-Native-Field-Mapping.md"", ""docs/specs/ETFDirectionSnapshot.md"", ""docs/specs/DailyResearchSnapshot.md"", ""docs/specs/Xuntou-PIT-Field-Mapping-V4.md"", ""docs/specs/ManualTradeRecord.md"", ""docs/specs/PositionSnapshot.md"", ""docs/specs/CandidateRecommendation.md"", ""docs/specs/FailureReasonTaxonomy.md"", ""docs/specs/ThemeDirectionSnapshot.md"", ""docs/specs/Xuntou-PIT-Validation-Bundle-V4.md"", ""docs/specs/ExitAssessment.md"", ""docs/specs/Entry-Path-Target-V1.md"", ""docs/specs/DailyReviewReport.md"", ""docs/specs/CapitalContextSnapshot.md"", ""docs/specs/EntryAssessment.md""]"	[]	3109	82	24c8de2b5141d4d6a80d3f23eef1b6d084a48ecd	2026-07-09T00:03:11+08:00	Initial market-regime-alpha migration
scripts/cosco_feishu_scheduler.py	SCRIPT	FULL_TEXT_READ		operations/script	"[""main"", ""send_report""]"	[]	"[""subprocess"", ""sys"", ""__future__"", ""datetime"", ""pathlib""]"	[]	"[""docs/MACD-Research-Audit.md"", ""docs/Tushare-App.md"", ""docs/Sell-Side-Model-Spec.md"", ""docs/Usage-Manual.md"", ""docs/Formal-Data-Source-PoC-2026-07-14.md"", ""docs/Project-Structure.md"", ""docs/Data-Spec.md"", ""docs/Dividend-T-Platform.md"", ""docs/Formal-Data-Source-Capability-Audit.md"", ""docs/Formal-MACD-Dataset-Builder-Plan.md"", ""docs/README.md"", ""docs/退神股票涨跌理论-量化实现差距分析.md"", ""docs/theory/退神股票涨跌理论.md"", ""docs/development/WP-0-Close-B1-Verification.md"", ""docs/roadmap/Phase-D-Work-Packages.md"", ""docs/specs/Xuntou-P0-Native-Field-Mapping.md"", ""docs/specs/ETFDirectionSnapshot.md"", ""docs/specs/DailyResearchSnapshot.md"", ""docs/specs/Xuntou-PIT-Field-Mapping-V4.md"", ""docs/specs/ManualTradeRecord.md"", ""docs/specs/PositionSnapshot.md"", ""docs/specs/CandidateRecommendation.md"", ""docs/specs/FailureReasonTaxonomy.md"", ""docs/specs/ThemeDirectionSnapshot.md"", ""docs/specs/Xuntou-PIT-Validation-Bundle-V4.md"", ""docs/specs/ExitAssessment.md"", ""docs/specs/Entry-Path-Target-V1.md"", ""docs/specs/DailyReviewReport.md"", ""docs/specs/CapitalContextSnapshot.md"", ""docs/specs/EntryAssessment.md""]"	[]	2546	91	24c8de2b5141d4d6a80d3f23eef1b6d084a48ecd	2026-07-09T00:03:11+08:00	Initial market-regime-alpha migration
scripts/cosco_timing_report.py	SCRIPT	FULL_TEXT_READ		operations/script	"[""main"", ""format_report"", ""_load_position"", ""_format_position"", ""_format_action"", ""_format_attempts"", ""_format_runtime_profile""]"	[]	"[""argparse"", ""json"", ""__future__"", ""datetime"", ""pathlib"", ""typing"", ""market_regime_alpha.dividend_t.cosco_timing"", ""market_regime_alpha.notifications""]"	[]	"[""docs/MACD-Research-Audit.md"", ""docs/Tushare-App.md"", ""docs/Sell-Side-Model-Spec.md"", ""docs/Usage-Manual.md"", ""docs/Formal-Data-Source-PoC-2026-07-14.md"", ""docs/Project-Structure.md"", ""docs/Data-Spec.md"", ""docs/Dividend-T-Platform.md"", ""docs/Formal-Data-Source-Capability-Audit.md"", ""docs/Formal-MACD-Dataset-Builder-Plan.md"", ""docs/README.md"", ""docs/退神股票涨跌理论-量化实现差距分析.md"", ""docs/theory/退神股票涨跌理论.md"", ""docs/development/WP-0-Close-B1-Verification.md"", ""docs/roadmap/Phase-D-Work-Packages.md"", ""docs/specs/Xuntou-P0-Native-Field-Mapping.md"", ""docs/specs/ETFDirectionSnapshot.md"", ""docs/specs/DailyResearchSnapshot.md"", ""docs/specs/Xuntou-PIT-Field-Mapping-V4.md"", ""docs/specs/ManualTradeRecord.md"", ""docs/specs/PositionSnapshot.md"", ""docs/specs/CandidateRecommendation.md"", ""docs/specs/FailureReasonTaxonomy.md"", ""docs/specs/ThemeDirectionSnapshot.md"", ""docs/specs/Xuntou-PIT-Validation-Bundle-V4.md"", ""docs/specs/ExitAssessment.md"", ""docs/specs/Entry-Path-Target-V1.md"", ""docs/specs/DailyReviewReport.md"", ""docs/specs/CapitalContextSnapshot.md"", ""docs/specs/EntryAssessment.md""]"	[]	7582	178	1c527dec21979de79da0de9c9e1a1f1be9495c2e	2026-07-09T20:27:27+08:00	Improve buy sell point dashboard
scripts/dividend_trend_scheduler.py	SCRIPT	FULL_TEXT_READ	Local scheduler for dividend-watchlist data refresh, trend scan, and GitHub Pages publishing.	operations/script	"[""main"", ""DividendTrendScheduler"", ""_now_text""]"	[]	"[""argparse"", ""sys"", ""__future__"", ""datetime"", ""pathlib"", ""market_regime_alpha.data_sources.tencent_minute_cache"", ""market_regime_alpha.dividend_t.git_publish"", ""market_regime_alpha.dividend_t.storage"", ""market_regime_alpha.dividend_t.trend_snapshot""]"	[]	"[""docs/MACD-Research-Audit.md"", ""docs/Tushare-App.md"", ""docs/Sell-Side-Model-Spec.md"", ""docs/Usage-Manual.md"", ""docs/Formal-Data-Source-PoC-2026-07-14.md"", ""docs/Project-Structure.md"", ""docs/Data-Spec.md"", ""docs/Dividend-T-Platform.md"", ""docs/Formal-Data-Source-Capability-Audit.md"", ""docs/Formal-MACD-Dataset-Builder-Plan.md"", ""docs/README.md"", ""docs/退神股票涨跌理论-量化实现差距分析.md"", ""docs/theory/退神股票涨跌理论.md"", ""docs/development/WP-0-Close-B1-Verification.md"", ""docs/roadmap/Phase-D-Work-Packages.md"", ""docs/specs/Xuntou-P0-Native-Field-Mapping.md"", ""docs/specs/ETFDirectionSnapshot.md"", ""docs/specs/DailyResearchSnapshot.md"", ""docs/specs/Xuntou-PIT-Field-Mapping-V4.md"", ""docs/specs/ManualTradeRecord.md"", ""docs/specs/PositionSnapshot.md"", ""docs/specs/CandidateRecommendation.md"", ""docs/specs/FailureReasonTaxonomy.md"", ""docs/specs/ThemeDirectionSnapshot.md"", ""docs/specs/Xuntou-PIT-Validation-Bundle-V4.md"", ""docs/specs/ExitAssessment.md"", ""docs/specs/Entry-Path-Target-V1.md"", ""docs/specs/DailyReviewReport.md"", ""docs/specs/CapitalContextSnapshot.md"", ""docs/specs/EntryAssessment.md""]"	[]	7905	203	1c527dec21979de79da0de9c9e1a1f1be9495c2e	2026-07-09T20:27:27+08:00	Improve buy sell point dashboard
scripts/fetch_baostock_5min_batch.py	SCRIPT	FULL_TEXT_READ	Fetch A-share 5-minute bars from BaoStock with resumable batch semantics.	operations/script	"[""BaoStockTimeoutError"", ""FetchOutcome"", ""main"", ""_fetch_symbol"", ""_query_symbol"", ""_date_chunks"", ""_should_skip_existing_output"", ""_should_skip_existing_frame"", ""_read_existing_bars"", ""_existing_skip_outcome"", ""_latest_timestamp"", ""_incremental_fetch_start_date"", ""_merge_incremental_bars"", ""_load_checkpoint"", ""_checkpoint_can_skip"", ""_append_checkpoint"", ""_append_failure"", ""_initialize_csv"", ""_append_csv_row"", ""_safe_logout"", ""_silent_call"", ""_call_with_timeout"", ""_timeout_guard""]"	[]	"[""argparse"", ""csv"", ""signal"", ""socket"", ""sys"", ""threading"", ""time"", ""pandas"", ""__future__"", ""contextlib"", ""dataclasses"", ""datetime"", ""io"", ""pathlib"", ""typing"", ""market_regime_alpha.data_sources.a_share_bars"", ""market_regime_alpha.dividend_t.storage""]"	[]	"[""docs/MACD-Research-Audit.md"", ""docs/Tushare-App.md"", ""docs/Sell-Side-Model-Spec.md"", ""docs/Usage-Manual.md"", ""docs/Formal-Data-Source-PoC-2026-07-14.md"", ""docs/Project-Structure.md"", ""docs/Data-Spec.md"", ""docs/Dividend-T-Platform.md"", ""docs/Formal-Data-Source-Capability-Audit.md"", ""docs/Formal-MACD-Dataset-Builder-Plan.md"", ""docs/README.md"", ""docs/退神股票涨跌理论-量化实现差距分析.md"", ""docs/theory/退神股票涨跌理论.md"", ""docs/development/WP-0-Close-B1-Verification.md"", ""docs/roadmap/Phase-D-Work-Packages.md"", ""docs/specs/Xuntou-P0-Native-Field-Mapping.md"", ""docs/specs/ETFDirectionSnapshot.md"", ""docs/specs/DailyResearchSnapshot.md"", ""docs/specs/Xuntou-PIT-Field-Mapping-V4.md"", ""docs/specs/ManualTradeRecord.md"", ""docs/specs/PositionSnapshot.md"", ""docs/specs/CandidateRecommendation.md"", ""docs/specs/FailureReasonTaxonomy.md"", ""docs/specs/ThemeDirectionSnapshot.md"", ""docs/specs/Xuntou-PIT-Validation-Bundle-V4.md"", ""docs/specs/ExitAssessment.md"", ""docs/specs/Entry-Path-Target-V1.md"", ""docs/specs/DailyReviewReport.md"", ""docs/specs/CapitalContextSnapshot.md"", ""docs/specs/EntryAssessment.md""]"	[]	20612	534	24c8de2b5141d4d6a80d3f23eef1b6d084a48ecd	2026-07-09T00:03:11+08:00	Initial market-regime-alpha migration
scripts/fetch_dividend_5min_csv.py	SCRIPT	FULL_TEXT_READ	Fetch normalized 5-minute A-share CSV files for dividend T backtests.	operations/script	"[""main"", ""_fetch_one_isolated"", ""_fetch_one_child"", ""_fetch_one"", ""_should_skip_existing_output"", ""_SymbolTimeout"", ""_symbol_timeout""]"	[]	"[""argparse"", ""signal"", ""sys"", ""time"", ""__future__"", ""concurrent.futures"", ""datetime"", ""multiprocessing"", ""pathlib"", ""queue"", ""typing"", ""market_regime_alpha.data_sources.a_share_bars"", ""market_regime_alpha.dividend_t.storage""]"	[]	"[""docs/MACD-Research-Audit.md"", ""docs/Tushare-App.md"", ""docs/Sell-Side-Model-Spec.md"", ""docs/Usage-Manual.md"", ""docs/Formal-Data-Source-PoC-2026-07-14.md"", ""docs/Project-Structure.md"", ""docs/Data-Spec.md"", ""docs/Dividend-T-Platform.md"", ""docs/Formal-Data-Source-Capability-Audit.md"", ""docs/Formal-MACD-Dataset-Builder-Plan.md"", ""docs/README.md"", ""docs/退神股票涨跌理论-量化实现差距分析.md"", ""docs/theory/退神股票涨跌理论.md"", ""docs/development/WP-0-Close-B1-Verification.md"", ""docs/roadmap/Phase-D-Work-Packages.md"", ""docs/specs/Xuntou-P0-Native-Field-Mapping.md"", ""docs/specs/ETFDirectionSnapshot.md"", ""docs/specs/DailyResearchSnapshot.md"", ""docs/specs/Xuntou-PIT-Field-Mapping-V4.md"", ""docs/specs/ManualTradeRecord.md"", ""docs/specs/PositionSnapshot.md"", ""docs/specs/CandidateRecommendation.md"", ""docs/specs/FailureReasonTaxonomy.md"", ""docs/specs/ThemeDirectionSnapshot.md"", ""docs/specs/Xuntou-PIT-Validation-Bundle-V4.md"", ""docs/specs/ExitAssessment.md"", ""docs/specs/Entry-Path-Target-V1.md"", ""docs/specs/DailyReviewReport.md"", ""docs/specs/CapitalContextSnapshot.md"", ""docs/specs/EntryAssessment.md""]"	[]	10219	243	24c8de2b5141d4d6a80d3f23eef1b6d084a48ecd	2026-07-09T00:03:11+08:00	Initial market-regime-alpha migration
scripts/fetch_tushare_bars.py	SCRIPT	FULL_TEXT_READ	Fetch Tushare A-share bars and save normalized CSV.	operations/script	"[""main"", ""_default_output"", ""_clean_part""]"	[]	"[""argparse"", ""sys"", ""__future__"", ""pathlib"", ""market_regime_alpha.data_sources.tushare_client""]"	[]	"[""docs/MACD-Research-Audit.md"", ""docs/Tushare-App.md"", ""docs/Sell-Side-Model-Spec.md"", ""docs/Usage-Manual.md"", ""docs/Formal-Data-Source-PoC-2026-07-14.md"", ""docs/Project-Structure.md"", ""docs/Data-Spec.md"", ""docs/Dividend-T-Platform.md"", ""docs/Formal-Data-Source-Capability-Audit.md"", ""docs/Formal-MACD-Dataset-Builder-Plan.md"", ""docs/README.md"", ""docs/退神股票涨跌理论-量化实现差距分析.md"", ""docs/theory/退神股票涨跌理论.md"", ""docs/development/WP-0-Close-B1-Verification.md"", ""docs/roadmap/Phase-D-Work-Packages.md"", ""docs/specs/Xuntou-P0-Native-Field-Mapping.md"", ""docs/specs/ETFDirectionSnapshot.md"", ""docs/specs/DailyResearchSnapshot.md"", ""docs/specs/Xuntou-PIT-Field-Mapping-V4.md"", ""docs/specs/ManualTradeRecord.md"", ""docs/specs/PositionSnapshot.md"", ""docs/specs/CandidateRecommendation.md"", ""docs/specs/FailureReasonTaxonomy.md"", ""docs/specs/ThemeDirectionSnapshot.md"", ""docs/specs/Xuntou-PIT-Validation-Bundle-V4.md"", ""docs/specs/ExitAssessment.md"", ""docs/specs/Entry-Path-Target-V1.md"", ""docs/specs/DailyReviewReport.md"", ""docs/specs/CapitalContextSnapshot.md"", ""docs/specs/EntryAssessment.md""]"	[]	2456	69	24c8de2b5141d4d6a80d3f23eef1b6d084a48ecd	2026-07-09T00:03:11+08:00	Initial market-regime-alpha migration
scripts/fetch_yfinance_5min.py	SCRIPT	FULL_TEXT_READ	Fetch one symbol's recent 5-minute bars from yfinance and write CSV.	operations/script	"[""main""]"	[]	"[""argparse"", ""sys"", ""__future__"", ""pathlib"", ""market_regime_alpha.data_sources.a_share_bars""]"	[]	"[""docs/MACD-Research-Audit.md"", ""docs/Tushare-App.md"", ""docs/Sell-Side-Model-Spec.md"", ""docs/Usage-Manual.md"", ""docs/Formal-Data-Source-PoC-2026-07-14.md"", ""docs/Project-Structure.md"", ""docs/Data-Spec.md"", ""docs/Dividend-T-Platform.md"", ""docs/Formal-Data-Source-Capability-Audit.md"", ""docs/Formal-MACD-Dataset-Builder-Plan.md"", ""docs/README.md"", ""docs/退神股票涨跌理论-量化实现差距分析.md"", ""docs/theory/退神股票涨跌理论.md"", ""docs/development/WP-0-Close-B1-Verification.md"", ""docs/roadmap/Phase-D-Work-Packages.md"", ""docs/specs/Xuntou-P0-Native-Field-Mapping.md"", ""docs/specs/ETFDirectionSnapshot.md"", ""docs/specs/DailyResearchSnapshot.md"", ""docs/specs/Xuntou-PIT-Field-Mapping-V4.md"", ""docs/specs/ManualTradeRecord.md"", ""docs/specs/PositionSnapshot.md"", ""docs/specs/CandidateRecommendation.md"", ""docs/specs/FailureReasonTaxonomy.md"", ""docs/specs/ThemeDirectionSnapshot.md"", ""docs/specs/Xuntou-PIT-Validation-Bundle-V4.md"", ""docs/specs/ExitAssessment.md"", ""docs/specs/Entry-Path-Target-V1.md"", ""docs/specs/DailyReviewReport.md"", ""docs/specs/CapitalContextSnapshot.md"", ""docs/specs/EntryAssessment.md""]"	[]	1165	36	24c8de2b5141d4d6a80d3f23eef1b6d084a48ecd	2026-07-09T00:03:11+08:00	Initial market-regime-alpha migration
scripts/run_mr1_overnight_morning_pop_validation.py	SCRIPT	FULL_TEXT_READ	Run MR-1 from one immutable EXPLORATORY PRR Dataset without provider access.	operations/script	"[""build_parser"", ""main""]"	[]	"[""argparse"", ""sys"", ""__future__"", ""pathlib"", ""typing"", ""market_regime_alpha.research.mr1_research_runner""]"	[]	"[""docs/MACD-Research-Audit.md"", ""docs/Tushare-App.md"", ""docs/Sell-Side-Model-Spec.md"", ""docs/Usage-Manual.md"", ""docs/Formal-Data-Source-PoC-2026-07-14.md"", ""docs/Project-Structure.md"", ""docs/Data-Spec.md"", ""docs/Dividend-T-Platform.md"", ""docs/Formal-Data-Source-Capability-Audit.md"", ""docs/Formal-MACD-Dataset-Builder-Plan.md"", ""docs/README.md"", ""docs/退神股票涨跌理论-量化实现差距分析.md"", ""docs/theory/退神股票涨跌理论.md"", ""docs/development/WP-0-Close-B1-Verification.md"", ""docs/roadmap/Phase-D-Work-Packages.md"", ""docs/specs/Xuntou-P0-Native-Field-Mapping.md"", ""docs/specs/ETFDirectionSnapshot.md"", ""docs/specs/DailyResearchSnapshot.md"", ""docs/specs/Xuntou-PIT-Field-Mapping-V4.md"", ""docs/specs/ManualTradeRecord.md"", ""docs/specs/PositionSnapshot.md"", ""docs/specs/CandidateRecommendation.md"", ""docs/specs/FailureReasonTaxonomy.md"", ""docs/specs/ThemeDirectionSnapshot.md"", ""docs/specs/Xuntou-PIT-Validation-Bundle-V4.md"", ""docs/specs/ExitAssessment.md"", ""docs/specs/Entry-Path-Target-V1.md"", ""docs/specs/DailyReviewReport.md"", ""docs/specs/CapitalContextSnapshot.md"", ""docs/specs/EntryAssessment.md""]"	[]	1193	43	50082506a549abb7f9859a801e7a88fc2d1ea964	2026-07-18T15:04:52+08:00	feat: add reproducible Candidate replay and morning-pop research
scripts/run_mr2_morning_pop_failure_decomposition.py	SCRIPT	FULL_TEXT_READ	Run bounded MR-2 diagnostics from an immutable Dataset and corrected MR-1 artifact.	operations/script	"[""build_parser"", ""main"", ""_add_day_contributions"", ""_regime_slices"", ""_base_equity_groups"", ""_compound"", ""_exit_target"", ""_target_baseline"", ""_mean_rank_ic"", ""_rate"", ""_pearson"", ""_failure_summary"", ""_run_id"", ""_write_run"", ""_write_report"", ""_verify_checksums"", ""_write_parquet"", ""_write_checksums"", ""_read_json"", ""_write_json"", ""_hash_path"", ""_canonical""]"	[]	"[""argparse"", ""json"", ""shutil"", ""sys"", ""pandas"", ""__future__"", ""hashlib"", ""pathlib"", ""typing"", ""market_regime_alpha.research.mr2_failure_decomposition"", ""market_regime_alpha.research.prr_artifact_reader""]"	[]	"[""docs/MACD-Research-Audit.md"", ""docs/Tushare-App.md"", ""docs/Sell-Side-Model-Spec.md"", ""docs/Usage-Manual.md"", ""docs/Formal-Data-Source-PoC-2026-07-14.md"", ""docs/Project-Structure.md"", ""docs/Data-Spec.md"", ""docs/Dividend-T-Platform.md"", ""docs/Formal-Data-Source-Capability-Audit.md"", ""docs/Formal-MACD-Dataset-Builder-Plan.md"", ""docs/README.md"", ""docs/退神股票涨跌理论-量化实现差距分析.md"", ""docs/theory/退神股票涨跌理论.md"", ""docs/development/WP-0-Close-B1-Verification.md"", ""docs/roadmap/Phase-D-Work-Packages.md"", ""docs/specs/Xuntou-P0-Native-Field-Mapping.md"", ""docs/specs/ETFDirectionSnapshot.md"", ""docs/specs/DailyResearchSnapshot.md"", ""docs/specs/Xuntou-PIT-Field-Mapping-V4.md"", ""docs/specs/ManualTradeRecord.md"", ""docs/specs/PositionSnapshot.md"", ""docs/specs/CandidateRecommendation.md"", ""docs/specs/FailureReasonTaxonomy.md"", ""docs/specs/ThemeDirectionSnapshot.md"", ""docs/specs/Xuntou-PIT-Validation-Bundle-V4.md"", ""docs/specs/ExitAssessment.md"", ""docs/specs/Entry-Path-Target-V1.md"", ""docs/specs/DailyReviewReport.md"", ""docs/specs/CapitalContextSnapshot.md"", ""docs/specs/EntryAssessment.md""]"	[]	16113	276	50082506a549abb7f9859a801e7a88fc2d1ea964	2026-07-18T15:04:52+08:00	feat: add reproducible Candidate replay and morning-pop research
scripts/run_mr2a_leak_free_regime.py	SCRIPT	FULL_TEXT_READ	Publish MR-2A leak-free regime diagnostics from immutable Dataset/MR-1 evidence.	operations/script	"[""h"", ""wj"", ""main""]"	[]	"[""argparse"", ""json"", ""sys"", ""subprocess"", ""pandas"", ""__future__"", ""hashlib"", ""pathlib"", ""typing"", ""market_regime_alpha.research.mr2_failure_decomposition"", ""market_regime_alpha.research.prr_artifact_reader"", ""market_regime_alpha.research.mr2a_regime""]"	[]	"[""docs/MACD-Research-Audit.md"", ""docs/Tushare-App.md"", ""docs/Sell-Side-Model-Spec.md"", ""docs/Usage-Manual.md"", ""docs/Formal-Data-Source-PoC-2026-07-14.md"", ""docs/Project-Structure.md"", ""docs/Data-Spec.md"", ""docs/Dividend-T-Platform.md"", ""docs/Formal-Data-Source-Capability-Audit.md"", ""docs/Formal-MACD-Dataset-Builder-Plan.md"", ""docs/README.md"", ""docs/退神股票涨跌理论-量化实现差距分析.md"", ""docs/theory/退神股票涨跌理论.md"", ""docs/development/WP-0-Close-B1-Verification.md"", ""docs/roadmap/Phase-D-Work-Packages.md"", ""docs/specs/Xuntou-P0-Native-Field-Mapping.md"", ""docs/specs/ETFDirectionSnapshot.md"", ""docs/specs/DailyResearchSnapshot.md"", ""docs/specs/Xuntou-PIT-Field-Mapping-V4.md"", ""docs/specs/ManualTradeRecord.md"", ""docs/specs/PositionSnapshot.md"", ""docs/specs/CandidateRecommendation.md"", ""docs/specs/FailureReasonTaxonomy.md"", ""docs/specs/ThemeDirectionSnapshot.md"", ""docs/specs/Xuntou-PIT-Validation-Bundle-V4.md"", ""docs/specs/ExitAssessment.md"", ""docs/specs/Entry-Path-Target-V1.md"", ""docs/specs/DailyReviewReport.md"", ""docs/specs/CapitalContextSnapshot.md"", ""docs/specs/EntryAssessment.md""]"	[]	7480	176	50082506a549abb7f9859a801e7a88fc2d1ea964	2026-07-18T15:04:52+08:00	feat: add reproducible Candidate replay and morning-pop research
scripts/run_mr2b_f2a_conditionality_inputs.py	SCRIPT	FULL_TEXT_READ	Publish MR-2B F2A descriptive inputs from verified Dataset and MR-1 evidence.	operations/script	"[""build_parser"", ""main""]"	[]	"[""argparse"", ""sys"", ""__future__"", ""pathlib"", ""typing"", ""market_regime_alpha.research.mr2b_f2a_artifacts""]"	[]	"[""docs/MACD-Research-Audit.md"", ""docs/Tushare-App.md"", ""docs/Sell-Side-Model-Spec.md"", ""docs/Usage-Manual.md"", ""docs/Formal-Data-Source-PoC-2026-07-14.md"", ""docs/Project-Structure.md"", ""docs/Data-Spec.md"", ""docs/Dividend-T-Platform.md"", ""docs/Formal-Data-Source-Capability-Audit.md"", ""docs/Formal-MACD-Dataset-Builder-Plan.md"", ""docs/README.md"", ""docs/退神股票涨跌理论-量化实现差距分析.md"", ""docs/theory/退神股票涨跌理论.md"", ""docs/development/WP-0-Close-B1-Verification.md"", ""docs/roadmap/Phase-D-Work-Packages.md"", ""docs/specs/Xuntou-P0-Native-Field-Mapping.md"", ""docs/specs/ETFDirectionSnapshot.md"", ""docs/specs/DailyResearchSnapshot.md"", ""docs/specs/Xuntou-PIT-Field-Mapping-V4.md"", ""docs/specs/ManualTradeRecord.md"", ""docs/specs/PositionSnapshot.md"", ""docs/specs/CandidateRecommendation.md"", ""docs/specs/FailureReasonTaxonomy.md"", ""docs/specs/ThemeDirectionSnapshot.md"", ""docs/specs/Xuntou-PIT-Validation-Bundle-V4.md"", ""docs/specs/ExitAssessment.md"", ""docs/specs/Entry-Path-Target-V1.md"", ""docs/specs/DailyReviewReport.md"", ""docs/specs/CapitalContextSnapshot.md"", ""docs/specs/EntryAssessment.md""]"	[]	1270	44	536064007cf08b9ac7019443cc13a6c017d0b569	2026-07-18T18:29:23+08:00	feat: add exact-context and multi-seed Candidate excess evidence
scripts/run_mr2b_f2b_statistical_closure.py	SCRIPT	FULL_TEXT_READ	Run frozen MR-2B F2B directional statistical closure from verified evidence.	operations/script	"[""build_parser"", ""main""]"	[]	"[""argparse"", ""sys"", ""__future__"", ""pathlib"", ""typing"", ""market_regime_alpha.research.mr2b_f2b_artifacts""]"	[]	"[""docs/MACD-Research-Audit.md"", ""docs/Tushare-App.md"", ""docs/Sell-Side-Model-Spec.md"", ""docs/Usage-Manual.md"", ""docs/Formal-Data-Source-PoC-2026-07-14.md"", ""docs/Project-Structure.md"", ""docs/Data-Spec.md"", ""docs/Dividend-T-Platform.md"", ""docs/Formal-Data-Source-Capability-Audit.md"", ""docs/Formal-MACD-Dataset-Builder-Plan.md"", ""docs/README.md"", ""docs/退神股票涨跌理论-量化实现差距分析.md"", ""docs/theory/退神股票涨跌理论.md"", ""docs/development/WP-0-Close-B1-Verification.md"", ""docs/roadmap/Phase-D-Work-Packages.md"", ""docs/specs/Xuntou-P0-Native-Field-Mapping.md"", ""docs/specs/ETFDirectionSnapshot.md"", ""docs/specs/DailyResearchSnapshot.md"", ""docs/specs/Xuntou-PIT-Field-Mapping-V4.md"", ""docs/specs/ManualTradeRecord.md"", ""docs/specs/PositionSnapshot.md"", ""docs/specs/CandidateRecommendation.md"", ""docs/specs/FailureReasonTaxonomy.md"", ""docs/specs/ThemeDirectionSnapshot.md"", ""docs/specs/Xuntou-PIT-Validation-Bundle-V4.md"", ""docs/specs/ExitAssessment.md"", ""docs/specs/Entry-Path-Target-V1.md"", ""docs/specs/DailyReviewReport.md"", ""docs/specs/CapitalContextSnapshot.md"", ""docs/specs/EntryAssessment.md""]"	[]	1361	44	6645b38b1b5caa64b4325ad8522e9897a7de8c3f	2026-07-18T20:09:49+08:00	feat: close MR-2B directional statistical validation
scripts/run_mr2b_f2b_v2_statistical_closure.py	SCRIPT	FULL_TEXT_READ	Run the immutable coverage-first MR-2B F2B v2 closure.	operations/script	"[""main""]"	[]	"[""argparse"", ""__future__"", ""pathlib"", ""market_regime_alpha.research.mr2b_f2b_v2_artifacts""]"	[]	"[""docs/MACD-Research-Audit.md"", ""docs/Tushare-App.md"", ""docs/Sell-Side-Model-Spec.md"", ""docs/Usage-Manual.md"", ""docs/Formal-Data-Source-PoC-2026-07-14.md"", ""docs/Project-Structure.md"", ""docs/Data-Spec.md"", ""docs/Dividend-T-Platform.md"", ""docs/Formal-Data-Source-Capability-Audit.md"", ""docs/Formal-MACD-Dataset-Builder-Plan.md"", ""docs/README.md"", ""docs/退神股票涨跌理论-量化实现差距分析.md"", ""docs/theory/退神股票涨跌理论.md"", ""docs/development/WP-0-Close-B1-Verification.md"", ""docs/roadmap/Phase-D-Work-Packages.md"", ""docs/specs/Xuntou-P0-Native-Field-Mapping.md"", ""docs/specs/ETFDirectionSnapshot.md"", ""docs/specs/DailyResearchSnapshot.md"", ""docs/specs/Xuntou-PIT-Field-Mapping-V4.md"", ""docs/specs/ManualTradeRecord.md"", ""docs/specs/PositionSnapshot.md"", ""docs/specs/CandidateRecommendation.md"", ""docs/specs/FailureReasonTaxonomy.md"", ""docs/specs/ThemeDirectionSnapshot.md"", ""docs/specs/Xuntou-PIT-Validation-Bundle-V4.md"", ""docs/specs/ExitAssessment.md"", ""docs/specs/Entry-Path-Target-V1.md"", ""docs/specs/DailyReviewReport.md"", ""docs/specs/CapitalContextSnapshot.md"", ""docs/specs/EntryAssessment.md""]"	[]	1005	36	9e32673c2d53416e07d355f6d6b101c35e2a97ab	2026-07-18T21:04:51+08:00	fix: harden MR-2B low-coverage and path-diagnostic semantics
scripts/run_mr2b_f2b_v3_statistical_closure.py	SCRIPT	FULL_TEXT_READ	Run the immutable coverage-first MR-2B F2B v3 closure.	operations/script	"[""main""]"	[]	"[""argparse"", ""__future__"", ""pathlib"", ""market_regime_alpha.research.mr2b_f2b_v3_artifacts""]"	[]	"[""docs/MACD-Research-Audit.md"", ""docs/Tushare-App.md"", ""docs/Sell-Side-Model-Spec.md"", ""docs/Usage-Manual.md"", ""docs/Formal-Data-Source-PoC-2026-07-14.md"", ""docs/Project-Structure.md"", ""docs/Data-Spec.md"", ""docs/Dividend-T-Platform.md"", ""docs/Formal-Data-Source-Capability-Audit.md"", ""docs/Formal-MACD-Dataset-Builder-Plan.md"", ""docs/README.md"", ""docs/退神股票涨跌理论-量化实现差距分析.md"", ""docs/theory/退神股票涨跌理论.md"", ""docs/development/WP-0-Close-B1-Verification.md"", ""docs/roadmap/Phase-D-Work-Packages.md"", ""docs/specs/Xuntou-P0-Native-Field-Mapping.md"", ""docs/specs/ETFDirectionSnapshot.md"", ""docs/specs/DailyResearchSnapshot.md"", ""docs/specs/Xuntou-PIT-Field-Mapping-V4.md"", ""docs/specs/ManualTradeRecord.md"", ""docs/specs/PositionSnapshot.md"", ""docs/specs/CandidateRecommendation.md"", ""docs/specs/FailureReasonTaxonomy.md"", ""docs/specs/ThemeDirectionSnapshot.md"", ""docs/specs/Xuntou-PIT-Validation-Bundle-V4.md"", ""docs/specs/ExitAssessment.md"", ""docs/specs/Entry-Path-Target-V1.md"", ""docs/specs/DailyReviewReport.md"", ""docs/specs/CapitalContextSnapshot.md"", ""docs/specs/EntryAssessment.md""]"	[]	1112	38	b1726393a1ff7747807f1cacfb52f299fecb5911	2026-07-22T22:05:27+08:00	fix: close post-merge research Artifact identity reviews (#9)
scripts/run_pit_candidate_replication.py	SCRIPT	FULL_TEXT_READ	Publish PIT Candidate replication evidence or an explicit provider blocker.	operations/script	"[""main"", ""_revision""]"	[]	"[""argparse"", ""subprocess"", ""__future__"", ""pathlib"", ""market_regime_alpha.research.pit_replication_runner""]"	[]	"[""docs/MACD-Research-Audit.md"", ""docs/Tushare-App.md"", ""docs/Sell-Side-Model-Spec.md"", ""docs/Usage-Manual.md"", ""docs/Formal-Data-Source-PoC-2026-07-14.md"", ""docs/Project-Structure.md"", ""docs/Data-Spec.md"", ""docs/Dividend-T-Platform.md"", ""docs/Formal-Data-Source-Capability-Audit.md"", ""docs/Formal-MACD-Dataset-Builder-Plan.md"", ""docs/README.md"", ""docs/退神股票涨跌理论-量化实现差距分析.md"", ""docs/theory/退神股票涨跌理论.md"", ""docs/development/WP-0-Close-B1-Verification.md"", ""docs/roadmap/Phase-D-Work-Packages.md"", ""docs/specs/Xuntou-P0-Native-Field-Mapping.md"", ""docs/specs/ETFDirectionSnapshot.md"", ""docs/specs/DailyResearchSnapshot.md"", ""docs/specs/Xuntou-PIT-Field-Mapping-V4.md"", ""docs/specs/ManualTradeRecord.md"", ""docs/specs/PositionSnapshot.md"", ""docs/specs/CandidateRecommendation.md"", ""docs/specs/FailureReasonTaxonomy.md"", ""docs/specs/ThemeDirectionSnapshot.md"", ""docs/specs/Xuntou-PIT-Validation-Bundle-V4.md"", ""docs/specs/ExitAssessment.md"", ""docs/specs/Entry-Path-Target-V1.md"", ""docs/specs/DailyReviewReport.md"", ""docs/specs/CapitalContextSnapshot.md"", ""docs/specs/EntryAssessment.md""]"	[]	1120	43	5d19cee4a1dac4651c71a569a3a45d2a84b2b0df	2026-07-18T21:40:07+08:00	feat: establish PIT Candidate replication validation foundation
scripts/run_pit_candidate_replication_v2.py	SCRIPT	FULL_TEXT_READ	Run sealed PIT Candidate replication v2 or publish a truthful provider blocker.	operations/script	"[""main""]"	[]	"[""argparse"", ""__future__"", ""datetime"", ""pathlib"", ""market_regime_alpha.research.pit_replication_success_v2_runner""]"	[]	"[""docs/MACD-Research-Audit.md"", ""docs/Tushare-App.md"", ""docs/Sell-Side-Model-Spec.md"", ""docs/Usage-Manual.md"", ""docs/Formal-Data-Source-PoC-2026-07-14.md"", ""docs/Project-Structure.md"", ""docs/Data-Spec.md"", ""docs/Dividend-T-Platform.md"", ""docs/Formal-Data-Source-Capability-Audit.md"", ""docs/Formal-MACD-Dataset-Builder-Plan.md"", ""docs/README.md"", ""docs/退神股票涨跌理论-量化实现差距分析.md"", ""docs/theory/退神股票涨跌理论.md"", ""docs/development/WP-0-Close-B1-Verification.md"", ""docs/roadmap/Phase-D-Work-Packages.md"", ""docs/specs/Xuntou-P0-Native-Field-Mapping.md"", ""docs/specs/ETFDirectionSnapshot.md"", ""docs/specs/DailyResearchSnapshot.md"", ""docs/specs/Xuntou-PIT-Field-Mapping-V4.md"", ""docs/specs/ManualTradeRecord.md"", ""docs/specs/PositionSnapshot.md"", ""docs/specs/CandidateRecommendation.md"", ""docs/specs/FailureReasonTaxonomy.md"", ""docs/specs/ThemeDirectionSnapshot.md"", ""docs/specs/Xuntou-PIT-Validation-Bundle-V4.md"", ""docs/specs/ExitAssessment.md"", ""docs/specs/Entry-Path-Target-V1.md"", ""docs/specs/DailyReviewReport.md"", ""docs/specs/CapitalContextSnapshot.md"", ""docs/specs/EntryAssessment.md""]"	[]	1241	40	191e9c31d338d8d81a78332111059b50b3de2a60	2026-07-19T00:38:16+08:00	feat: implement sealed PIT Candidate replication pipeline (#8)
scripts/run_prr_mvp_1_candidate_backtest.py	SCRIPT	FULL_TEXT_READ	Run the bounded EXPLORATORY PRR-MVP-1 Candidate replay without trading side effects.	operations/script	"[""build_parser"", ""main"", ""_parse_retrieved_at"", ""_config_snapshot"", ""_revision"", ""_canonical_hash"", ""_file_hash""]"	[]	"[""argparse"", ""json"", ""subprocess"", ""sys"", ""__future__"", ""datetime"", ""hashlib"", ""pathlib"", ""typing"", ""zoneinfo"", ""market_regime_alpha.core.time"", ""market_regime_alpha.dividend_t.storage"", ""market_regime_alpha.dividend_t.trend_snapshot"", ""market_regime_alpha.research.prr_mvp_1"", ""market_regime_alpha.research.prr_mvp_1_artifacts"", ""market_regime_alpha.research.tencent_composite_execution"", ""market_regime_alpha.data_sources.a_share_bars"", ""market_regime_alpha.research.tencent_composite_acquisition"", ""functools""]"	[]	"[""docs/MACD-Research-Audit.md"", ""docs/Tushare-App.md"", ""docs/Sell-Side-Model-Spec.md"", ""docs/Usage-Manual.md"", ""docs/Formal-Data-Source-PoC-2026-07-14.md"", ""docs/Project-Structure.md"", ""docs/Data-Spec.md"", ""docs/Dividend-T-Platform.md"", ""docs/Formal-Data-Source-Capability-Audit.md"", ""docs/Formal-MACD-Dataset-Builder-Plan.md"", ""docs/README.md"", ""docs/退神股票涨跌理论-量化实现差距分析.md"", ""docs/theory/退神股票涨跌理论.md"", ""docs/development/WP-0-Close-B1-Verification.md"", ""docs/roadmap/Phase-D-Work-Packages.md"", ""docs/specs/Xuntou-P0-Native-Field-Mapping.md"", ""docs/specs/ETFDirectionSnapshot.md"", ""docs/specs/DailyResearchSnapshot.md"", ""docs/specs/Xuntou-PIT-Field-Mapping-V4.md"", ""docs/specs/ManualTradeRecord.md"", ""docs/specs/PositionSnapshot.md"", ""docs/specs/CandidateRecommendation.md"", ""docs/specs/FailureReasonTaxonomy.md"", ""docs/specs/ThemeDirectionSnapshot.md"", ""docs/specs/Xuntou-PIT-Validation-Bundle-V4.md"", ""docs/specs/ExitAssessment.md"", ""docs/specs/Entry-Path-Target-V1.md"", ""docs/specs/DailyReviewReport.md"", ""docs/specs/CapitalContextSnapshot.md"", ""docs/specs/EntryAssessment.md""]"	[]	10847	257	50082506a549abb7f9859a801e7a88fc2d1ea964	2026-07-18T15:04:52+08:00	feat: add reproducible Candidate replay and morning-pop research
scripts/run_tencent_composite_exploratory.py	SCRIPT	FULL_TEXT_READ	Run the bounded Tencent/local/BaoStock EXPLORATORY research workflow.	operations/script	"[""build_parser"", ""main"", ""build_default_acquirer"", ""build_contract_from_acquisition"", ""build_manifest"", ""current_git_revision"", ""read_snapshot_if_present"", ""_source_artifact"", ""_retrieved_at"", ""_file_hash"", ""_config_hash"", ""_run_id"", ""_canonical_digest""]"	[]	"[""argparse"", ""json"", ""subprocess"", ""sys"", ""__future__"", ""datetime"", ""functools"", ""hashlib"", ""pathlib"", ""typing"", ""zoneinfo"", ""market_regime_alpha.core.identity"", ""market_regime_alpha.core.time"", ""market_regime_alpha.data.contracts"", ""market_regime_alpha.data_sources.a_share_bars"", ""market_regime_alpha.dividend_t.storage"", ""market_regime_alpha.dividend_t.trend_snapshot"", ""market_regime_alpha.research.tencent_composite_acquisition"", ""market_regime_alpha.research.tencent_composite_artifacts"", ""market_regime_alpha.research.tencent_composite_contracts"", ""market_regime_alpha.research.tencent_composite_dividend_t"", ""market_regime_alpha.research.tencent_composite_quality"", ""market_regime_alpha.research.tencent_composite_runner""]"	[]	"[""docs/MACD-Research-Audit.md"", ""docs/Tushare-App.md"", ""docs/Sell-Side-Model-Spec.md"", ""docs/Usage-Manual.md"", ""docs/Formal-Data-Source-PoC-2026-07-14.md"", ""docs/Project-Structure.md"", ""docs/Data-Spec.md"", ""docs/Dividend-T-Platform.md"", ""docs/Formal-Data-Source-Capability-Audit.md"", ""docs/Formal-MACD-Dataset-Builder-Plan.md"", ""docs/README.md"", ""docs/退神股票涨跌理论-量化实现差距分析.md"", ""docs/theory/退神股票涨跌理论.md"", ""docs/development/WP-0-Close-B1-Verification.md"", ""docs/roadmap/Phase-D-Work-Packages.md"", ""docs/specs/Xuntou-P0-Native-Field-Mapping.md"", ""docs/specs/ETFDirectionSnapshot.md"", ""docs/specs/DailyResearchSnapshot.md"", ""docs/specs/Xuntou-PIT-Field-Mapping-V4.md"", ""docs/specs/ManualTradeRecord.md"", ""docs/specs/PositionSnapshot.md"", ""docs/specs/CandidateRecommendation.md"", ""docs/specs/FailureReasonTaxonomy.md"", ""docs/specs/ThemeDirectionSnapshot.md"", ""docs/specs/Xuntou-PIT-Validation-Bundle-V4.md"", ""docs/specs/ExitAssessment.md"", ""docs/specs/Entry-Path-Target-V1.md"", ""docs/specs/DailyReviewReport.md"", ""docs/specs/CapitalContextSnapshot.md"", ""docs/specs/EntryAssessment.md""]"	[]	12267	337	2363ca6bb863dd515c6454e79775d40d75d1bd18	2026-07-16T16:33:55+08:00	fix: load Tencent runner from current checkout
scripts/run_wp3_candidate_research.py	SCRIPT	FULL_TEXT_READ	Run source-aware WP-3 Candidate research without live-trading side effects.	operations/script	"[""build_parser"", ""main"", ""TencentCompositeWP3Backend"", ""build_tencent_backend"", ""config_hash"", ""parse_retrieved_at"", ""current_git_revision"", ""run_identity"", ""file_hash"", ""optional_file_hash"", ""canonical_digest""]"	[]	"[""argparse"", ""json"", ""subprocess"", ""sys"", ""__future__"", ""datetime"", ""functools"", ""hashlib"", ""pathlib"", ""typing"", ""zoneinfo"", ""market_regime_alpha.core.time"", ""market_regime_alpha.data"", ""market_regime_alpha.data_sources.a_share_bars"", ""market_regime_alpha.dividend_t.storage"", ""market_regime_alpha.dividend_t.trend_snapshot"", ""market_regime_alpha.research.provider_routing"", ""market_regime_alpha.research.tencent_composite_acquisition"", ""market_regime_alpha.research.tencent_composite_contracts"", ""market_regime_alpha.research.tencent_composite_execution"", ""market_regime_alpha.research.wp3_orchestrator""]"	[]	"[""docs/MACD-Research-Audit.md"", ""docs/Tushare-App.md"", ""docs/Sell-Side-Model-Spec.md"", ""docs/Usage-Manual.md"", ""docs/Formal-Data-Source-PoC-2026-07-14.md"", ""docs/Project-Structure.md"", ""docs/Data-Spec.md"", ""docs/Dividend-T-Platform.md"", ""docs/Formal-Data-Source-Capability-Audit.md"", ""docs/Formal-MACD-Dataset-Builder-Plan.md"", ""docs/README.md"", ""docs/退神股票涨跌理论-量化实现差距分析.md"", ""docs/theory/退神股票涨跌理论.md"", ""docs/development/WP-0-Close-B1-Verification.md"", ""docs/roadmap/Phase-D-Work-Packages.md"", ""docs/specs/Xuntou-P0-Native-Field-Mapping.md"", ""docs/specs/ETFDirectionSnapshot.md"", ""docs/specs/DailyResearchSnapshot.md"", ""docs/specs/Xuntou-PIT-Field-Mapping-V4.md"", ""docs/specs/ManualTradeRecord.md"", ""docs/specs/PositionSnapshot.md"", ""docs/specs/CandidateRecommendation.md"", ""docs/specs/FailureReasonTaxonomy.md"", ""docs/specs/ThemeDirectionSnapshot.md"", ""docs/specs/Xuntou-PIT-Validation-Bundle-V4.md"", ""docs/specs/ExitAssessment.md"", ""docs/specs/Entry-Path-Target-V1.md"", ""docs/specs/DailyReviewReport.md"", ""docs/specs/CapitalContextSnapshot.md"", ""docs/specs/EntryAssessment.md""]"	[]	13726	345	50082506a549abb7f9859a801e7a88fc2d1ea964	2026-07-18T15:04:52+08:00	feat: add reproducible Candidate replay and morning-pop research
src/market_regime_alpha/__init__.py	SOURCE	FULL_TEXT_READ	Market Regime Alpha: a research-first Alpha Research Operating System for China A-shares.	__init__.py	[]	[]	[]	[]	[]	[]	332	7	b908a7379fe790ac359360399cfdd1b186a381e0	2026-07-15T09:42:41+08:00	chore: align package identity with Alpha Research OS
src/market_regime_alpha/backtesting.py	SOURCE	FULL_TEXT_READ	Minimal backtesting utilities for simple daily OHLCV experiments.	backtesting.py	"[""OHLCVBar"", ""BacktestResult"", ""load_ohlcv_csv"", ""moving_average"", ""run_moving_average_crossover"", ""_trade_stats"", ""_annualized_return"", ""_sharpe_ratio"", ""_max_drawdown""]"	[]	"[""csv"", ""math"", ""__future__"", ""dataclasses"", ""datetime"", ""pathlib"", ""typing""]"	"[""tests/test_backtesting.py"", ""tests/test_visualization.py"", ""tests/test_macd_oos.py"", ""tests/test_top1000_return_leakage_attribution.py""]"	"[""docs/Usage-Manual.md""]"	[]	7815	236	24c8de2b5141d4d6a80d3f23eef1b6d084a48ecd	2026-07-09T00:03:11+08:00	Initial market-regime-alpha migration
src/market_regime_alpha/candidates/__init__.py	SOURCE	FULL_TEXT_READ	Canonical Candidate Discovery contracts and R5 rehearsal research APIs.	candidates	[]	[]	"[""baselines"", ""composite_baseline"", ""contracts"", ""dataset"", ""directional_accuracy"", ""evaluation"", ""historical_population"", ""panel"", ""rehearsal_calendar_targets"", ""rehearsal_opportunity_targets"", ""rehearsal_targets"", ""target_bundle""]"	[]	"[""docs/development/WP-0-Close-B1-Verification.md"", ""docs/archive/superpowers/plans/2026-07-16-wp3-candidate-directional-accuracy.md""]"	[]	3927	112	0a63078b4bb138eba43c0e3ce655c85116e3642f	2026-07-16T22:07:49+08:00	feat: add Candidate directional diagnostics
src/market_regime_alpha/candidates/baselines.py	SOURCE	FULL_TEXT_READ	Simple deterministic Candidate ranking baselines for R5 rehearsal.	candidates	"[""CandidateRankingRejection"", ""CandidateRankingRun"", ""rank_candidates_by_feature""]"	[]	"[""math"", ""__future__"", ""dataclasses"", ""market_regime_alpha.candidates.contracts"", ""market_regime_alpha.candidates.dataset"", ""market_regime_alpha.core.identity"", ""market_regime_alpha.core.status"", ""market_regime_alpha.core.time"", ""market_regime_alpha.research.experiment_identity""]"	"[""tests/candidates/test_baseline_ranking_evaluation_guards.py"", ""tests/candidates/test_directional_accuracy.py"", ""tests/candidates/test_r5_rehearsal_pipeline.py"", ""tests/research/test_mr2b_f2a_artifacts.py"", ""tests/research/test_prr_artifact_reader.py""]"	"[""docs/development/WP-0-Close-B1-Verification.md"", ""docs/research/R5-Candidate-Dataset-Builder-Status.md"", ""docs/research/R5-Current-Status.md""]"	[]	6961	176	cec0dd0fd2ca0dede67496bcd72ccd33c53679b8	2026-07-15T15:18:26+08:00	feat: add deterministic one-feature Candidate ranking baseline
src/market_regime_alpha/candidates/composite_baseline.py	SOURCE	FULL_TEXT_READ	Transparent B1 cross-sectional composite Candidate ranking baseline.	candidates	"[""CompositeFeatureDirection"", ""CompositeFeatureRole"", ""CompositeFeatureComponent"", ""TransparentCompositeSpec"", ""CompositeCandidateRankingRun"", ""rank_candidates_by_transparent_composite"", ""_directional_rank_percentiles""]"	[]	"[""json"", ""math"", ""__future__"", ""dataclasses"", ""enum"", ""hashlib"", ""market_regime_alpha.candidates.baselines"", ""market_regime_alpha.candidates.contracts"", ""market_regime_alpha.candidates.dataset"", ""market_regime_alpha.core.identity"", ""market_regime_alpha.core.status"", ""market_regime_alpha.core.time"", ""market_regime_alpha.research.experiment_identity""]"	[]	"[""docs/development/WP-0-Close-B1-Verification.md"", ""docs/research/R5-Current-Status.md"", ""docs/archive/superpowers/plans/2026-07-16-tencent-composite-exploratory-r5.md""]"	[]	13936	333	d9528eb145a017a0f414b51e2db81f6bb23da25b	2026-07-15T22:30:57+08:00	feat: add transparent cross-sectional composite Candidate baseline
src/market_regime_alpha/candidates/contracts.py	SOURCE	FULL_TEXT_READ	Canonical Candidate Discovery contracts.	candidates	"[""_require_non_empty"", ""_require_finite"", ""CandidateExpiryTime"", ""TargetContract"", ""CandidatePopulation"", ""build_candidate_population"", ""CandidatePrediction""]"	"[""TargetContract"", ""CandidatePrediction""]"	"[""math"", ""__future__"", ""dataclasses"", ""market_regime_alpha.core.identity"", ""market_regime_alpha.core.time"", ""market_regime_alpha.universe.contracts""]"	"[""tests/universe/test_eligibility_policy.py"", ""tests/universe/test_contracts.py"", ""tests/universe/test_eligibility_artifacts.py"", ""tests/universe/test_provider_rehearsal_eligibility_policy_v2.py"", ""tests/candidates/test_baseline_ranking_evaluation_guards.py"", ""tests/candidates/test_rehearsal_materializers.py"", ""tests/candidates/test_dataset_builder.py"", ""tests/candidates/test_r5_calendar_resolved_targets.py"", ""tests/candidates/test_r5_rehearsal_pipeline.py"", ""tests/candidates/test_r5_decision_time_contract.py"", ""tests/candidates/test_panel.py"", ""tests/candidates/test_r5_opportunity_target_bundle.py"", ""tests/candidates/test_minimal_research_spine.py"", ""tests/candidates/test_composite_baseline.py"", ""tests/research/test_tencent_composite_materialization.py"", ""tests/research/test_tencent_composite_cli.py"", ""tests/research/test_tencent_composite_runner.py"", ""tests/research/test_provider_export_adapter.py"", ""tests/research/test_tencent_composite_contracts.py"", ""tests/research/test_provider_rehearsal_market_artifact.py"", ""tests/legacy/test_dataset_contract_adapter.py"", ""tests/data/test_contracts.py"", ""tests/features/test_contracts.py""]"	"[""docs/specs/CandidateRecommendation.md"", ""docs/specs/Entry-Path-Target-V1.md"", ""docs/architecture/R3-R4-Minimal-Research-Spine.md"", ""docs/architecture/Original-Intent-to-R3-R4-Consistency-Audit.md"", ""docs/architecture/01-Domain-Boundaries.md"", ""docs/architecture/02-End-to-End-Research-and-Decision-Flow.md"", ""docs/research/R5-Candidate-Dataset-Builder-Status.md"", ""docs/constitution/08-Roadmap.md"", ""docs/constitution/02-Architecture-Blueprint.md"", ""docs/constitution/03-Research-Framework.md"", ""docs/archive/superpowers/specs/2026-07-16-wp4a-entry-path-targets-design.md"", ""docs/archive/superpowers/specs/2026-07-16-wp3-provider-routing-and-candidate-runs-design.md"", ""docs/archive/superpowers/specs/2026-07-18-wp4a2-entry-path-as-of-evidence-correction-design.md"", ""docs/archive/superpowers/specs/2026-07-18-wp4a1-entry-path-temporal-price-lineage-hardening-design.md"", ""docs/archive/superpowers/plans/2026-07-16-wp4a-entry-path-targets.md"", ""docs/archive/superpowers/plans/2026-07-16-tencent-composite-exploratory-r5.md"", ""docs/archive/superpowers/plans/2026-07-18-wp4a1-entry-path-temporal-price-lineage-hardening.md""]"	[]	6813	180	d36d55d2380c29e378c88f5666cb936e7ca8a2a4	2026-07-15T12:58:10+08:00	fix: allow valid empty Candidate populations
src/market_regime_alpha/candidates/dataset.py	SOURCE	FULL_TEXT_READ	R5 Candidate target materialization and research-panel construction.	candidates	"[""_require_non_empty"", ""_require_finite"", ""TargetObservationStatus"", ""_validate_target_state"", ""TargetObservation"", ""TargetMaterialization"", ""CandidateFeatureValue"", ""CandidateTargetValue"", ""CandidateDatasetRow"", ""CandidateResearchDataset"", ""build_candidate_research_dataset"", ""_candidate_dataset_id""]"	"[""TargetObservationStatus"", ""TargetObservation"", ""TargetMaterialization"", ""CandidateTargetValue""]"	"[""json"", ""math"", ""__future__"", ""dataclasses"", ""enum"", ""hashlib"", ""typing"", ""market_regime_alpha.candidates.contracts"", ""market_regime_alpha.core.identity"", ""market_regime_alpha.core.status"", ""market_regime_alpha.core.time"", ""market_regime_alpha.data.contracts"", ""market_regime_alpha.features.contracts""]"	"[""tests/test_macd_experiments.py"", ""tests/test_macd_oos.py"", ""tests/test_dividend_t_backtest.py"", ""tests/universe/test_eligibility_policy_identity.py"", ""tests/universe/test_eligibility_materializer_provenance.py"", ""tests/universe/test_eligibility_policy.py"", ""tests/universe/test_contracts.py"", ""tests/universe/test_eligibility_artifacts.py"", ""tests/universe/test_artifacts.py"", ""tests/candidates/test_baseline_ranking_evaluation_guards.py"", ""tests/candidates/test_directional_accuracy.py"", ""tests/candidates/test_rehearsal_materializers.py"", ""tests/candidates/test_dataset_builder.py"", ""tests/candidates/test_r5_calendar_resolved_targets.py"", ""tests/candidates/test_r5_eligibility_policy_pipeline.py"", ""tests/candidates/test_r5_rehearsal_pipeline.py"", ""tests/candidates/test_r5_decision_time_contract.py"", ""tests/candidates/test_panel.py"", ""tests/candidates/test_r5_opportunity_target_bundle.py"", ""tests/candidates/test_target_state_contracts.py"", ""tests/candidates/test_minimal_research_spine.py"", ""tests/candidates/test_composite_baseline.py"", ""tests/research/test_wp3_orchestrator.py"", ""tests/research/test_mr2b_multiseed.py"", ""tests/research/test_tencent_composite_materialization.py"", ""tests/research/test_tencent_composite_cli.py"", ""tests/research/test_mr1_daily_candidate_baseline.py"", ""tests/research/test_mr2b_f2b_v2_artifacts.py"", ""tests/research/test_r5_baseline_runner.py"", ""tests/research/test_mr2b_f2a_artifacts.py""]"	"[""docs/development/WP-0-Close-B1-Verification.md"", ""docs/specs/Entry-Path-Target-V1.md"", ""docs/research/R5-Candidate-Dataset-Builder-Status.md"", ""docs/archive/superpowers/specs/2026-07-16-wp4a-entry-path-targets-design.md"", ""docs/archive/superpowers/specs/2026-07-18-wp4a2-entry-path-as-of-evidence-correction-design.md"", ""docs/archive/superpowers/specs/2026-07-18-wp4a1-entry-path-temporal-price-lineage-hardening-design.md"", ""docs/archive/superpowers/plans/2026-07-16-wp4a-entry-path-targets.md"", ""docs/archive/superpowers/plans/2026-07-16-tencent-composite-exploratory-r5.md"", ""docs/archive/superpowers/plans/2026-07-18-wp4a2-entry-path-as-of-evidence-correction.md"", ""docs/archive/superpowers/plans/2026-07-16-wp3-candidate-directional-accuracy.md"", ""docs/archive/superpowers/plans/2026-07-18-wp4a1-entry-path-temporal-price-lineage-hardening.md"", ""docs/archive/superpowers/plans/2026-07-16-wp3-provider-routing-and-candidate-runs.md""]"	[]	16293	385	7690f91eaf28e37305ce1510258d1f7e0281a533	2026-07-15T13:52:04+08:00	fix: tighten R5 target and population preservation contracts
src/market_regime_alpha/candidates/directional_accuracy.py	SOURCE	FULL_TEXT_READ	Target-aware directional diagnostics for Candidate ranking research.	candidates	"[""CandidateDirectionalAccuracySpec"", ""DirectionalOutcomeCounts"", ""CandidateDirectionalSliceEvaluation"", ""CandidateDirectionalPanelEvaluation"", ""evaluate_candidate_directional_accuracy_slice"", ""evaluate_candidate_directional_accuracy_panel"", ""_outcome_counts"", ""_sum_counts"", ""_defined_mean"", ""_optional_ratio"", ""_difference""]"	[]	"[""__future__"", ""dataclasses"", ""statistics"", ""market_regime_alpha.candidates.dataset"", ""market_regime_alpha.candidates.evaluation"", ""market_regime_alpha.candidates.panel"", ""market_regime_alpha.candidates.rehearsal_targets"", ""market_regime_alpha.core.identity"", ""market_regime_alpha.core.time""]"	"[""tests/candidates/test_directional_accuracy.py"", ""tests/research/test_r5_baseline_runner.py""]"	"[""docs/archive/superpowers/specs/2026-07-16-wp3-candidate-directional-accuracy-design.md"", ""docs/archive/superpowers/plans/2026-07-16-wp3-candidate-directional-accuracy.md""]"	[]	12615	329	0a63078b4bb138eba43c0e3ce655c85116e3642f	2026-07-16T22:07:49+08:00	feat: add Candidate directional diagnostics
src/market_regime_alpha/candidates/evaluation.py	SOURCE	FULL_TEXT_READ	Cross-sectional rehearsal evaluation for R5 Candidate ranking baselines.	candidates	"[""CandidateRankingLike"", ""CandidateSliceEvaluation"", ""CandidatePanelEvaluation"", ""evaluate_candidate_ranking_slice"", ""evaluate_candidate_ranking_panel"", ""_safe_ratio"", ""_spearman"", ""_average_ranks""]"	[]	"[""math"", ""__future__"", ""dataclasses"", ""statistics"", ""typing"", ""market_regime_alpha.candidates.baselines"", ""market_regime_alpha.candidates.contracts"", ""market_regime_alpha.candidates.dataset"", ""market_regime_alpha.candidates.panel"", ""market_regime_alpha.core.identity"", ""market_regime_alpha.core.time""]"	"[""tests/candidates/test_baseline_ranking_evaluation_guards.py"", ""tests/candidates/test_r5_rehearsal_pipeline.py"", ""tests/candidates/test_composite_baseline.py"", ""tests/research/test_wp3_orchestrator.py"", ""tests/research/test_r5_baseline_runner.py"", ""tests/research/test_tencent_composite_runner.py"", ""tests/research/test_wp3_run_artifacts.py""]"	"[""docs/development/WP-0-Close-B1-Verification.md"", ""docs/research/R5-Current-Status.md"", ""docs/archive/superpowers/plans/2026-07-16-tencent-composite-exploratory-r5.md"", ""docs/archive/superpowers/plans/2026-07-16-wp3-candidate-directional-accuracy.md"", ""docs/archive/superpowers/plans/2026-07-16-wp3-provider-routing-and-candidate-runs.md""]"	[]	10472	261	5d4add36bf27a77277f65eac1f6f819bba6838ba	2026-07-15T23:54:09+08:00	feat: close B1 ranking verification
src/market_regime_alpha/candidates/historical_population.py	SOURCE	FULL_TEXT_READ	Candidate Population assembly from identified historical Universe and Eligibility artifacts.	candidates	"[""build_candidate_population_from_historical_artifacts""]"	[]	"[""__future__"", ""market_regime_alpha.candidates.contracts"", ""market_regime_alpha.core.time"", ""market_regime_alpha.universe.artifacts"", ""market_regime_alpha.universe.eligibility_artifacts""]"	"[""tests/universe/test_eligibility_artifacts.py""]"	"[""docs/research/R5-Candidate-Dataset-Builder-Status.md""]"	[]	1259	27	165e61fdec183c37edff4240229e5119aeee6f28	2026-07-15T16:44:06+08:00	fix: move historical Candidate Population assembly to Candidate ownership
src/market_regime_alpha/candidates/panel.py	SOURCE	FULL_TEXT_READ	Multi-decision-time Candidate research panel assembly.	candidates	"[""CandidateResearchPanel"", ""assemble_candidate_research_panel"", ""_panel_dataset_id""]"	[]	"[""json"", ""__future__"", ""dataclasses"", ""hashlib"", ""market_regime_alpha.candidates.dataset"", ""market_regime_alpha.core.identity"", ""market_regime_alpha.core.time"", ""market_regime_alpha.data.contracts""]"	"[""tests/candidates/test_directional_accuracy.py"", ""tests/candidates/test_r5_rehearsal_pipeline.py"", ""tests/candidates/test_panel.py"", ""tests/candidates/test_composite_baseline.py"", ""tests/research/test_r5_baseline_runner.py"", ""tests/research/test_provider_candidate_runner.py"", ""tests/research/test_tencent_composite_runner.py"", ""tests/research/test_mr2b_f2b_artifacts.py""]"	"[""docs/archive/superpowers/plans/2026-07-16-wp3-candidate-directional-accuracy.md"", ""docs/archive/superpowers/plans/2026-07-16-wp3-provider-routing-and-candidate-runs.md""]"	[]	5349	129	df8a22a800dfe00413cf1e6ebc953ecd32cf043a	2026-07-15T15:15:34+08:00	feat: add multi-decision-time Candidate panel assembly
src/market_regime_alpha/candidates/rehearsal_calendar_targets.py	SOURCE	FULL_TEXT_READ	Calendar-resolved R5 opportunity Target materialization.	candidates	"[""materialize_r5_opportunity_targets_from_calendar""]"	[]	"[""__future__"", ""market_regime_alpha.candidates.contracts"", ""market_regime_alpha.candidates.rehearsal_opportunity_targets"", ""market_regime_alpha.candidates.target_bundle"", ""market_regime_alpha.core.identity"", ""market_regime_alpha.core.time"", ""market_regime_alpha.data.rehearsal"", ""market_regime_alpha.data.trading_calendar""]"	"[""tests/candidates/test_r5_calendar_resolved_targets.py""]"	"[""docs/research/R5-Candidate-Dataset-Builder-Status.md""]"	[]	1636	40	047d3eadbdd7c33f0f6e2a882805f02634211c2f	2026-07-15T16:27:44+08:00	feat: resolve R5 opportunity targets from identified trading calendar
src/market_regime_alpha/candidates/rehearsal_opportunity_targets.py	SOURCE	FULL_TEXT_READ	R5 opportunity-profile Target materializers for controlled rehearsal research.	candidates	"[""r5_next_session_opportunity_target_contracts"", ""materialize_r5_next_session_opportunity_targets"", ""_build_materialization"", ""_target_artifact_id"", ""_require_r5_decision_time""]"	[]	"[""json"", ""__future__"", ""datetime"", ""hashlib"", ""zoneinfo"", ""market_regime_alpha.candidates.contracts"", ""market_regime_alpha.candidates.dataset"", ""market_regime_alpha.candidates.rehearsal_targets"", ""market_regime_alpha.candidates.target_bundle"", ""market_regime_alpha.core.identity"", ""market_regime_alpha.core.time"", ""market_regime_alpha.data.rehearsal""]"	"[""tests/candidates/test_r5_calendar_resolved_targets.py"", ""tests/candidates/test_r5_opportunity_target_bundle.py"", ""tests/research/test_tencent_composite_materialization.py"", ""tests/research/test_r5_baseline_runner.py""]"	"[""docs/archive/superpowers/plans/2026-07-16-wp4a-entry-path-targets.md"", ""docs/archive/superpowers/plans/2026-07-16-tencent-composite-exploratory-r5.md""]"	[]	10542	257	1326b3168b46a9da596c301a0c4f876da5e30eb1	2026-07-16T22:52:04+08:00	fix: close current mypy errors
src/market_regime_alpha/candidates/rehearsal_targets.py	SOURCE	FULL_TEXT_READ	Concrete controlled target materializer for the first R5 Candidate rehearsal.	candidates	"[""r5_next_session_return_target_contract"", ""materialize_r5_next_session_return_target"", ""_require_r5_decision_time"", ""_target_artifact_id""]"	[]	"[""json"", ""__future__"", ""datetime"", ""hashlib"", ""zoneinfo"", ""market_regime_alpha.candidates.contracts"", ""market_regime_alpha.candidates.dataset"", ""market_regime_alpha.core.identity"", ""market_regime_alpha.core.time"", ""market_regime_alpha.data.rehearsal""]"	"[""tests/candidates/test_directional_accuracy.py"", ""tests/candidates/test_rehearsal_materializers.py"", ""tests/candidates/test_r5_rehearsal_pipeline.py"", ""tests/candidates/test_r5_decision_time_contract.py"", ""tests/candidates/test_r5_opportunity_target_bundle.py"", ""tests/research/test_tencent_composite_materialization.py"", ""tests/research/test_r5_baseline_runner.py""]"	"[""docs/archive/superpowers/plans/2026-07-16-wp4a-entry-path-targets.md""]"	[]	7615	190	1326b3168b46a9da596c301a0c4f876da5e30eb1	2026-07-16T22:52:04+08:00	fix: close current mypy errors
src/market_regime_alpha/candidates/target_bundle.py	SOURCE	FULL_TEXT_READ	Bundles of independently identified Candidate Target Materializations.	candidates	"[""TargetMaterializationBundle"", ""bundle_target_materializations""]"	"[""TargetMaterializationBundle""]"	"[""json"", ""__future__"", ""dataclasses"", ""hashlib"", ""market_regime_alpha.candidates.dataset"", ""market_regime_alpha.core.identity"", ""market_regime_alpha.core.time""]"	[]	"[""docs/research/R5-Candidate-Dataset-Builder-Status.md""]"	[]	3978	91	193af4897eed804b2328a12d1bcde43c3ba9a912	2026-07-15T16:21:23+08:00	feat: add identity-distinct Target Materialization bundles
src/market_regime_alpha/core/__init__.py	SOURCE	FULL_TEXT_READ	Canonical shared contracts for the Market Regime Alpha V2 kernel.	core	[]	[]	"[""identity"", ""status"", ""time""]"	[]	[]	[]	909	48	2eb26a3f0b7e846ac26284a0d332e2fa42d518b9	2026-07-15T12:52:20+08:00	feat: export provider and retrieval identities
src/market_regime_alpha/core/identity.py	SOURCE	FULL_TEXT_READ	Stable identity primitives for project-wide V2 contracts.	core	"[""_validate_identity_value"", ""StableId"", ""ArtifactId"", ""ProviderId"", ""DatasetId"", ""UniverseId"", ""FeatureDefinitionId"", ""FeatureMaterializationId"", ""TargetId"", ""ModelId"", ""StrategyId"", ""ExperimentId""]"	"[""ArtifactId"", ""FeatureDefinitionId"", ""TargetId""]"	"[""__future__"", ""dataclasses""]"	"[""tests/test_macd_experiments.py"", ""tests/test_macd_oos.py"", ""tests/test_dividend_t_backtest.py"", ""tests/universe/test_eligibility_policy_identity.py"", ""tests/universe/test_eligibility_materializer_provenance.py"", ""tests/universe/test_eligibility_policy.py"", ""tests/universe/test_contracts.py"", ""tests/universe/test_eligibility_artifacts.py"", ""tests/universe/test_artifacts.py"", ""tests/candidates/test_baseline_ranking_evaluation_guards.py"", ""tests/candidates/test_directional_accuracy.py"", ""tests/candidates/test_rehearsal_materializers.py"", ""tests/candidates/test_dataset_builder.py"", ""tests/candidates/test_r5_calendar_resolved_targets.py"", ""tests/candidates/test_r5_eligibility_policy_pipeline.py"", ""tests/candidates/test_r5_rehearsal_pipeline.py"", ""tests/candidates/test_r5_decision_time_contract.py"", ""tests/candidates/test_panel.py"", ""tests/candidates/test_r5_opportunity_target_bundle.py"", ""tests/candidates/test_target_state_contracts.py"", ""tests/candidates/test_minimal_research_spine.py"", ""tests/candidates/test_composite_baseline.py"", ""tests/research/test_wp3_orchestrator.py"", ""tests/research/test_tencent_composite_cli.py"", ""tests/research/test_mr2b_f2b_v2_artifacts.py"", ""tests/research/test_r5_baseline_runner.py"", ""tests/research/test_provider_candidate_runner.py"", ""tests/research/test_mr2b_f2a_artifacts.py"", ""tests/research/test_pit_replication_v2_artifacts.py"", ""tests/research/test_pit_replication_v2_identity.py""]"	"[""docs/architecture/R2-Minimal-V2-Kernel.md"", ""docs/constitution/08-Roadmap.md"", ""docs/archive/superpowers/specs/2026-07-18-wp4a2-entry-path-as-of-evidence-correction-design.md"", ""docs/archive/superpowers/specs/2026-07-18-wp4a1-entry-path-temporal-price-lineage-hardening-design.md"", ""docs/archive/superpowers/plans/2026-07-16-wp4a-entry-path-targets.md"", ""docs/archive/superpowers/plans/2026-07-16-tencent-composite-exploratory-r5.md"", ""docs/archive/superpowers/plans/2026-07-18-wp4a2-entry-path-as-of-evidence-correction.md"", ""docs/archive/superpowers/plans/2026-07-16-wp3-candidate-directional-accuracy.md"", ""docs/archive/superpowers/plans/2026-07-18-wp4a1-entry-path-temporal-price-lineage-hardening.md"", ""docs/archive/superpowers/plans/2026-07-16-wp3-provider-routing-and-candidate-runs.md""]"	[]	2486	89	79fbb1221096534177e386a5f26e6f2107c89496	2026-07-15T12:49:15+08:00	feat: extend V2 identities for data providers
src/market_regime_alpha/core/status.py	SOURCE	FULL_TEXT_READ	Canonical input availability and validity semantics.	core	"[""InputAvailabilityStatus""]"	[]	"[""__future__"", ""enum""]"	"[""tests/test_fetch_baostock_5min_batch.py"", ""tests/test_dividend_trend_snapshot.py"", ""tests/test_top1000_return_leakage_attribution.py"", ""tests/universe/test_eligibility_policy.py"", ""tests/universe/test_provider_rehearsal_eligibility_policy_v2.py"", ""tests/candidates/test_baseline_ranking_evaluation_guards.py"", ""tests/candidates/test_directional_accuracy.py"", ""tests/candidates/test_rehearsal_materializers.py"", ""tests/candidates/test_dataset_builder.py"", ""tests/candidates/test_panel.py"", ""tests/candidates/test_r5_opportunity_target_bundle.py"", ""tests/candidates/test_target_state_contracts.py"", ""tests/candidates/test_minimal_research_spine.py"", ""tests/candidates/test_composite_baseline.py"", ""tests/research/test_mr2b_f2b_competing_events.py"", ""tests/research/test_pit_replication_artifacts.py"", ""tests/research/test_wp3_orchestrator.py"", ""tests/research/test_mr2b_multiseed.py"", ""tests/research/test_xuntou_pit_v4_adapter.py"", ""tests/research/test_mr1_daily_candidate_baseline.py"", ""tests/research/test_mr2b_f2b_v2_artifacts.py"", ""tests/research/test_mr2b_f2b_v2_competing_events.py"", ""tests/research/test_r5_baseline_runner.py"", ""tests/research/pit_replication_v2_fixtures.py"", ""tests/research/test_mr2_failure_decomposition.py"", ""tests/research/test_tencent_composite_artifacts.py"", ""tests/research/test_mr2b_f2a_artifacts.py"", ""tests/research/test_pit_replication_reader.py"", ""tests/research/test_pit_replication_v2_artifacts.py"", ""tests/research/test_xuntou_pit_v4_preflight.py""]"	"[""docs/architecture/R2-Minimal-V2-Kernel.md""]"	[]	711	26	2613f2f206010768e2f1558e1fc08d13cdecfc2e	2026-07-15T09:47:50+08:00	feat: separate input availability from strategy actions
src/market_regime_alpha/core/time.py	SOURCE	FULL_TEXT_READ	Semantic time primitives used by V2 contracts.	core	"[""_require_aware_datetime"", ""SemanticTime"", ""DecisionTime"", ""AvailabilityTime"", ""FinalizationTime"", ""AsOfTime"", ""ExecutionEligibleTime"", ""RetrievedAt""]"	"[""DecisionTime""]"	"[""__future__"", ""dataclasses"", ""datetime""]"	"[""tests/test_universe.py"", ""tests/test_fetch_baostock_5min_batch.py"", ""tests/test_macd.py"", ""tests/test_a_share_bars.py"", ""tests/universe/test_eligibility_policy_identity.py"", ""tests/universe/test_eligibility_materializer_provenance.py"", ""tests/universe/test_eligibility_policy.py"", ""tests/universe/test_contracts.py"", ""tests/universe/test_eligibility_artifacts.py"", ""tests/universe/test_artifacts.py"", ""tests/universe/test_provider_rehearsal_eligibility_policy_v2.py"", ""tests/candidates/test_baseline_ranking_evaluation_guards.py"", ""tests/candidates/test_directional_accuracy.py"", ""tests/candidates/test_rehearsal_materializers.py"", ""tests/candidates/test_dataset_builder.py"", ""tests/candidates/test_r5_calendar_resolved_targets.py"", ""tests/candidates/test_r5_eligibility_policy_pipeline.py"", ""tests/candidates/test_r5_rehearsal_pipeline.py"", ""tests/candidates/test_r5_decision_time_contract.py"", ""tests/candidates/test_panel.py"", ""tests/candidates/test_r5_opportunity_target_bundle.py"", ""tests/candidates/test_target_state_contracts.py"", ""tests/candidates/test_minimal_research_spine.py"", ""tests/candidates/test_composite_baseline.py"", ""tests/research/test_tencent_composite_materialization.py"", ""tests/research/test_tencent_composite_cli.py"", ""tests/research/test_r5_baseline_runner.py"", ""tests/research/test_provider_candidate_runner.py"", ""tests/research/test_mr2b_f2a_artifacts.py"", ""tests/research/test_tencent_composite_runner.py""]"	"[""docs/specs/Xuntou-P0-Native-Field-Mapping.md"", ""docs/architecture/R2-Minimal-V2-Kernel.md"", ""docs/architecture/04-Data-and-Time-Semantics.md"", ""docs/archive/superpowers/specs/2026-07-16-wp4a-entry-path-targets-design.md"", ""docs/archive/superpowers/plans/2026-07-16-wp4a-entry-path-targets.md"", ""docs/archive/superpowers/plans/2026-07-16-tencent-composite-exploratory-r5.md"", ""docs/archive/superpowers/plans/2026-07-18-wp4a2-entry-path-as-of-evidence-correction.md"", ""docs/archive/superpowers/plans/2026-07-18-wp4a1-entry-path-temporal-price-lineage-hardening.md"", ""docs/archive/superpowers/plans/2026-07-16-wp3-provider-routing-and-candidate-runs.md""]"	[]	1872	64	2109ab8d4d0a23efdfab37581dd1dd33b24d82c8	2026-07-15T12:49:31+08:00	feat: add retrieval time semantic contract
src/market_regime_alpha/data/__init__.py	SOURCE	FULL_TEXT_READ	Canonical data contracts plus explicitly scoped rehearsal observations.	data	[]	[]	"[""contracts"", ""path_evidence"", ""rehearsal"", ""trading_calendar""]"	[]	"[""docs/archive/superpowers/plans/2026-07-16-wp4a-entry-path-targets.md"", ""docs/archive/superpowers/plans/2026-07-18-wp4a2-entry-path-as-of-evidence-correction.md"", ""docs/archive/superpowers/plans/2026-07-18-wp4a1-entry-path-temporal-price-lineage-hardening.md""]"	[]	1270	43	5603a7128619115d1a562fb1925de39e39dac070	2026-07-18T02:16:25+08:00	提交代码
src/market_regime_alpha/data/contracts.py	SOURCE	FULL_TEXT_READ	Canonical provider, source-artifact, and dataset contracts.	data	"[""DataEligibility"", ""_require_non_empty"", ""ProviderReference"", ""SourceArtifactReference"", ""DatasetContract""]"	"[""SourceArtifactReference"", ""DatasetContract""]"	"[""__future__"", ""dataclasses"", ""enum"", ""market_regime_alpha.core.identity"", ""market_regime_alpha.core.time""]"	"[""tests/universe/test_eligibility_policy.py"", ""tests/universe/test_contracts.py"", ""tests/universe/test_eligibility_artifacts.py"", ""tests/universe/test_provider_rehearsal_eligibility_policy_v2.py"", ""tests/candidates/test_baseline_ranking_evaluation_guards.py"", ""tests/candidates/test_rehearsal_materializers.py"", ""tests/candidates/test_dataset_builder.py"", ""tests/candidates/test_r5_calendar_resolved_targets.py"", ""tests/candidates/test_r5_rehearsal_pipeline.py"", ""tests/candidates/test_r5_decision_time_contract.py"", ""tests/candidates/test_panel.py"", ""tests/candidates/test_r5_opportunity_target_bundle.py"", ""tests/candidates/test_minimal_research_spine.py"", ""tests/candidates/test_composite_baseline.py"", ""tests/research/test_tencent_composite_materialization.py"", ""tests/research/test_tencent_composite_cli.py"", ""tests/research/test_tencent_composite_runner.py"", ""tests/research/test_provider_export_adapter.py"", ""tests/research/test_tencent_composite_contracts.py"", ""tests/research/test_provider_rehearsal_market_artifact.py"", ""tests/legacy/test_dataset_contract_adapter.py"", ""tests/data/test_contracts.py"", ""tests/features/test_contracts.py""]"	"[""docs/specs/Xuntou-P0-Native-Field-Mapping.md"", ""docs/architecture/R3-R4-Minimal-Research-Spine.md"", ""docs/architecture/01-Domain-Boundaries.md"", ""docs/research/R5-Xuntou-P0-Adapter-Status.md"", ""docs/research/R5-Provider-Rehearsal-Market-Artifact.md"", ""docs/archive/superpowers/plans/2026-07-16-tencent-composite-exploratory-r5.md"", ""docs/archive/superpowers/plans/2026-07-16-xuntou-p0-native-adapter.md"", ""docs/archive/superpowers/plans/2026-07-16-wp3-provider-routing-and-candidate-runs.md""]"	[]	3317	93	b59d013c4f29d99ad16f963f264f0e9a4fb139d1	2026-07-15T13:06:01+08:00	fix: enforce canonical DataEligibility at runtime
src/market_regime_alpha/data/path_evidence.py	SOURCE	FULL_TEXT_READ	Rehearsal-scoped future path evidence for Entry Target materialization.	data	"[""_require_symbol"", ""_require_text"", ""_require_positive_finite"", ""_require_dataset_id"", ""_evidence_id"", ""RehearsalEntryReferenceEvidence"", ""RehearsalFuturePathSessionReadiness"", ""RehearsalFuturePathReadinessPolicy"", ""RehearsalFuturePathCoverageAssertion"", ""_require_evidence_times"", ""RehearsalFutureDailyBar"", ""RehearsalFutureSuspensionEvidence""]"	[]	"[""json"", ""math"", ""__future__"", ""dataclasses"", ""datetime"", ""hashlib"", ""market_regime_alpha.core.identity"", ""market_regime_alpha.core.time""]"	"[""tests/data/test_path_evidence.py""]"	"[""docs/specs/Entry-Path-Target-V1.md"", ""docs/archive/superpowers/specs/2026-07-16-wp4a-entry-path-targets-design.md"", ""docs/archive/superpowers/specs/2026-07-18-wp4a2-entry-path-as-of-evidence-correction-design.md"", ""docs/archive/superpowers/specs/2026-07-18-wp4a1-entry-path-temporal-price-lineage-hardening-design.md"", ""docs/archive/superpowers/plans/2026-07-16-wp4a-entry-path-targets.md"", ""docs/archive/superpowers/plans/2026-07-18-wp4a2-entry-path-as-of-evidence-correction.md"", ""docs/archive/superpowers/plans/2026-07-18-wp4a1-entry-path-temporal-price-lineage-hardening.md""]"	[]	11074	276	57e40503ba25eaad702c6b98b197d21fabf10c8e	2026-07-18T02:27:38+08:00	提交代码
src/market_regime_alpha/data/rehearsal.py	SOURCE	FULL_TEXT_READ	Controlled rehearsal market observations for the first R5 Candidate pipeline.	data	"[""_require_symbol"", ""_require_positive_finite"", ""_require_non_negative_finite"", ""RehearsalDailyBar"", ""RehearsalDecisionSnapshot"", ""RehearsalNextSessionClose"", ""RehearsalNextSessionBar""]"	"[""RehearsalDecisionSnapshot""]"	"[""math"", ""__future__"", ""dataclasses"", ""datetime"", ""market_regime_alpha.core.time""]"	"[""tests/test_macd_event_rehearsal.py"", ""tests/test_macd_oos.py"", ""tests/universe/test_eligibility_policy.py"", ""tests/universe/test_provider_rehearsal_eligibility_policy_v2.py"", ""tests/candidates/test_rehearsal_materializers.py"", ""tests/candidates/test_dataset_builder.py"", ""tests/candidates/test_r5_calendar_resolved_targets.py"", ""tests/candidates/test_r5_rehearsal_pipeline.py"", ""tests/candidates/test_panel.py"", ""tests/candidates/test_r5_opportunity_target_bundle.py"", ""tests/candidates/test_minimal_research_spine.py"", ""tests/candidates/test_composite_baseline.py"", ""tests/research/test_r5_baseline_runner.py"", ""tests/research/test_provider_candidate_runner.py"", ""tests/research/test_provider_rehearsal_market_artifact.py"", ""tests/legacy/test_dataset_contract_adapter.py"", ""tests/data/test_contracts.py"", ""tests/features/test_contracts.py""]"	"[""docs/specs/Xuntou-P0-Native-Field-Mapping.md"", ""docs/research/R5-Candidate-Dataset-Builder-Status.md"", ""docs/research/R5-Xuntou-P0-Adapter-Status.md"", ""docs/archive/superpowers/specs/2026-07-18-wp4a1-entry-path-temporal-price-lineage-hardening-design.md"", ""docs/archive/superpowers/plans/2026-07-16-wp4a-entry-path-targets.md"", ""docs/archive/superpowers/plans/2026-07-18-wp4a1-entry-path-temporal-price-lineage-hardening.md""]"	[]	3868	113	e4d701f00b152b0400803581de48488ee250d108	2026-07-15T16:21:42+08:00	feat: add controlled next-session OHLC rehearsal observation
src/market_regime_alpha/data/trading_calendar.py	SOURCE	FULL_TEXT_READ	Canonical historical trading-calendar artifact and next-session resolver.	data	"[""TradingSession"", ""TradingCalendarArtifact"", ""build_trading_calendar_artifact""]"	"[""TradingCalendarArtifact""]"	"[""json"", ""__future__"", ""dataclasses"", ""datetime"", ""hashlib"", ""zoneinfo"", ""market_regime_alpha.core.identity"", ""market_regime_alpha.core.time""]"	"[""tests/test_signal_audit.py"", ""tests/test_sell_side.py"", ""tests/candidates/test_r5_calendar_resolved_targets.py"", ""tests/research/test_provider_candidate_runner.py"", ""tests/research/test_provider_rehearsal_market_artifact.py"", ""tests/data/test_trading_calendar.py"", ""tests/strategies/entry/test_materialization.py""]"	"[""docs/specs/Xuntou-P0-Native-Field-Mapping.md"", ""docs/specs/Entry-Path-Target-V1.md"", ""docs/research/R5-Xuntou-P0-Official-Documentation-Evidence.md"", ""docs/research/R5-Candidate-Dataset-Builder-Status.md"", ""docs/research/R5-Xuntou-P0-Adapter-Status.md"", ""docs/research/R5-Provider-Rehearsal-Market-Artifact.md"", ""docs/archive/superpowers/specs/2026-07-16-wp4a-entry-path-targets-design.md"", ""docs/archive/superpowers/plans/2026-07-16-wp4a-entry-path-targets.md"", ""docs/archive/superpowers/plans/2026-07-18-wp4a1-entry-path-temporal-price-lineage-hardening.md"", ""docs/archive/superpowers/plans/2026-07-16-wp3-provider-routing-and-candidate-runs.md""]"	[]	5489	143	5f7a015d75b279cad595932f7fb41d44d29aa4d5	2026-07-16T22:54:34+08:00	feat: add future path evidence and calendar horizon resolver
src/market_regime_alpha/data_sources/__init__.py	SOURCE	FULL_TEXT_READ	External market data clients.	data_sources	[]	[]	[]	[]	[]	[]	37	3	24c8de2b5141d4d6a80d3f23eef1b6d084a48ecd	2026-07-09T00:03:11+08:00	Initial market-regime-alpha migration
src/market_regime_alpha/data_sources/a_share_bars.py	SOURCE	FULL_TEXT_READ	Free A-share bar data adapters with a shared normalized schema.	data_sources	"[""AShareDataError"", ""AShareBarProvider"", ""BarFetchAttempt"", ""BarFetchResult"", ""LatestQuote"", ""FiveLevelBook"", ""L1TickSnapshot"", ""MultiSourceDataError"", ""QmtL1Provider"", ""TencentMinuteProvider"", ""LocalCacheTencentProvider"", ""TencentBaoStockHistoryProvider"", ""EastMoneyDirectProvider"", ""EastMoneyBaoStockHistoryProvider"", ""AkshareADataProvider"", ""BaoStockADataProvider"", ""TushareADataProvider"", ""YFinanceADataProvider"", ""fetch_a_share_5min_with_fallback"", ""fetch_tencent_latest_quotes"", ""parse_tencent_quote_text"", ""normalize_akshare_minute_frame"", ""normalize_baostock_minute_frame"", ""normalize_eastmoney_minute_rows"", ""normalize_tencent_minute_payload"", ""normalize_yfinance_minute_frame"", ""normalize_qmt_market_data_ex"", ""normalize_qmt_tick_snapshot"", ""merge_history_with_intraday"", ""_read_local_5min_cache"", ""read_local_5min_cache"", ""_filter_bar_time_range"", ""baostock_credentials"", ""provider_options"", ""to_plain_code"", ""to_baostock_code"", ""to_eastmoney_secid"", ""to_tencent_code"", ""to_yfinance_ticker"", ""_provider_sequence"", ""_normalize_bar_frame"", ""_require_columns"", ""_minute_period"", ""_read_eastmoney_kline_json"", ""_read_tencent_minute_json"", ""_eastmoney_datetime"", ""_session_date"", ""_last_bar_date"", ""_date_only"", ""_baostock_date_chunks"", ""_timestamp_text"", ""_qmt_datetime"", ""_qmt_timestamp_text"", ""_optional_qmt_timestamp"", ""_baostock_timestamp"", ""_to_numeric"", ""_optional_float"", ""_qmt_auto_enabled"", ""_first_present"", ""_optional_any_float"", ""_first_float"", ""_float_tuple"", ""_five_level_book""]"	"[""L1TickSnapshot""]"	"[""json"", ""os"", ""time"", ""__future__"", ""contextlib"", ""dataclasses"", ""datetime"", ""io"", ""pathlib"", ""typing"", ""urllib.parse"", ""urllib.request"", ""market_regime_alpha.data_sources.tushare_client""]"	"[""tests/test_dividend_t_app.py"", ""tests/test_dividend_trend_snapshot.py"", ""tests/test_a_share_bars.py"", ""tests/research/test_tencent_composite_acquisition.py"", ""tests/research/test_tencent_composite_dividend_t.py""]"	"[""docs/Dividend-T-Platform.md"", ""docs/archive/superpowers/plans/2026-07-16-tencent-composite-exploratory-r5.md""]"	[]	47827	1300	35d4b435c3daf3ee716bef11066d8f6f520c9056	2026-07-16T16:15:53+08:00	feat: acquire identified Tencent composite sources
src/market_regime_alpha/data_sources/tencent_minute_cache.py	SOURCE	FULL_TEXT_READ	Tencent 1-minute intraday cache backed by DuckDB.	data_sources	"[""CacheWriteResult"", ""fetch_tencent_1min_frame"", ""normalize_tencent_1min_payload"", ""write_tencent_1min_cache"", ""cache_tencent_1min"", ""is_a_share_market_session"", ""_prepare_cache_frame"", ""_table_count""]"	[]	"[""__future__"", ""dataclasses"", ""datetime"", ""pathlib"", ""typing"", ""zoneinfo"", ""market_regime_alpha.data_sources.a_share_bars"", ""market_regime_alpha.dividend_t.storage""]"	"[""tests/test_tencent_minute_cache.py""]"	"[""docs/archive/superpowers/plans/2026-07-16-tencent-composite-exploratory-r5.md""]"	[]	7227	196	24c8de2b5141d4d6a80d3f23eef1b6d084a48ecd	2026-07-09T00:03:11+08:00	Initial market-regime-alpha migration
src/market_regime_alpha/data_sources/tushare_client.py	SOURCE	FULL_TEXT_READ	Tushare data access for A-share daily and minute bars.	data_sources	"[""TushareConfigError"", ""TushareDataError"", ""BarQuery"", ""load_dotenv_if_available"", ""get_tushare_token"", ""normalize_ts_code"", ""normalize_daily_date"", ""normalize_minute_datetime"", ""normalize_minute_freq"", ""dataframe_records"", ""build_tushare_client"", ""TushareClient"", ""normalize_daily_frame"", ""normalize_minute_frame"", ""_require_columns"", ""_select_bar_columns"", ""_daily_timestamp"", ""_minute_timestamp"", ""_read_csv"", ""_cache_part"", ""_clean_record""]"	[]	"[""os"", ""re"", ""__future__"", ""dataclasses"", ""datetime"", ""pathlib"", ""typing""]"	"[""tests/test_tushare_client.py""]"	[]	[]	15079	423	24c8de2b5141d4d6a80d3f23eef1b6d084a48ecd	2026-07-09T00:03:11+08:00	Initial market-regime-alpha migration
src/market_regime_alpha/dividend_t/__init__.py	SOURCE	FULL_TEXT_READ	A-share buy/sell point identification model modules.	dividend_t	[]	[]	"[""market_regime_alpha.dividend_t.models"", ""market_regime_alpha.dividend_t.strategy""]"	[]	[]	[]	456	22	1c527dec21979de79da0de9c9e1a1f1be9495c2e	2026-07-09T20:27:27+08:00	Improve buy sell point dashboard
src/market_regime_alpha/dividend_t/attention.py	SOURCE	FULL_TEXT_READ	Market attention scoring for the dividend T-trading monitor.	dividend_t	"[""AttentionScore"", ""estimate_attention"", ""_prepare"", ""_latest_amount"", ""_rolling_mean"", ""_score_between"", ""_ratio_score"", ""_attention_reasons""]"	[]	"[""__future__"", ""dataclasses"", ""typing"", ""market_regime_alpha.dividend_t.scoring""]"	"[""tests/test_dividend_t_backtest.py""]"	"[""docs/Dividend-T-Platform.md"", ""docs/archive/superpowers/plans/2026-07-16-tencent-composite-exploratory-r5.md""]"	[]	5013	133	24c8de2b5141d4d6a80d3f23eef1b6d084a48ecd	2026-07-09T00:03:11+08:00	Initial market-regime-alpha migration
src/market_regime_alpha/dividend_t/backtest.py	SOURCE	FULL_TEXT_READ	Backtest loop for the COSCO dividend T timing model.	dividend_t	"[""DividendTBacktestConfig"", ""DividendTTrade"", ""DividendTBacktestPoint"", ""DividendTBacktestResult"", ""BacktestSignal"", ""TradeExecutionConstraints"", ""CounterfactualExecutionContext"", ""counterfactual_event_from_signal"", ""resolve_counterfactual_execution"", ""resolve_execution_request"", ""evaluate_sizing_counterfactual_paths"", ""_blocked_counterfactual"", ""BacktestSignalCache"", ""load_5min_bars_csv"", ""load_5min_bars_path"", ""normalize_backtest_bars"", ""build_sample_cosco_backtest_bars"", ""run_cosco_dividend_t_backtest"", ""format_cosco_backtest_report"", ""_rebalance_base_position"", ""_apply_risk_on_position_target_engine"", ""_apply_candidate_entry_target"", ""_candidate_entry_start_target_pct"", ""_candidate_entry_start_reason"", ""_target_engine_state"", ""_reduce_attack_position"", ""_core_floor_hard_exit_signal"", ""_core_floor_protects_action"", ""_core_floor_protected_t_shares"", ""_core_floor_sellable_t_shares"", ""_t_mode_allows_timing_buy"", ""_t_mode_allows_timing_sell"", ""_t_mode_allows_reverse_t"", ""_t_mode_allows_breakout_profit_protection"", ""_t_mode_scaled_buy_target_pct"", ""_t_mode_scaled_sell_fraction"", ""_apply_backtest_macd_sizing"", ""_signal_for_action"", ""validate_execution_after_signal"", ""_execute_action"", ""_optional_float"", ""_optional_bool"", ""_optional_text"", ""_candidate_signal_value"", ""_cached_string_tuple"", ""_execution_state"", ""_trade_date"", ""_previous_daily_close_by_date"", ""_trade_execution_constraints"", ""_is_suspended_bar"", ""_limit_pct_for_symbol"", ""_sellable_shares"", ""_block_key"", ""_increment_count"", ""_apply_corporate_action"", ""_market_environment_at"", ""_previous_market_environment_at"", ""_empty_market_environment_metrics"", ""_market_environment_point_metrics"", ""_current_model_state_metrics"", ""_effective_signal_config"", ""_select_dynamic_strategy_mode"", ""_offensive_signal_eligible"", ""_apply_risk_on_continuation_add"", ""_risk_on_continuation_add_signal"", ""_apply_market_environment_filter"", ""_signal_with_market_environment"", ""_apply_sell_point_hit_rate_calibration"", ""_next_stock_risk_on_bars_remaining"", ""_individual_stock_risk_on_signal"", ""_stock_market_filter_passthrough_signal"", ""_stock_risk_on_sustain_signal"", ""_stock_risk_on_exit_signal"", ""_cap_signal_total_position"", ""_base_target_pct"", ""_next_active_base_target_pct"", ""_next_attack_state"", ""_attack_watch_signal"", ""_attack_confirm_signal"", ""_attack_sustain_signal"", ""_attack_full_sustain_signal"", ""_attack_exit_signal"", ""_attack_hard_exit_signal"", ""_attack_soft_exit_defer_signal"", ""_attack_volume_distribution_next_state"", ""_offensive_volume_distribution_reduce_signal"", ""_offensive_volume_distribution_soft_signal"", ""_offensive_volume_distribution_blocks_entry_signal"", ""_volume_price_distribution_state"", ""_offensive_volume_distribution_pressure_count"", ""_offensive_volume_distribution_severe_signal"", ""_offensive_volume_distribution_hard_exit_signal"", ""_offensive_volume_distribution_high_profit_position"", ""_offensive_volume_distribution_low_absorption_signal"", ""_signal_capital_flow_outflow_confirmed"", ""_offensive_volume_distribution_absorbed"", ""_offensive_volume_distribution_continuation_confirmed"", ""_price_up_volume_down_main_rise_continuation_signal"", ""_strong_trend_volume_distribution_override_signal"", ""_volume_price_distribution_hard_breakdown_signal"", ""_beta_hold_core_floor_hard_break_signal"", ""_beta_hold_main_rise_core_floor_signal"", ""_attack_grace_signal"", ""_trend_follow_hold_signal"", ""_offensive_hold_extension_signal"", ""_offensive_soft_stop_extension_signal"", ""_sell_point_continuation_hold_signal"", ""_sell_point_continuation_quality_score"", ""_stop_wait_observation_signal"", ""_profit_protection_defer_signal"", ""_active_position_profit_pct"", ""_offensive_risk_on_continuation_signal"", ""_beta_hold_entry_signal"", ""_beta_hold_sustain_signal"", ""_beta_hold_core_signal"", ""_beta_hold_blocks_soft_exit"", ""_beta_hold_soft_exit_signal"", ""_beta_hold_catastrophic_exit_signal"", ""_beta_hold_hard_exit_signal"", ""_beta_hold_distribution_reduce_signal"", ""_beta_hold_distribution_hard_exit_signal"", ""_offensive_trailing_profit_sell_fraction"", ""_exit_support_broken_signal"", ""_stop_wait_soft_exit_confirmed_signal"", ""_stop_wait_false_break_deescalation_signal"", ""_stop_wait_exit_fraction"", ""_offensive_exit_sell_fraction"", ""_sell_timing_exit_confirmed_signal"", ""_sell_timing_defer_signal"", ""_signal_capital_flow_confirmed"", ""_attack_rank"", ""_attack_position_floor_pct"", ""_offensive_trend_add_signal"", ""_offensive_full_add_signal"", ""_breakout_direct_buy_allows_signal"", ""_signal_t_trade_cap"", ""_signal_filtered_cap"", ""_base_rebalance_buy_quality_allows"", ""_base_rebalance_sell_quality_holds"", ""_buy_point_quality_allows_entry"", ""_buy_point_quality_score"", ""_main_rise_buy_quality_score"", ""_buy_volume_price_window_filter_allows"", ""_buy_volume_price_window_bypass_signal"", ""_buy_volume_price_window_quality_score"", ""_volume_price_window_state_score"", ""_buy_quality_adjusted_position_target"", ""_main_rise_adjusted_position_target"", ""_signal_target_position_pct"", ""_next_core_position_floor_pct"", ""_risk_on_core_floor_target_pct"", ""_core_floor_sustain_signal"", ""_risk_on_position_target_pct"", ""_risk_on_staged_position_target_pct"", ""_risk_on_position_stage_cap_pct"", ""_risk_on_position_stage_label"", ""_risk_on_staged_add_allows_signal"", ""_portfolio_main_rise_position_target_signal"", ""_runtime_breakout_alpha_score"", ""_breakout_stall_pressure_signal"", ""_high_quality_breakout_add_signal"", ""_qualified_breakout_hold_signal"", ""_risk_on_secondary_add_confirmation_signal"", ""_risk_on_high_position_reinforcement_signal"", ""_risk_on_full_add_confirmation_signal"", ""_risk_on_target_add_confirmation_signal"", ""_buy_t_failure_cooldown_blocks_signal"", ""_buy_t_cooldown_bypass_signal"", ""_buy_t_failure_cooldown_trigger_trade"", ""_breakout_follow_through_cooldown_blocks_signal"", ""_breakout_follow_through_confirmed"", ""_risk_on_add_follow_through_cooldown_blocks_target"", ""_risk_on_add_follow_through_confirmed"", ""_future_vwap_support_holds"", ""_bar_vwap_values"", ""_with_pretrade_volume_price_context"", ""_with_buy_point_subtype"", ""_signal_buy_point_subtype"", ""_pretrade_volume_price_window_features"", ""_late_stage_stall_entry_blocks"", ""_late_stage_pullback_quality_supports_entry"", ""_late_stage_consecutive_stall_bars"", ""_bar_structure"", ""_row_float"", ""_safe_series_values"", ""_safe_series_max"", ""_safe_series_mean"", ""_is_finite_number"", ""_candidate_entry_confirm_signal"", ""_candidate_entry_confirm_target_pct"", ""_candidate_entry_confirm_follow_through_signal"", ""_candidate_entry_hold_blocks_exit"", ""_candidate_entry_hard_exit_signal"", ""_kelly_target_trade_pct"", ""_layered_position_floor_pct"", ""_signal_strength_position_cap_floor"", ""_position_signal_score"", ""_full_position_signal"", ""_position_confirmation_count"", ""_non_force_position_confirmation_count"", ""_volume_price_confirmed"", ""_volume_price_score"", ""_risk_on_volume_price_quality"", ""_buy_strength_score"", ""clamp"", ""_safe_cache_part"", ""_trade"", ""_validate_config"", ""_mark_to_market"", ""_buy_price"", ""_sell_price"", ""_buy_cost"", ""_buy_cost_per_share"", ""_sell_proceeds"", ""_floor_lot"", ""_annualized_return"", ""_max_drawdown"", ""_fmt_pct"", ""_fmt_money""]"	[]	"[""math"", ""__future__"", ""dataclasses"", ""pathlib"", ""typing"", ""market_regime_alpha.dividend_t.cosco_timing"", ""market_regime_alpha.dividend_t.buy_point_quality"", ""market_regime_alpha.dividend_t.market_environment"", ""market_regime_alpha.dividend_t.macd_experiments"", ""market_regime_alpha.dividend_t.bar_store"", ""market_regime_alpha.dividend_t.position_sizing"", ""market_regime_alpha.dividend_t.models"", ""market_regime_alpha.dividend_t.signal_intent"", ""market_regime_alpha.dividend_t.strategy_modes""]"	"[""tests/test_macd_experiments.py"", ""tests/test_macd_oos.py"", ""tests/test_dividend_t_backtest.py"", ""tests/test_signal_audit.py"", ""tests/test_bar_store.py"", ""tests/test_strategy_modes.py"", ""tests/test_sell_side.py"", ""tests/legacy/test_macd_experiment_adapter.py""]"	"[""docs/Usage-Manual.md"", ""docs/archive/superpowers/specs/2026-07-13-macd-signal-intent-design.md"", ""docs/archive/superpowers/plans/2026-07-13-macd-signal-intent-implementation.md""]"	[]	415642	8784	3604d4e22699ffc2e89d0133c1516565df3934c1	2026-07-14T00:24:26+08:00	feat: harden sell-side audit contracts
src/market_regime_alpha/dividend_t/bar_store.py	SOURCE	FULL_TEXT_READ	Fast local bar storage helpers for 5-minute A-share backtests.	dividend_t	"[""BuiltBarFile"", ""BarStoreBuildResult"", ""load_raw_5min_bars_path"", ""load_raw_5min_bars_csv"", ""load_raw_5min_bars_postgres"", ""build_parquet_bar_store"", ""import_csv_dir_to_postgres"", ""iter_5min_csv_files"", ""default_parquet_dir_for_csv_dir"", ""symbol_from_bar_file"", ""normalize_raw_bar_frame"", ""write_bar_store_manifest"", ""_read_csv_path"", ""_read_parquet"", ""_find_parquet_path"", ""_find_csv_path"", ""_symbol_csv_candidates"", ""_symbol_parquet_candidates"", ""_psql_execute"", ""_psql_copy"", ""_postgres_create_table_sql"", ""_sql_table_identifier"", ""_split_table_identifier"", ""_quote_identifier"", ""_validate_identifier"", ""_sql_literal""]"	[]	"[""os"", ""re"", ""subprocess"", ""__future__"", ""dataclasses"", ""pathlib"", ""typing""]"	"[""tests/test_bar_store.py""]"	[]	[]	16203	446	24c8de2b5141d4d6a80d3f23eef1b6d084a48ecd	2026-07-09T00:03:11+08:00	Initial market-regime-alpha migration
src/market_regime_alpha/dividend_t/brokers.py	SOURCE	FULL_TEXT_READ	Broker adapter contracts.	dividend_t	"[""BrokerUnavailable"", ""BrokerPosition"", ""BrokerAccount"", ""BrokerOrderRequest"", ""BrokerOrderResult"", ""BrokerAdapter"", ""PaperBrokerAdapter"", ""QMTAdapter"", ""PTradeAdapter""]"	[]	"[""__future__"", ""dataclasses"", ""datetime"", ""typing"", ""uuid""]"	[]	"[""docs/Dividend-T-Platform.md"", ""docs/research/Daily-Quant-Selection-and-Manual-Trading-Research-Program.md""]"	[]	4419	145	24c8de2b5141d4d6a80d3f23eef1b6d084a48ecd	2026-07-09T00:03:11+08:00	Initial market-regime-alpha migration
src/market_regime_alpha/dividend_t/buy_point_quality.py	SOURCE	FULL_TEXT_READ	Buy-point subtype classification and 5-day hit-rate priors.	dividend_t	"[""BuyPointPrior"", ""classify_buy_point_subtype"", ""buy_point_overheat_reasons"", ""is_overheated_buy_point"", ""breakout_buy_confirmation_allowed"", ""calibrated_buy_win_rate_5d""]"	[]	"[""__future__"", ""dataclasses"", ""market_regime_alpha.dividend_t.signal_intent""]"	"[""tests/test_buy_point_quality.py""]"	"[""docs/archive/superpowers/specs/2026-07-13-macd-signal-intent-design.md"", ""docs/archive/superpowers/plans/2026-07-13-macd-signal-intent-implementation.md""]"	[]	6149	135	8f266b240e8ed480f145d81d094ad16085838ef0	2026-07-13T19:02:13+08:00	refactor: preserve timing candidate semantics
src/market_regime_alpha/dividend_t/cache.py	SOURCE	FULL_TEXT_READ	Realtime state cache abstractions.	dividend_t	"[""MemoryRealtimeCache"", ""RedisRealtimeCache""]"	[]	"[""__future__"", ""dataclasses"", ""typing""]"	"[""tests/test_macd_experiments.py"", ""tests/research/test_tencent_composite_contracts.py""]"	[]	[]	859	33	24c8de2b5141d4d6a80d3f23eef1b6d084a48ecd	2026-07-09T00:03:11+08:00	Initial market-regime-alpha migration
src/market_regime_alpha/dividend_t/certainty.py	SOURCE	FULL_TEXT_READ	Upside certainty estimates based on Tuishen's six decision bases.	dividend_t	"[""CertaintyScore"", ""estimate_certainty"", ""_shape_probability"", ""_certainty_reasons""]"	[]	"[""__future__"", ""dataclasses"", ""typing"", ""market_regime_alpha.dividend_t.attention"", ""market_regime_alpha.dividend_t.cosco_profile"", ""market_regime_alpha.dividend_t.memory"", ""market_regime_alpha.dividend_t.scoring"", ""market_regime_alpha.dividend_t.sell_pressure""]"	"[""tests/test_dividend_t_backtest.py""]"	"[""docs/Dividend-T-Platform.md""]"	[]	3348	94	24c8de2b5141d4d6a80d3f23eef1b6d084a48ecd	2026-07-09T00:03:11+08:00	Initial market-regime-alpha migration
src/market_regime_alpha/dividend_t/chan.py	SOURCE	FULL_TEXT_READ	Chan-structure recognition for the dividend T-trading model.	dividend_t	"[""ChanFractal"", ""ChanStroke"", ""ChanPivot"", ""ChanStructure"", ""analyze_chan_structure"", ""_prepare"", ""_level_params"", ""_normalize_inclusions"", ""_add_macd"", ""_find_fractals"", ""_build_strokes"", ""_more_extreme"", ""_valid_stroke"", ""_find_pivots"", ""_detect_divergence"", ""_divergence_score"", ""_classify_buy_sell"", ""_last_fractal"", ""_previous_fractal"", ""_trend_direction"", ""_structure_type"", ""_chan_score"", ""_reasons"", ""_atr"", ""_neutral""]"	[]	"[""__future__"", ""dataclasses"", ""typing"", ""market_regime_alpha.dividend_t.scoring""]"	"[""tests/test_dividend_t_chan.py""]"	"[""docs/Dividend-T-Platform.md"", ""docs/archive/superpowers/specs/2026-07-13-macd-signal-intent-design.md"", ""docs/archive/superpowers/plans/2026-07-16-tencent-composite-exploratory-r5.md"", ""docs/archive/superpowers/plans/2026-07-13-macd-signal-intent-implementation.md""]"	[]	22868	635	24c8de2b5141d4d6a80d3f23eef1b6d084a48ecd	2026-07-09T00:03:11+08:00	Initial market-regime-alpha migration
src/market_regime_alpha/dividend_t/cosco_profile.py	SOURCE	FULL_TEXT_READ	COSCO Shipping Holdings A-share profile for the first single-stock monitor.	dividend_t	"[""CoscoProfile"", ""IndustryProfileDefaults"", ""build_stock_profile"", ""profile_for_watchlist_item""]"	[]	"[""__future__"", ""dataclasses"", ""typing""]"	"[""tests/test_dividend_t_fundamentals.py"", ""tests/test_cosco_timing.py""]"	[]	[]	5689	134	24c8de2b5141d4d6a80d3f23eef1b6d084a48ecd	2026-07-09T00:03:11+08:00	Initial market-regime-alpha migration
src/market_regime_alpha/dividend_t/cosco_timing.py	SOURCE	FULL_TEXT_READ	COSCO 5-minute manual timing signal engine.	dividend_t	"[""CoscoTimingEngine"", ""get_cosco_timing_from_tushare"", ""get_cosco_timing_from_free_sources"", ""save_cosco_snapshot"", ""build_sample_cosco_bars"", ""sample_cosco_timing"", ""_trend_5_20_allows_buy"", ""_pullback_buy_quality_allows_5d"", ""_stop_wait_quality_allows_5d"", ""_prepare_bars"", ""_data_age_minutes"", ""_profile_for_data"", ""_reference_levels"", ""_trend_probability"", ""_reference_prices"", ""_buyback_reference_allowed"", ""_blocked_reference_prices"", ""_round_or_none"", ""_market_regime"", ""_fmt_optional_price"", ""_confidence""]"	[]	"[""time"", ""__future__"", ""dataclasses"", ""datetime"", ""typing"", ""market_regime_alpha.data_sources.a_share_bars"", ""market_regime_alpha.data_sources.tushare_client"", ""market_regime_alpha.dividend_t.attention"", ""market_regime_alpha.dividend_t.buy_point_quality"", ""market_regime_alpha.dividend_t.certainty"", ""market_regime_alpha.dividend_t.chan"", ""market_regime_alpha.dividend_t.cosco_profile"", ""market_regime_alpha.dividend_t.dynamic_weights"", ""market_regime_alpha.dividend_t.force_ratio"", ""market_regime_alpha.dividend_t.indicators"", ""market_regime_alpha.dividend_t.memory"", ""market_regime_alpha.dividend_t.models"", ""market_regime_alpha.dividend_t.macd"", ""market_regime_alpha.dividend_t.position_sizing"", ""market_regime_alpha.dividend_t.scoring"", ""market_regime_alpha.dividend_t.sell_pressure"", ""market_regime_alpha.dividend_t.storage"", ""market_regime_alpha.dividend_t.cosco_timing_breakout"", ""market_regime_alpha.dividend_t.cosco_timing_capital_flow"", ""market_regime_alpha.dividend_t.cosco_timing_daily"", ""market_regime_alpha.dividend_t.cosco_timing_intraday"", ""market_regime_alpha.dividend_t.cosco_timing_manual"", ""market_regime_alpha.dividend_t.cosco_timing_signal"", ""market_regime_alpha.dividend_t.cosco_timing_types"", ""market_regime_alpha.dividend_t.signal_intent"", ""market_regime_alpha.dividend_t.tuishen_volume_price""]"	"[""tests/test_dividend_t_backtest.py"", ""tests/test_cosco_timing.py"", ""tests/legacy/test_cosco_timing_characterization.py""]"	"[""docs/Usage-Manual.md"", ""docs/Project-Structure.md"", ""docs/Dividend-T-Platform.md"", ""docs/architecture/Original-Intent-to-R3-R4-Consistency-Audit.md"", ""docs/architecture/Constitution-Consistency-Audit.md"", ""docs/architecture/06-Legacy-Migration.md"", ""docs/architecture/Original-Intent-to-R5-Consistency-Audit.md"", ""docs/architecture/R1-Legacy-Characterization.md"", ""docs/research/R5-Candidate-Dataset-Builder-Status.md"", ""docs/research/R5-Candidate-Discovery-Rehearsal-Charter.md"", ""docs/constitution/06-Strategy-Constitution.md"", ""docs/constitution/05-Factor-Constitution.md"", ""docs/constitution/09-Glossary.md"", ""docs/constitution/08-Roadmap.md"", ""docs/constitution/02-Architecture-Blueprint.md"", ""docs/constitution/03-Research-Framework.md"", ""docs/archive/superpowers/specs/2026-07-13-macd-signal-intent-design.md"", ""docs/archive/superpowers/plans/2026-07-16-tencent-composite-exploratory-r5.md"", ""docs/archive/superpowers/plans/2026-07-13-macd-signal-intent-implementation.md""]"	[]	50183	1112	71b7880b431ec685f17106350e8c6239ebe28dc9	2026-07-13T20:27:41+08:00	feat: add MACD counterfactual metrics
src/market_regime_alpha/dividend_t/cosco_timing_breakout.py	SOURCE	FULL_TEXT_READ	Breakout setup detection for the COSCO timing engine.	dividend_t	"[""_breakout_setup""]"	[]	"[""__future__"", ""typing"", ""market_regime_alpha.dividend_t.attention"", ""market_regime_alpha.dividend_t.certainty"", ""market_regime_alpha.dividend_t.chan"", ""market_regime_alpha.dividend_t.cosco_timing_capital_flow"", ""market_regime_alpha.dividend_t.cosco_timing_daily"", ""market_regime_alpha.dividend_t.cosco_timing_types"", ""market_regime_alpha.dividend_t.force_ratio"", ""market_regime_alpha.dividend_t.models"", ""market_regime_alpha.dividend_t.scoring"", ""market_regime_alpha.dividend_t.sell_pressure""]"	[]	"[""docs/Usage-Manual.md"", ""docs/archive/superpowers/plans/2026-07-13-macd-signal-intent-implementation.md""]"	[]	13861	312	24c8de2b5141d4d6a80d3f23eef1b6d084a48ecd	2026-07-09T00:03:11+08:00	Initial market-regime-alpha migration
src/market_regime_alpha/dividend_t/cosco_timing_capital_flow.py	SOURCE	FULL_TEXT_READ	Capital-flow features for the COSCO timing engine.	dividend_t	"[""_capital_flow_confirms_buy"", ""_capital_flow_estimate"", ""_signed_money_flow"", ""_first_numeric_series"", ""_flow_ratio"", ""_positive_flow_persistence"", ""_amount_expansion_ratio"", ""_vwap""]"	[]	"[""__future__"", ""typing"", ""market_regime_alpha.dividend_t.cosco_timing_types"", ""market_regime_alpha.dividend_t.scoring""]"	[]	"[""docs/Usage-Manual.md""]"	[]	7022	160	24c8de2b5141d4d6a80d3f23eef1b6d084a48ecd	2026-07-09T00:03:11+08:00	Initial market-regime-alpha migration
src/market_regime_alpha/dividend_t/cosco_timing_daily.py	SOURCE	FULL_TEXT_READ	Daily and multi-period context for the COSCO timing engine.	dividend_t	"[""_daily_context"", ""_dynamic_fundamental_score"", ""_base_position_limit_from_f"", ""_fundamental_position_multiplier"", ""_daily_bars"", ""_multi_period_trend"", ""_period_trend_state""]"	[]	"[""__future__"", ""typing"", ""market_regime_alpha.dividend_t.cosco_profile"", ""market_regime_alpha.dividend_t.cosco_timing_types"", ""market_regime_alpha.dividend_t.scoring""]"	[]	"[""docs/Usage-Manual.md"", ""docs/constitution/05-Factor-Constitution.md"", ""docs/constitution/02-Architecture-Blueprint.md"", ""docs/archive/superpowers/plans/2026-07-16-wp4a-entry-path-targets.md"", ""docs/archive/superpowers/plans/2026-07-18-wp4a1-entry-path-temporal-price-lineage-hardening.md""]"	[]	13309	329	1c527dec21979de79da0de9c9e1a1f1be9495c2e	2026-07-09T20:27:27+08:00	Improve buy sell point dashboard
src/market_regime_alpha/dividend_t/cosco_timing_intraday.py	SOURCE	FULL_TEXT_READ	Intraday confirmation helpers for the COSCO timing engine.	dividend_t	"[""_intraday_context"", ""_trend_state""]"	[]	"[""__future__"", ""datetime"", ""typing"", ""market_regime_alpha.dividend_t.cosco_timing_types"", ""market_regime_alpha.dividend_t.models"", ""market_regime_alpha.dividend_t.scoring""]"	[]	"[""docs/Usage-Manual.md""]"	[]	4043	100	24c8de2b5141d4d6a80d3f23eef1b6d084a48ecd	2026-07-09T00:03:11+08:00	Initial market-regime-alpha migration
src/market_regime_alpha/dividend_t/cosco_timing_manual.py	SOURCE	FULL_TEXT_READ	Manual action state machine for the COSCO timing engine.	dividend_t	"[""_probability_allows_attack"", ""_manual_action"", ""_strong_trend_protects_sell"", ""_high_pressure_sell_setup"", ""_fmt_optional_price"", ""_tuishen_force_buy_edge""]"	[]	"[""__future__"", ""market_regime_alpha.dividend_t.attention"", ""market_regime_alpha.dividend_t.certainty"", ""market_regime_alpha.dividend_t.chan"", ""market_regime_alpha.dividend_t.cosco_profile"", ""market_regime_alpha.dividend_t.cosco_timing_capital_flow"", ""market_regime_alpha.dividend_t.cosco_timing_signal"", ""market_regime_alpha.dividend_t.cosco_timing_types"", ""market_regime_alpha.dividend_t.force_ratio"", ""market_regime_alpha.dividend_t.memory"", ""market_regime_alpha.dividend_t.models"", ""market_regime_alpha.dividend_t.scoring"", ""market_regime_alpha.dividend_t.sell_pressure"", ""market_regime_alpha.dividend_t.signal_intent""]"	[]	"[""docs/Usage-Manual.md"", ""docs/archive/superpowers/specs/2026-07-13-macd-signal-intent-design.md"", ""docs/archive/superpowers/plans/2026-07-13-macd-signal-intent-implementation.md""]"	[]	36448	747	fde5ba3db5619da27b4cb3548e882b88289a0bb5	2026-07-13T19:22:10+08:00	feat: add intent-aware MACD policy
src/market_regime_alpha/dividend_t/cosco_timing_signal.py	SOURCE	FULL_TEXT_READ	Signal-strength scoring for the COSCO timing engine.	dividend_t	"[""_signal_strength"", ""_buy_signal_strength_score"", ""_signal_strength_label""]"	[]	"[""__future__"", ""market_regime_alpha.dividend_t.buy_point_quality"", ""market_regime_alpha.dividend_t.certainty"", ""market_regime_alpha.dividend_t.chan"", ""market_regime_alpha.dividend_t.cosco_timing_capital_flow"", ""market_regime_alpha.dividend_t.cosco_timing_types"", ""market_regime_alpha.dividend_t.force_ratio"", ""market_regime_alpha.dividend_t.scoring"", ""market_regime_alpha.dividend_t.sell_pressure""]"	[]	[]	[]	8974	198	1c527dec21979de79da0de9c9e1a1f1be9495c2e	2026-07-09T20:27:27+08:00	Improve buy sell point dashboard
src/market_regime_alpha/dividend_t/cosco_timing_types.py	SOURCE	FULL_TEXT_READ	Shared data contracts for the COSCO 5-minute timing engine.	dividend_t	"[""ReferencePrices"", ""SignalStrength"", ""MarketRegime"", ""MultiPeriodTrend"", ""CapitalFlowEstimate"", ""VolumePriceStructure"", ""TrendProbability"", ""BreakoutSetup"", ""DailyContext"", ""IntradayContext"", ""ManualCandidateDecision"", ""manual_candidate"", ""policy_candidate_from_manual"", ""CandidateTraceFields"", ""candidate_trace_fields"", ""apply_timing_macd_policy"", ""TimingDecisionTrace"", ""CoscoTimingSnapshot"", ""CoscoTimingUnavailable""]"	"[""ManualCandidateDecision"", ""TimingDecisionTrace"", ""CoscoTimingSnapshot""]"	"[""__future__"", ""dataclasses"", ""typing"", ""market_regime_alpha.dividend_t.macd"", ""market_regime_alpha.dividend_t.models"", ""market_regime_alpha.dividend_t.signal_intent""]"	"[""tests/test_cosco_timing.py""]"	"[""docs/architecture/02-End-to-End-Research-and-Decision-Flow.md"", ""docs/constitution/09-Glossary.md"", ""docs/archive/superpowers/plans/2026-07-13-macd-signal-intent-implementation.md""]"	[]	12830	384	71b7880b431ec685f17106350e8c6239ebe28dc9	2026-07-13T20:27:41+08:00	feat: add MACD counterfactual metrics
src/market_regime_alpha/dividend_t/dynamic_weights.py	SOURCE	FULL_TEXT_READ	Dynamic weights for the COSCO 5-minute manual timing model.	dividend_t	"[""DynamicWeights"", ""build_dynamic_weights""]"	[]	"[""__future__"", ""dataclasses"", ""market_regime_alpha.dividend_t.models""]"	[]	"[""docs/Dividend-T-Platform.md""]"	[]	2123	74	24c8de2b5141d4d6a80d3f23eef1b6d084a48ecd	2026-07-09T00:03:11+08:00	Initial market-regime-alpha migration
src/market_regime_alpha/dividend_t/force_ratio.py	SOURCE	FULL_TEXT_READ	Buy-pressure / sell-pressure force-ratio model.	dividend_t	"[""ForceRatioEstimate"", ""estimate_force_ratio"", ""_force_reasons""]"	[]	"[""__future__"", ""dataclasses"", ""market_regime_alpha.dividend_t.attention"", ""market_regime_alpha.dividend_t.certainty"", ""market_regime_alpha.dividend_t.dynamic_weights"", ""market_regime_alpha.dividend_t.memory"", ""market_regime_alpha.dividend_t.scoring"", ""market_regime_alpha.dividend_t.sell_pressure""]"	"[""tests/test_dividend_t_backtest.py"", ""tests/test_cosco_timing.py""]"	"[""docs/Dividend-T-Platform.md""]"	[]	3245	87	24c8de2b5141d4d6a80d3f23eef1b6d084a48ecd	2026-07-09T00:03:11+08:00	Initial market-regime-alpha migration
src/market_regime_alpha/dividend_t/formal_dataset_builder.py	SOURCE	FULL_TEXT_READ	Fail-closed builder for a small, real-data-ready MACD rehearsal dataset.	dividend_t	"[""FormalDatasetBuildError"", ""FormalDatasetSidecars"", ""FormalDatasetBuildRequest"", ""FormalDatasetQualityReport"", ""FormalDatasetBuildResult"", ""build_rehearsal_dataset"", ""write_rehearsal_dataset_artifact"", ""_read_bars"", ""_validate_bar_columns"", ""_validate_units_and_vwap"", ""_validate_pit_adjustment_evidence"", ""_load_object"", ""_calendar_dates_with_session_close"", ""_validate_sidecar_coverage"", ""_validate_session_completeness""]"	[]	"[""json"", ""shutil"", ""tempfile"", ""__future__"", ""dataclasses"", ""pathlib"", ""typing"", ""macd"", ""macd_experiments"", ""macd_oos""]"	"[""tests/test_formal_dataset_builder.py""]"	"[""docs/Formal-Data-Source-PoC-2026-07-14.md"", ""docs/constitution/04-Data-Constitution.md""]"	[]	12771	261	b02e93f9eba2c1bfc7d834f00dcf1e7cb984d18f	2026-07-14T09:25:21+08:00	feat: harden research lifecycle and dataset evidence
src/market_regime_alpha/dividend_t/fundamentals.py	SOURCE	FULL_TEXT_READ	Tushare-backed fundamental scoring for the dividend T model.	dividend_t	"[""FundamentalSnapshot"", ""TushareFundamentalDataset"", ""FundamentalProfileResolver"", ""TushareFundamentalScorer"", ""build_fundamental_resolver"", ""apply_fundamental_snapshot"", ""fallback_fundamental_snapshot"", ""score_fundamentals"", ""_valuation_score"", ""_dividend_score"", ""_quality_score"", ""_cycle_score"", ""_catalyst_score"", ""_weighted_f_score"", ""_filter_daily_basic"", ""_filter_report_frame"", ""_copy_frame"", ""_latest_record"", ""_first_number"", ""_series_numbers"", ""_positive_count"", ""_inverse_percentile_bonus"", ""_first_existing_column"", ""_to_float"", ""_date_text"", ""_compact_date"", ""_round_or_none"", ""_metric_note"", ""_fmt_metric""]"	"[""FundamentalSnapshot""]"	"[""__future__"", ""dataclasses"", ""dataclasses"", ""datetime"", ""pathlib"", ""typing"", ""market_regime_alpha.data_sources.tushare_client"", ""market_regime_alpha.dividend_t.cosco_profile"", ""market_regime_alpha.dividend_t.scoring"", ""market_regime_alpha.dividend_t.tushare_provider""]"	"[""tests/test_dividend_t_fundamentals.py""]"	[]	[]	19666	530	24c8de2b5141d4d6a80d3f23eef1b6d084a48ecd	2026-07-09T00:03:11+08:00	Initial market-regime-alpha migration
src/market_regime_alpha/dividend_t/git_publish.py	SOURCE	FULL_TEXT_READ	Small git publisher used by local automation jobs.	dividend_t	"[""GitPublishResult"", ""publish_paths"", ""_relative_path"", ""_run_git""]"	[]	"[""subprocess"", ""__future__"", ""dataclasses"", ""pathlib""]"	"[""tests/test_git_publish.py""]"	[]	[]	2350	70	7530d0575539f6d5d262f53d56d5ca34637b1137	2026-07-09T01:05:29+08:00	Add local dividend trend publisher
src/market_regime_alpha/dividend_t/grid_25t_test.py	SOURCE	FULL_TEXT_READ	Standalone daily-close 2.5% dividend T-grid test model.	dividend_t	"[""Grid25TConfig"", ""Grid25TTrade"", ""Grid25TPoint"", ""Grid25TResult"", ""_DailyDecisionBar"", ""_GridLayer"", ""run_grid_25t_backtest"", ""_CorporateAction"", ""_SellExecution"", ""_sell_layers"", ""max_drawdown"", ""_iter_daily_decision_bars"", ""_normalize_bars"", ""_validate_config"", ""_shares_for_notional"", ""_buy_fill_price"", ""_sell_fill_price"", ""_buy_cost"", ""_sell_proceeds"", ""_sellable_layers"", ""_is_sellable"", ""_apply_corporate_action"", ""_layer_realized_return"", ""_ladder_ma_filter_blocks"", ""_positive_max"", ""_remove_layers"", ""_last_reference_price"", ""_annualized_return""]"	"[""_DailyDecisionBar""]"	"[""math"", ""__future__"", ""dataclasses"", ""datetime"", ""typing""]"	"[""tests/test_grid_25t_test.py""]"	[]	[]	23551	596	24c8de2b5141d4d6a80d3f23eef1b6d084a48ecd	2026-07-09T00:03:11+08:00	Initial market-regime-alpha migration
src/market_regime_alpha/dividend_t/indicators.py	SOURCE	FULL_TEXT_READ	Daily indicator helpers used by the dividend T-trading model.	dividend_t	"[""TechnicalLevels"", ""add_daily_indicators"", ""estimate_levels"", ""infer_technical_inputs"", ""technical_macd_fields"", ""provisional_macd_payload"", ""_float_or_none"", ""_infer_chan_level""]"	[]	"[""__future__"", ""dataclasses"", ""typing"", ""market_regime_alpha.dividend_t.chan"", ""market_regime_alpha.dividend_t.macd"", ""market_regime_alpha.dividend_t.models""]"	"[""tests/test_dividend_t_model.py""]"	"[""docs/Dividend-T-Platform.md"", ""docs/退神股票涨跌理论-量化实现差距分析.md"", ""docs/archive/superpowers/specs/2026-07-13-macd-signal-intent-design.md"", ""docs/archive/superpowers/plans/2026-07-13-macd-signal-intent-implementation.md""]"	[]	8241	195	541691b67ab8c1a79f0cd1fd78196bdb9aedb752	2026-07-13T18:47:39+08:00	feat: expose neutral MACD model metadata
src/market_regime_alpha/dividend_t/macd.py	SOURCE	FULL_TEXT_READ	Reproducible MACD calculation and immutable v1 data contracts.	dividend_t	"[""BarInterval"", ""MACDCross"", ""MACDZeroAxis"", ""MACDHistogramTrend"", ""MACDDataReason"", ""MACDPriceField"", ""PriceAdjustmentMode"", ""HistogramToleranceMode"", ""MACDConfigError"", ""MACDConfig"", ""MACDScoreBreakdown"", ""MACDResult"", ""ema_recursive"", ""macd_series"", ""neutral_macd_result"", ""_coerce_closes"", ""_zero_axis"", ""_histogram_trend"", ""_cross_at"", ""_most_recent_true_cross"", ""_score_macd"", ""calculate_macd"", ""serialize_macd_config"", ""snapshot_macd_metadata"", ""serialize_macd_result_metadata""]"	[]	"[""math"", ""__future__"", ""dataclasses"", ""enum"", ""typing""]"	"[""tests/test_signal_intent.py"", ""tests/test_dividend_t_app.py"", ""tests/test_formal_dataset_builder.py"", ""tests/test_macd_event_rehearsal.py"", ""tests/test_macd_experiments.py"", ""tests/test_macd.py"", ""tests/test_macd_oos.py"", ""tests/test_dividend_t_backtest.py"", ""tests/test_cosco_timing.py"", ""tests/test_macd_bars.py"", ""tests/test_dividend_t_model.py"", ""tests/legacy/test_dataset_contract_adapter.py"", ""tests/legacy/test_macd_experiment_adapter.py""]"	"[""docs/archive/superpowers/specs/2026-07-13-macd-signal-intent-design.md"", ""docs/archive/superpowers/plans/2026-07-13-macd-signal-intent-implementation.md""]"	[]	20458	508	541691b67ab8c1a79f0cd1fd78196bdb9aedb752	2026-07-13T18:47:39+08:00	feat: expose neutral MACD model metadata
src/market_regime_alpha/dividend_t/macd_bars.py	SOURCE	FULL_TEXT_READ	Formal closed-bar and point-in-time price preparation for MACD.	dividend_t	"[""MACDBarContractError"", ""PriceAdjustmentUnavailable"", ""CorporateAction"", ""PreparedMACDBars"", ""prepare_macd_bars"", ""calculate_macd_from_bars"", ""expected_a_share_5m_closes"", ""_timestamp"", ""_unique_timestamps"", ""_coerce_raw_closes"", ""_point_in_time_adjusted_closes""]"	"[""MACDBarContractError""]"	"[""math"", ""__future__"", ""dataclasses"", ""typing"", ""market_regime_alpha.dividend_t.macd""]"	"[""tests/test_macd_oos.py"", ""tests/test_macd_bars.py""]"	"[""docs/constitution/04-Data-Constitution.md"", ""docs/archive/superpowers/specs/2026-07-13-macd-signal-intent-design.md"", ""docs/archive/superpowers/plans/2026-07-16-tencent-composite-exploratory-r5.md"", ""docs/archive/superpowers/plans/2026-07-13-macd-signal-intent-implementation.md""]"	[]	9574	244	9ee08f3242abb4ffecfcf642b225c1a15a378985	2026-07-13T17:01:08+08:00	feat: enforce closed-bar MACD inputs
src/market_regime_alpha/dividend_t/macd_event_rehearsal.py	SOURCE	FULL_TEXT_READ	Controlled non-empty MACD event rehearsal.	dividend_t	"[""RehearsalExecutionCheck"", ""ControlledEventRehearsal"", ""_Scenario"", ""run_controlled_event_rehearsal"", ""write_controlled_event_rehearsal"", ""_scenarios"", ""_candidate"", ""_evaluate_scenario"", ""_evaluate_blocked_or_suppressed"", ""_score_threshold_suppressed"", ""_normal_bar"", ""_forward_bars"", ""_outcome"", ""_execution_checks"", ""_policy_payload"", ""_profile_hash"", ""_event_metrics"", ""_event_attribution"", ""_audit_fixture_report"", ""_format_report"", ""_write_json"", ""_write_jsonl"", ""_json_value"", ""_setup_value""]"	[]	"[""hashlib"", ""json"", ""math"", ""pandas"", ""__future__"", ""dataclasses"", ""enum"", ""pathlib"", ""typing"", ""market_regime_alpha.dividend_t.backtest"", ""market_regime_alpha.dividend_t.macd"", ""market_regime_alpha.dividend_t.macd_experiments"", ""market_regime_alpha.dividend_t.macd_oos"", ""market_regime_alpha.dividend_t.models"", ""market_regime_alpha.dividend_t.scoring"", ""market_regime_alpha.dividend_t.sell_side"", ""market_regime_alpha.dividend_t.signal_audit"", ""market_regime_alpha.dividend_t.signal_intent""]"	"[""tests/test_macd_event_rehearsal.py""]"	"[""docs/MACD-Research-Audit.md"", ""docs/architecture/R3-R4-Minimal-Research-Spine.md"", ""docs/architecture/PRR-MVP-1-Reproducible-Candidate-Backtest.md"", ""docs/research/R5-Candidate-Dataset-Builder-Status.md"", ""docs/research/Daily-Quant-Selection-and-Manual-Trading-Research-Program.md"", ""docs/research/R5-WP3-Provider-Routing-Status.md"", ""docs/archive/superpowers/specs/2026-07-16-wp3-provider-routing-and-candidate-runs-design.md"", ""docs/archive/superpowers/specs/2026-07-13-macd-signal-intent-design.md"", ""docs/archive/superpowers/plans/2026-07-16-tencent-composite-exploratory-r5.md"", ""docs/archive/superpowers/plans/2026-07-16-wp3-candidate-directional-accuracy.md"", ""docs/archive/superpowers/plans/2026-07-13-macd-signal-intent-implementation.md"", ""docs/archive/superpowers/plans/2026-07-16-wp3-provider-routing-and-candidate-runs.md""]"	[]	27655	662	61806ffa0c217a18ea1ce9ccfd964961857fd256	2026-07-14T09:26:25+08:00	fix: provide rehearsal buyback trading calendar
src/market_regime_alpha/dividend_t/macd_experiments.py	SOURCE	FULL_TEXT_READ	Canonical identities, profiles, and cache metadata for MACD experiments.	dividend_t	"[""CounterfactualEventType"", ""ExecutionResolution"", ""CounterfactualPathOutcome"", ""CounterfactualEvent"", ""MACDGateMetrics"", ""FactorialAttribution"", ""AblationArmContext"", ""MACDExperimentIdentity"", ""build_experiment_identity"", ""canonical_experiment_config"", ""canonical_json"", ""experiment_config_hash"", ""execution_config_hash"", ""effective_confirmation_rule_version"", ""ablation_profiles"", ""macd_policy_config_for_profile"", ""signal_cache_path"", ""cache_metadata"", ""validate_runtime_identity"", ""classify_counterfactual_event"", ""evaluate_counterfactual"", ""summarize_macd_events"", ""intent_bucket"", ""summarize_macd_events_by_intent"", ""factorial_attribution"", ""validate_four_arm_contexts"", ""_rate"", ""_canonical_value"", ""_safe_path_part""]"	[]	"[""hashlib"", ""json"", ""math"", ""__future__"", ""dataclasses"", ""dataclasses"", ""datetime"", ""enum"", ""pathlib"", ""typing"", ""market_regime_alpha.dividend_t.macd"", ""market_regime_alpha.dividend_t.scoring"", ""market_regime_alpha.dividend_t.signal_intent""]"	"[""tests/test_signal_intent.py"", ""tests/test_macd_event_rehearsal.py"", ""tests/test_macd_experiments.py"", ""tests/test_macd_oos.py"", ""tests/test_dividend_t_backtest.py"", ""tests/legacy/test_macd_experiment_adapter.py""]"	"[""docs/architecture/R2-Minimal-V2-Kernel.md"", ""docs/constitution/08-Roadmap.md"", ""docs/constitution/07-Validation-Constitution.md"", ""docs/constitution/03-Research-Framework.md"", ""docs/archive/superpowers/plans/2026-07-13-macd-signal-intent-implementation.md""]"	[]	25894	658	3d0d3e69442e9ef770fbd65245026bd54f435baa	2026-07-13T23:16:46+08:00	feat: harden signal audit execution semantics
src/market_regime_alpha/dividend_t/macd_oos.py	SOURCE	FULL_TEXT_READ	Sealed MACD out-of-sample manifests, gates, and immutable artifacts.	dividend_t	"[""DatasetClassification"", ""DatasetFileManifest"", ""DatasetQualityStats"", ""DatasetSymbolManifest"", ""DatasetManifest"", ""DatasetBundle"", ""DataSplitManifest"", ""ReadinessCheck"", ""FinalTestReadiness"", ""ExperimentRunManifest"", ""build_dataset_manifest"", ""load_dataset_bundle"", ""dataset_manifest_hash"", ""dataset_version"", ""data_split_hash"", ""load_data_split_manifest"", ""validate_four_arm_identities"", ""write_immutable_run_artifact"", ""verify_artifact_checksums"", ""evaluate_final_test_readiness"", ""selected_segment_range"", ""build_run_manifest"", ""_date_range"", ""_split_matches_dataset"", ""_validate_artifact_layout"", ""_write_checksums"", ""_sha256_file"", ""_calendar_dates"", ""_suspension_times"", ""_invalid_price_count"", ""_timestamp_text""]"	[]	"[""hashlib"", ""json"", ""math"", ""os"", ""shutil"", ""sys"", ""tempfile"", ""__future__"", ""dataclasses"", ""enum"", ""pathlib"", ""typing"", ""market_regime_alpha.dividend_t.macd"", ""market_regime_alpha.dividend_t.macd_bars"", ""market_regime_alpha.dividend_t.macd_experiments"", ""market_regime_alpha.dividend_t.signal_intent""]"	"[""tests/test_macd_oos.py"", ""tests/legacy/test_dataset_contract_adapter.py""]"	"[""docs/Data-Spec.md"", ""docs/constitution/07-Validation-Constitution.md"", ""docs/archive/superpowers/plans/2026-07-13-macd-signal-intent-implementation.md""]"	[]	28569	766	b02e93f9eba2c1bfc7d834f00dcf1e7cb984d18f	2026-07-14T09:25:21+08:00	feat: harden research lifecycle and dataset evidence
src/market_regime_alpha/dividend_t/market_environment.py	SOURCE	FULL_TEXT_READ	Market environment filters for dividend-T backtests.	dividend_t	"[""MarketEnvironmentPoint"", ""MarketEnvironmentFilter"", ""build_market_environment_filter"", ""market_environment_point_with_model_state"", ""_build_proxy_market_environment_filter"", ""_build_composite_market_environment_filter"", ""_point_has_composite_market_inputs"", ""_trend_components"", ""_legacy_trend_score_at"", ""_state_from_score"", ""_composite_state"", ""_model_profit_diffusion_risk_on_override"", ""_composite_score"", ""_breadth_score"", ""_amount_score"", ""_limit_structure_score"", ""_industry_diffusion_score"", ""_model_state_score"", ""_industry_risk_on_ratio"", ""_daily_model_state"", ""_row_rate"", ""_first_valid_float"", ""_clamp"", ""_optional_float""]"	[]	"[""__future__"", ""dataclasses"", ""datetime"", ""typing""]"	"[""tests/test_market_environment.py"", ""tests/test_dividend_t_backtest.py""]"	[]	[]	21349	559	24c8de2b5141d4d6a80d3f23eef1b6d084a48ecd	2026-07-09T00:03:11+08:00	Initial market-regime-alpha migration
src/market_regime_alpha/dividend_t/memory.py	SOURCE	FULL_TEXT_READ	Specific-situation memory for repeated intraday setups.	dividend_t	"[""MemoryScore"", ""estimate_memory"", ""classify_current_setup"", ""_event_indices"", ""_classify_setup_at"", ""_prepare"", ""_memory_reasons""]"	[]	"[""__future__"", ""dataclasses"", ""typing"", ""market_regime_alpha.dividend_t.scoring""]"	"[""tests/test_dividend_t_backtest.py""]"	"[""docs/Dividend-T-Platform.md"", ""docs/archive/superpowers/plans/2026-07-16-tencent-composite-exploratory-r5.md""]"	[]	4256	121	24c8de2b5141d4d6a80d3f23eef1b6d084a48ecd	2026-07-09T00:03:11+08:00	Initial market-regime-alpha migration
src/market_regime_alpha/dividend_t/models.py	SOURCE	FULL_TEXT_READ	Core data contracts for the dividend T-trading model.	dividend_t	"[""Signal"", ""TrendState"", ""FundamentalInputs"", ""RetreatInputs"", ""TechnicalInputs"", ""validate_macd_consistency"", ""PositionState"", ""ScoreBreakdown"", ""OrderIntent"", ""StrategyDecision"", ""MACDDualUseDiagnostics"", ""WatchlistItem""]"	"[""StrategyDecision""]"	"[""math"", ""__future__"", ""dataclasses"", ""enum"", ""typing"", ""market_regime_alpha.dividend_t.macd""]"	"[""tests/test_signal_intent.py"", ""tests/test_dividend_t_risk.py"", ""tests/test_cosco_timing.py"", ""tests/test_sell_side.py"", ""tests/test_dividend_t_model.py"", ""tests/legacy/test_dividend_t_strategy_characterization.py"", ""tests/legacy/test_trend_snapshot_characterization.py""]"	"[""docs/MACD-Research-Audit.md"", ""docs/Sell-Side-Model-Spec.md"", ""docs/Data-Spec.md"", ""docs/Dividend-T-Platform.md"", ""docs/退神股票涨跌理论-量化实现差距分析.md"", ""docs/audit/Docs-Inventory-and-Migration-Plan.md"", ""docs/audit/Conversation-Decision-Ledger.md"", ""docs/audit/Conversation-to-Repository-Traceability.md"", ""docs/architecture/R2-Minimal-V2-Kernel.md"", ""docs/architecture/Original-Intent-to-R3-R4-Consistency-Audit.md"", ""docs/architecture/01-Domain-Boundaries.md"", ""docs/architecture/06-Legacy-Migration.md"", ""docs/architecture/R1-Legacy-Characterization.md"", ""docs/research/Position-Lifecycle-Research.md"", ""docs/research/MR-1-Overnight-Morning-Pop-Signal-Validation.md"", ""docs/research/R5-Current-Status.md"", ""docs/constitution/06-Strategy-Constitution.md"", ""docs/constitution/00-Project-Vision.md"", ""docs/constitution/09-Glossary.md"", ""docs/constitution/08-Roadmap.md"", ""docs/constitution/07-Validation-Constitution.md"", ""docs/constitution/02-Architecture-Blueprint.md"", ""docs/constitution/03-Research-Framework.md"", ""docs/status/Capability-Matrix.md"", ""docs/archive/superpowers/specs/2026-07-13-macd-signal-intent-design.md"", ""docs/archive/superpowers/checkpoints/2026-07-13-macd-task0-baseline.md"", ""docs/archive/superpowers/plans/2026-07-13-macd-signal-intent-implementation.md""]"	[]	7556	212	5ade884a65e472fee31847225a5c8eacf6c7736c	2026-07-13T19:17:39+08:00	feat: add experimental MACD technical score
src/market_regime_alpha/dividend_t/point_hit_rate.py	SOURCE	FULL_TEXT_READ	Legacy timing hit-rate diagnostics; not a sell-side evaluation contract.	dividend_t	"[""PointHitRateEvent"", ""PointHitRateSummary"", ""point_type_for_action"", ""build_point_hit_rate_events"", ""summarize_point_hit_rate_events""]"	[]	"[""pandas"", ""__future__"", ""dataclasses"", ""statistics"", ""typing""]"	"[""tests/test_point_hit_rate.py""]"	"[""docs/Usage-Manual.md""]"	[]	5721	166	3604d4e22699ffc2e89d0133c1516565df3934c1	2026-07-14T00:24:26+08:00	feat: harden sell-side audit contracts
src/market_regime_alpha/dividend_t/position_sizing.py	SOURCE	FULL_TEXT_READ	Position sizing vocabulary and helpers for dividend-T models.	dividend_t	"[""clamp_pct"", ""PositionBudget""]"	[]	"[""__future__"", ""dataclasses""]"	"[""tests/test_dividend_t_backtest.py""]"	"[""docs/constitution/06-Strategy-Constitution.md""]"	[]	2176	56	24c8de2b5141d4d6a80d3f23eef1b6d084a48ecd	2026-07-09T00:03:11+08:00	Initial market-regime-alpha migration
src/market_regime_alpha/dividend_t/risk.py	SOURCE	FULL_TEXT_READ	Portfolio and execution risk checks for dividend T-trading.	dividend_t	"[""RiskLimits"", ""RiskCheckResult"", ""RiskEngine""]"	[]	"[""__future__"", ""dataclasses"", ""market_regime_alpha.dividend_t.models""]"	"[""tests/test_dividend_t_risk.py"", ""tests/candidates/test_composite_baseline.py""]"	"[""docs/Dividend-T-Platform.md"", ""docs/archive/superpowers/specs/2026-07-13-macd-signal-intent-design.md""]"	[]	2696	74	24c8de2b5141d4d6a80d3f23eef1b6d084a48ecd	2026-07-09T00:03:11+08:00	Initial market-regime-alpha migration
src/market_regime_alpha/dividend_t/scheduler.py	SOURCE	FULL_TEXT_READ	Scheduler factory for daily data sync and signal generation jobs.	dividend_t	"[""build_background_scheduler""]"	[]	"[""__future__"", ""collections.abc""]"	[]	[]	[]	886	24	24c8de2b5141d4d6a80d3f23eef1b6d084a48ecd	2026-07-09T00:03:11+08:00	Initial market-regime-alpha migration
src/market_regime_alpha/dividend_t/scoring.py	SOURCE	FULL_TEXT_READ	Scoring functions for the long-term dividend T-trading model.	dividend_t	"[""TechnicalScoreDiagnostics"", ""clamp"", ""normalize_score"", ""fundamental_score"", ""base_position_limit"", ""fundamental_grade"", ""risk_reward_score"", ""retreat_score"", ""technical_score"", ""technical_score_diagnostics"", ""build_score_breakdown"", ""build_score_breakdown_with_t_score""]"	[]	"[""math"", ""__future__"", ""dataclasses"", ""market_regime_alpha.dividend_t.models""]"	"[""tests/test_dividend_t_model.py""]"	"[""docs/Dividend-T-Platform.md"", ""docs/退神股票涨跌理论-量化实现差距分析.md"", ""docs/constitution/06-Strategy-Constitution.md"", ""docs/constitution/01-Core-Principles.md"", ""docs/constitution/05-Factor-Constitution.md"", ""docs/constitution/04-Data-Constitution.md"", ""docs/constitution/02-Architecture-Blueprint.md"", ""docs/archive/superpowers/specs/2026-07-13-macd-signal-intent-design.md"", ""docs/archive/superpowers/plans/2026-07-13-macd-signal-intent-implementation.md""]"	[]	5035	157	5ade884a65e472fee31847225a5c8eacf6c7736c	2026-07-13T19:17:39+08:00	feat: add experimental MACD technical score
src/market_regime_alpha/dividend_t/sell_pressure.py	SOURCE	FULL_TEXT_READ	Sell-pressure and maximum sellable market structure estimates.	dividend_t	"[""SellPressureEstimate"", ""estimate_sell_pressure"", ""_prepare"", ""_sell_pressure_reasons""]"	[]	"[""__future__"", ""dataclasses"", ""typing"", ""market_regime_alpha.dividend_t.scoring""]"	"[""tests/test_dividend_t_app.py"", ""tests/test_dividend_t_backtest.py"", ""tests/test_signal_audit.py""]"	"[""docs/Dividend-T-Platform.md"", ""docs/archive/superpowers/plans/2026-07-16-tencent-composite-exploratory-r5.md""]"	[]	4815	121	24c8de2b5141d4d6a80d3f23eef1b6d084a48ecd	2026-07-09T00:03:11+08:00	Initial market-regime-alpha migration
src/market_regime_alpha/dividend_t/sell_side.py	SOURCE	FULL_TEXT_READ	Research-only sell-side action taxonomy.	dividend_t	"[""SellAction"", ""SellActionSpec"", ""PositionLifecycleContext"", ""SellLifecyclePolicy"", ""ResearchSellDecision"", ""PendingBuyback"", ""ResearchExecutionState"", ""ResearchExecutionTransition"", ""ResearchSellShadow"", ""sell_action_spec"", ""select_research_sell_action"", ""shadow_research_sell_action"", ""atr_trailing_level"", ""advance_research_execution_state"", ""execute_research_action"", ""_apply_resolution"", ""_cap_research_fill"", ""_trade_date"", ""_trade_day_distance"", ""_pending_expiry_event""]"	"[""ResearchSellDecision""]"	"[""math"", ""__future__"", ""dataclasses"", ""enum"", ""typing"", ""backtest"", ""macd_experiments"", ""models"", ""signal_intent""]"	"[""tests/test_sell_side.py""]"	"[""docs/Sell-Side-Model-Spec.md""]"	[]	19486	525	a1dca13ab72cf4296ac89042b47b69b855ad4480	2026-07-14T09:27:21+08:00	fix: retain research t-cycle accounting metrics
src/market_regime_alpha/dividend_t/signal_audit.py	SOURCE	FULL_TEXT_READ	Offline, leakage-safe signal labels and audit statistics.	dividend_t	"[""ThresholdComparison"", ""DailyHorizonMode"", ""CalibrationRequirements"", ""label_candidate_outcomes"", ""calibration_report"", ""local_threshold_sensitivity"", ""local_threshold_neighborhood"", ""sell_side_gap_report"", ""audit_report"", ""_find_next_execution"", ""_execution_context"", ""_write_execution"", ""_empty_horizon"", ""_write_horizon"", ""_write_completed_t_cycle"", ""_empty_completed_t_cycle"", ""_write_buyback"", ""_calendar_sessions"", ""_daily_target_index"", ""_symbol_tradable_target_date"", ""_bar_trade_date"", ""_bar_trade_date_text"", ""_trading_day_distance"", ""_write_buyback_path_metrics"", ""_write_reference_return"", ""_calibration_report_for_columns"", ""_normalized_thresholds"", ""_validate_horizons"", ""_validate_buyback_expiry"", ""_candidate_int"", ""_candidate_optional_int"", ""_round_trip_cost"", ""_mfe_mae"", ""_stop_triggered"", ""_side_for_action"", ""_label_taxonomy"", ""_require_columns"", ""_optional_float"", ""_required_float"", ""_calibration_values"", ""_sample_std"", ""_calibration_stratum"", ""_ordinary_sell_summary"", ""_mean_if_present"", ""_count_by""]"	[]	"[""math"", ""__future__"", ""collections.abc"", ""dataclasses"", ""enum"", ""typing"", ""backtest"", ""macd_experiments"", ""models"", ""sell_side""]"	"[""tests/test_signal_audit.py""]"	"[""docs/MACD-Research-Audit.md""]"	[]	39613	923	a1dca13ab72cf4296ac89042b47b69b855ad4480	2026-07-14T09:27:21+08:00	fix: retain research t-cycle accounting metrics
src/market_regime_alpha/dividend_t/signal_intent.py	SOURCE	FULL_TEXT_READ	Explicit candidate setup, intent, confirmation, and trace contracts.	dividend_t	"[""SignalIntent"", ""RiskEnforcement"", ""EntryConfirmation"", ""ExitConfirmation"", ""PrimarySetupCode"", ""CandidateContractError"", ""intent_for_setup"", ""CandidateSignal"", ""CandidateValidation"", ""DecisionTrace"", ""validate_candidate"", ""current_entry_confirmations"", ""current_exit_confirmations"", ""candidate_for"", ""no_candidate"", ""decision_trace_for"", ""MACDPolicyConfig"", ""MACDPolicyState"", ""PolicyDecision"", ""SizingDecision"", ""apply_macd_policy"", ""apply_macd_sizing_once"", ""_policy_decision"", ""_sized_trace""]"	"[""CandidateContractError"", ""DecisionTrace"", ""PolicyDecision"", ""SizingDecision""]"	"[""math"", ""__future__"", ""dataclasses"", ""enum"", ""market_regime_alpha.dividend_t.chan"", ""market_regime_alpha.dividend_t.macd"", ""market_regime_alpha.dividend_t.models""]"	"[""tests/test_signal_intent.py"", ""tests/test_macd_experiments.py"", ""tests/test_macd_oos.py"", ""tests/test_buy_point_quality.py"", ""tests/test_dividend_t_backtest.py"", ""tests/test_cosco_timing.py"", ""tests/test_signal_audit.py"", ""tests/test_sell_side.py"", ""tests/test_dividend_t_model.py"", ""tests/legacy/test_dividend_t_strategy_characterization.py"", ""tests/legacy/test_macd_experiment_adapter.py""]"	"[""docs/MACD-Research-Audit.md"", ""docs/Sell-Side-Model-Spec.md"", ""docs/architecture/R1-Legacy-Characterization.md"", ""docs/constitution/06-Strategy-Constitution.md"", ""docs/constitution/09-Glossary.md"", ""docs/constitution/08-Roadmap.md"", ""docs/constitution/02-Architecture-Blueprint.md"", ""docs/archive/superpowers/specs/2026-07-13-macd-signal-intent-design.md"", ""docs/archive/superpowers/checkpoints/2026-07-13-macd-task0-baseline.md"", ""docs/archive/superpowers/plans/2026-07-13-macd-signal-intent-implementation.md""]"	[]	24885	583	3604d4e22699ffc2e89d0133c1516565df3934c1	2026-07-14T00:24:26+08:00	feat: harden sell-side audit contracts
src/market_regime_alpha/dividend_t/storage.py	SOURCE	FULL_TEXT_READ	Local research storage using Parquet files and DuckDB queries.	dividend_t	"[""ResearchStore"", ""load_watchlist""]"	[]	"[""csv"", ""__future__"", ""dataclasses"", ""pathlib"", ""typing"", ""market_regime_alpha.dividend_t.models""]"	[]	"[""docs/Dividend-T-Platform.md"", ""docs/archive/superpowers/plans/2026-07-16-tencent-composite-exploratory-r5.md""]"	[]	2196	62	24c8de2b5141d4d6a80d3f23eef1b6d084a48ecd	2026-07-09T00:03:11+08:00	Initial market-regime-alpha migration
src/market_regime_alpha/dividend_t/strategy.py	SOURCE	FULL_TEXT_READ	Trading decision engine for the long-term dividend T-trading model.	dividend_t	"[""DividendTStrategy"", ""_original_suggested_trade_pct"", ""_signal_warnings"", ""_final_order"", ""select_simplified_candidate"", ""_primary_stop_setup"", ""_primary_buy_setup"", ""_primary_sell_setup"", ""_can_buy_t"", ""_should_sell_t"", ""_stop_t_reasons"", ""_chan_buy_point"", ""_chan_sell_point"", ""_buy_location_reason"", ""_target_position_pct"", ""_sell_t_pct"", ""_order""]"	[]	"[""__future__"", ""dataclasses"", ""market_regime_alpha.dividend_t.models"", ""market_regime_alpha.dividend_t.scoring"", ""market_regime_alpha.dividend_t.chan"", ""market_regime_alpha.dividend_t.signal_intent""]"	"[""tests/test_signal_intent.py"", ""tests/test_strategy_modes.py"", ""tests/test_dividend_t_model.py"", ""tests/legacy/test_dividend_t_strategy_characterization.py"", ""tests/legacy/test_macd_experiment_adapter.py"", ""tests/legacy/test_trend_snapshot_characterization.py""]"	"[""docs/Dividend-T-Platform.md"", ""docs/architecture/R3-R4-Minimal-Research-Spine.md"", ""docs/architecture/Original-Intent-to-R3-R4-Consistency-Audit.md"", ""docs/architecture/Original-Intent-to-R5-Consistency-Audit.md"", ""docs/architecture/R1-Legacy-Characterization.md"", ""docs/research/R5-Candidate-Dataset-Builder-Status.md"", ""docs/constitution/06-Strategy-Constitution.md"", ""docs/constitution/08-Roadmap.md"", ""docs/constitution/02-Architecture-Blueprint.md"", ""docs/constitution/03-Research-Framework.md"", ""docs/archive/superpowers/specs/2026-07-13-macd-signal-intent-design.md"", ""docs/archive/superpowers/plans/2026-07-16-tencent-composite-exploratory-r5.md"", ""docs/archive/superpowers/plans/2026-07-13-macd-signal-intent-implementation.md""]"	[]	14058	378	d99bb899b7397bba0fd3f8095b04449721923f60	2026-07-16T16:41:48+08:00	fix: enforce top-divergence sell risk contract
src/market_regime_alpha/dividend_t/strategy_modes.py	SOURCE	FULL_TEXT_READ	Named strategy profiles for dividend-T backtests.	dividend_t	"[""apply_strategy_mode""]"	[]	"[""__future__"", ""dataclasses"", ""typing""]"	"[""tests/test_strategy_modes.py""]"	[]	[]	6478	96	24c8de2b5141d4d6a80d3f23eef1b6d084a48ecd	2026-07-09T00:03:11+08:00	Initial market-regime-alpha migration
src/market_regime_alpha/dividend_t/trend_snapshot.py	SOURCE	FULL_TEXT_READ	Build static dividend-watchlist trend snapshots for GitHub Pages.	dividend_t	"[""build_dividend_trend_snapshot"", ""write_dividend_trend_snapshot"", ""normalize_dividend_trend_snapshot"", ""_build_symbol_row"", ""_error_row"", ""_technical_macd_row_fields"", ""_neutral_macd_row_fields"", ""_timing_payload"", ""_timing_point_type"", ""_timing_point_label"", ""_data_source"", ""_estimate_up_probability_5d"", ""load_point_hit_rate_summary"", ""infer_retreat_inputs"", ""default_fundamental_inputs"", ""classify_future_trend"", ""trend_confidence"", ""_safe_quote_fetch"", ""_enum_value"", ""_round""]"	[]	"[""csv"", ""json"", ""__future__"", ""copy"", ""dataclasses"", ""datetime"", ""pathlib"", ""typing"", ""zoneinfo"", ""market_regime_alpha.data_sources.a_share_bars"", ""market_regime_alpha.dividend_t.cosco_profile"", ""market_regime_alpha.dividend_t.cosco_timing"", ""market_regime_alpha.dividend_t.fundamentals"", ""market_regime_alpha.dividend_t.indicators"", ""market_regime_alpha.dividend_t.macd"", ""market_regime_alpha.dividend_t.models"", ""market_regime_alpha.dividend_t.scoring"", ""market_regime_alpha.dividend_t.storage"", ""market_regime_alpha.dividend_t.strategy""]"	"[""tests/test_dividend_trend_snapshot.py"", ""tests/legacy/test_trend_snapshot_characterization.py""]"	"[""docs/archive/superpowers/plans/2026-07-16-tencent-composite-exploratory-r5.md"", ""docs/archive/superpowers/plans/2026-07-13-macd-signal-intent-implementation.md"", ""docs/archive/superpowers/plans/2026-07-16-wp3-provider-routing-and-candidate-runs.md""]"	[]	20811	505	541691b67ab8c1a79f0cd1fd78196bdb9aedb752	2026-07-13T18:47:39+08:00	feat: expose neutral MACD model metadata
src/market_regime_alpha/dividend_t/tuishen_volume_price.py	SOURCE	FULL_TEXT_READ	Volume-price structure scoring for TuiShen-style timing.	dividend_t	"[""estimate_volume_price_structure""]"	[]	"[""__future__"", ""typing"", ""market_regime_alpha.dividend_t.cosco_timing_capital_flow"", ""market_regime_alpha.dividend_t.cosco_timing_types"", ""market_regime_alpha.dividend_t.scoring""]"	"[""tests/test_cosco_timing.py""]"	[]	[]	9390	208	24c8de2b5141d4d6a80d3f23eef1b6d084a48ecd	2026-07-09T00:03:11+08:00	Initial market-regime-alpha migration
src/market_regime_alpha/dividend_t/tushare_provider.py	SOURCE	FULL_TEXT_READ	Tushare Pro provider for dividend T-trading research data.	dividend_t	"[""TushareDividendDataProvider""]"	[]	"[""__future__"", ""typing"", ""market_regime_alpha.data_sources.tushare_client""]"	[]	"[""docs/Dividend-T-Platform.md""]"	[]	2141	47	24c8de2b5141d4d6a80d3f23eef1b6d084a48ecd	2026-07-09T00:03:11+08:00	Initial market-regime-alpha migration
src/market_regime_alpha/dividend_t/universe.py	SOURCE	FULL_TEXT_READ	Universe builders for broader A-share backtests.	dividend_t	"[""LargecapUniverseConfig"", ""build_largecap_universe"", ""format_largecap_universe_report"", ""_require_columns"", ""_is_cycle_industry""]"	[]	"[""__future__"", ""dataclasses"", ""typing""]"	"[""tests/test_universe.py"", ""tests/test_formal_dataset_builder.py"", ""tests/test_macd_oos.py"", ""tests/universe/test_eligibility_policy_identity.py"", ""tests/universe/test_eligibility_materializer_provenance.py"", ""tests/universe/test_eligibility_policy.py"", ""tests/universe/test_contracts.py"", ""tests/universe/test_eligibility_artifacts.py"", ""tests/universe/test_artifacts.py"", ""tests/universe/test_provider_rehearsal_eligibility_policy_v2.py"", ""tests/candidates/test_baseline_ranking_evaluation_guards.py"", ""tests/candidates/test_directional_accuracy.py"", ""tests/candidates/test_rehearsal_materializers.py"", ""tests/candidates/test_dataset_builder.py"", ""tests/candidates/test_r5_calendar_resolved_targets.py"", ""tests/candidates/test_r5_eligibility_policy_pipeline.py"", ""tests/candidates/test_r5_rehearsal_pipeline.py"", ""tests/candidates/test_r5_decision_time_contract.py"", ""tests/candidates/test_panel.py"", ""tests/candidates/test_r5_opportunity_target_bundle.py"", ""tests/candidates/test_minimal_research_spine.py"", ""tests/candidates/test_composite_baseline.py"", ""tests/research/test_pit_partition_seal.py"", ""tests/research/test_r5_baseline_runner.py"", ""tests/research/pit_replication_v2_fixtures.py"", ""tests/research/test_provider_candidate_runner.py"", ""tests/research/test_provider_export_adapter.py"", ""tests/research/test_provider_rehearsal_market_artifact.py"", ""tests/research/test_pit_replication_v2_reader.py"", ""tests/research/test_experiment_identity.py""]"	"[""docs/architecture/R3-R4-Minimal-Research-Spine.md"", ""docs/constitution/08-Roadmap.md""]"	[]	7000	157	24c8de2b5141d4d6a80d3f23eef1b6d084a48ecd	2026-07-09T00:03:11+08:00	Initial market-regime-alpha migration
src/market_regime_alpha/features/__init__.py	SOURCE	FULL_TEXT_READ	Canonical feature contracts and explicitly scoped R5 rehearsal baselines.	features	[]	[]	"[""contracts"", ""rehearsal_baselines""]"	[]	[]	[]	675	25	d42e7dfe9876fc49bb0fadca0d7e6deda7cbef92	2026-07-15T15:22:34+08:00	feat: export R5 rehearsal baseline features
src/market_regime_alpha/features/contracts.py	SOURCE	FULL_TEXT_READ	Canonical feature definition, materialization, and registry contracts.	features	"[""_require_non_empty"", ""_require_unique_strings"", ""FeatureDefinition"", ""FeatureObservation"", ""FeatureMaterialization"", ""FeatureRegistry""]"	"[""FeatureDefinition"", ""FeatureRegistry""]"	"[""__future__"", ""dataclasses"", ""typing"", ""market_regime_alpha.core.identity"", ""market_regime_alpha.core.status"", ""market_regime_alpha.core.time""]"	"[""tests/universe/test_eligibility_policy.py"", ""tests/universe/test_contracts.py"", ""tests/universe/test_eligibility_artifacts.py"", ""tests/universe/test_provider_rehearsal_eligibility_policy_v2.py"", ""tests/candidates/test_baseline_ranking_evaluation_guards.py"", ""tests/candidates/test_rehearsal_materializers.py"", ""tests/candidates/test_dataset_builder.py"", ""tests/candidates/test_r5_calendar_resolved_targets.py"", ""tests/candidates/test_r5_rehearsal_pipeline.py"", ""tests/candidates/test_r5_decision_time_contract.py"", ""tests/candidates/test_panel.py"", ""tests/candidates/test_r5_opportunity_target_bundle.py"", ""tests/candidates/test_minimal_research_spine.py"", ""tests/candidates/test_composite_baseline.py"", ""tests/research/test_tencent_composite_materialization.py"", ""tests/research/test_tencent_composite_cli.py"", ""tests/research/test_tencent_composite_runner.py"", ""tests/research/test_provider_export_adapter.py"", ""tests/research/test_tencent_composite_contracts.py"", ""tests/research/test_provider_rehearsal_market_artifact.py"", ""tests/legacy/test_dataset_contract_adapter.py"", ""tests/data/test_contracts.py"", ""tests/features/test_contracts.py""]"	"[""docs/architecture/R3-R4-Minimal-Research-Spine.md"", ""docs/architecture/R2-Minimal-V2-Kernel.md"", ""docs/architecture/Original-Intent-to-R3-R4-Consistency-Audit.md"", ""docs/architecture/01-Domain-Boundaries.md"", ""docs/constitution/08-Roadmap.md"", ""docs/constitution/02-Architecture-Blueprint.md"", ""docs/archive/superpowers/plans/2026-07-16-tencent-composite-exploratory-r5.md"", ""docs/archive/superpowers/plans/2026-07-16-wp3-provider-routing-and-candidate-runs.md""]"	[]	6522	163	f228fd1d1febb7e8f61a6025a8dcbac2b9fc0673	2026-07-15T13:40:41+08:00	fix: complete minimum R4 feature lineage contract
src/market_regime_alpha/features/rehearsal_baselines.py	SOURCE	FULL_TEXT_READ	Transparent baseline Feature Definitions and materializers for R5 rehearsal.	features	"[""r5_baseline_feature_definitions"", ""calculate_r5_baseline_feature_values"", ""materialize_r5_baseline_features"", ""_require_r5_decision_time"", ""_feature_observation"", ""_materialization_id""]"	[]	"[""json"", ""math"", ""__future__"", ""collections"", ""hashlib"", ""statistics"", ""typing"", ""zoneinfo"", ""market_regime_alpha.candidates.contracts"", ""market_regime_alpha.core.identity"", ""market_regime_alpha.core.status"", ""market_regime_alpha.core.time"", ""market_regime_alpha.data.rehearsal"", ""market_regime_alpha.features.contracts""]"	"[""tests/candidates/test_rehearsal_materializers.py"", ""tests/candidates/test_r5_rehearsal_pipeline.py"", ""tests/candidates/test_r5_decision_time_contract.py"", ""tests/research/test_tencent_composite_materialization.py"", ""tests/research/test_r5_baseline_runner.py"", ""tests/research/test_tencent_composite_runner.py""]"	"[""docs/archive/superpowers/plans/2026-07-16-tencent-composite-exploratory-r5.md""]"	[]	11091	256	f2315a030fbaf83ebaa46d0e9e27262fe5c6da98	2026-07-16T16:19:40+08:00	feat: materialize exploratory Tencent Candidate slices
src/market_regime_alpha/legacy/__init__.py	SOURCE	FULL_TEXT_READ	Explicit compatibility boundaries for Legacy Research Assets.	legacy	[]	[]	"[""dataset_contract_adapter"", ""eligibility_sidecar_adapter"", ""macd_experiment_adapter"", ""trading_calendar_adapter"", ""universe_sidecar_adapter""]"	[]	[]	[]	1339	40	4b0ceded35df70d564aeb5c3493817763426400d	2026-07-15T18:01:47+08:00	feat: export Legacy eligibility sidecar adapter
src/market_regime_alpha/legacy/dataset_contract_adapter.py	SOURCE	FULL_TEXT_READ	Compatibility adapter from Legacy MACD dataset manifests to canonical Data contracts.	legacy	"[""adapt_legacy_dataset_manifest""]"	[]	"[""__future__"", ""market_regime_alpha.core.identity"", ""market_regime_alpha.data.contracts"", ""market_regime_alpha.dividend_t.macd_oos""]"	"[""tests/legacy/test_dataset_contract_adapter.py""]"	[]	[]	2145	52	23e8cf9b81a43f3331e7998f53b21a46fb1e1b39	2026-07-15T12:56:03+08:00	feat: adapt Legacy dataset manifests without eligibility inflation
src/market_regime_alpha/legacy/eligibility_sidecar_adapter.py	SOURCE	FULL_TEXT_READ	Compatibility adapter for the existing Legacy historical eligibility sidecar shape.	legacy	"[""LegacyEligibilitySidecarAdapterError"", ""load_legacy_eligibility_sidecar"", ""adapt_legacy_eligibility_mapping""]"	[]	"[""json"", ""__future__"", ""datetime"", ""pathlib"", ""typing"", ""zoneinfo"", ""market_regime_alpha.core.time"", ""market_regime_alpha.universe.eligibility_policy""]"	"[""tests/legacy/test_eligibility_sidecar_adapter.py""]"	[]	[]	4383	100	7fd62149e0db96d05f04e400d00c87ae4481afa5	2026-07-15T18:00:40+08:00	fix: reject fabricated strings in Legacy eligibility adapter
src/market_regime_alpha/legacy/macd_experiment_adapter.py	SOURCE	FULL_TEXT_READ	Compatibility adapter from Legacy MACD experiment identity to the V2 contract.	legacy	"[""LegacyMACDExperimentIdentityLike"", ""adapt_legacy_macd_experiment_identity""]"	[]	"[""__future__"", ""typing"", ""market_regime_alpha.core.identity"", ""market_regime_alpha.research.experiment_identity""]"	"[""tests/legacy/test_macd_experiment_adapter.py""]"	[]	[]	2436	60	958db2b67b84896fe73741c393ead6eac695d00f	2026-07-15T09:50:32+08:00	feat: adapt Legacy MACD experiment identity to V2
src/market_regime_alpha/legacy/trading_calendar_adapter.py	SOURCE	FULL_TEXT_READ	Compatibility adapter from the existing Legacy trading-calendar sidecar shape.	legacy	"[""LegacyTradingCalendarAdapterError"", ""load_legacy_trading_calendar_sidecar"", ""adapt_legacy_trading_calendar_mapping""]"	[]	"[""json"", ""__future__"", ""datetime"", ""pathlib"", ""typing"", ""zoneinfo"", ""market_regime_alpha.core.identity"", ""market_regime_alpha.data.trading_calendar""]"	"[""tests/legacy/test_trading_calendar_adapter.py""]"	[]	[]	3880	106	f4cad44097335c826325f0c3532a4597fa7a9cb5	2026-07-15T16:27:18+08:00	feat: adapt Legacy trading-calendar sidecars to V2 calendar artifacts
src/market_regime_alpha/legacy/universe_sidecar_adapter.py	SOURCE	FULL_TEXT_READ	Compatibility adapter from the existing Legacy historical universe sidecar shape.	legacy	"[""LegacyUniverseSidecarAdapterError"", ""load_legacy_universe_sidecar"", ""adapt_legacy_universe_mapping""]"	[]	"[""json"", ""__future__"", ""datetime"", ""pathlib"", ""typing"", ""market_regime_alpha.core.identity"", ""market_regime_alpha.universe.artifacts""]"	"[""tests/legacy/test_universe_sidecar_adapter.py""]"	[]	[]	3393	93	a1aefed0610021f86e03c666709894fbd1649870	2026-07-15T16:36:33+08:00	fix: make Legacy universe effective-time assumption explicit
src/market_regime_alpha/notifications.py	SOURCE	FULL_TEXT_READ	Notification adapters for quant reports.	notifications.py	"[""Notifier"", ""NotificationResult"", ""FeishuWebhookNotifier"", ""build_feishu_text_payload"", ""feishu_sign"", ""send_notifications"", ""build_notifiers"", ""_parse_channels"", ""_feishu_success""]"	[]	"[""base64"", ""hashlib"", ""hmac"", ""json"", ""os"", ""time"", ""__future__"", ""dataclasses"", ""typing"", ""urllib.request"", ""market_regime_alpha.data_sources.tushare_client""]"	"[""tests/test_notifications.py""]"	[]	[]	5419	162	24c8de2b5141d4d6a80d3f23eef1b6d084a48ecd	2026-07-09T00:03:11+08:00	Initial market-regime-alpha migration
src/market_regime_alpha/research/__init__.py	SOURCE	FULL_TEXT_READ	Research identity, evidence, and rehearsal input-bundle contracts.	research	"[""__getattr__""]"	[]	"[""typing"", ""experiment_identity"", ""provider_export_adapter"", ""provider_rehearsal_market_artifact"", ""provider_routing"", ""tencent_composite_acquisition"", ""tencent_composite_artifacts"", ""tencent_composite_contracts"", ""tencent_composite_quality"", ""xuntou_provider_adapter""]"	[]	"[""docs/archive/superpowers/plans/2026-07-16-tencent-composite-exploratory-r5.md"", ""docs/archive/superpowers/plans/2026-07-16-xuntou-p0-native-adapter.md"", ""docs/archive/superpowers/plans/2026-07-16-wp3-provider-routing-and-candidate-runs.md""]"	[]	6345	187	c4976dfe3564f10f2e1f42f0065caffab8d8a962	2026-07-16T21:28:11+08:00	docs: record WP-3 routing infrastructure
src/market_regime_alpha/research/experiment_identity.py	SOURCE	FULL_TEXT_READ	Project-wide experiment identity contract.	research	"[""_require_non_empty"", ""_require_unique"", ""_validate_semantic_refs"", ""ExperimentIdentity""]"	[]	"[""json"", ""__future__"", ""dataclasses"", ""hashlib"", ""typing"", ""market_regime_alpha.core.identity""]"	"[""tests/test_dividend_t_backtest.py"", ""tests/candidates/test_minimal_research_spine.py"", ""tests/research/test_experiment_identity.py""]"	"[""docs/architecture/R3-R4-Minimal-Research-Spine.md"", ""docs/architecture/R2-Minimal-V2-Kernel.md"", ""docs/architecture/R1-Legacy-Characterization.md"", ""docs/constitution/01-Core-Principles.md"", ""docs/constitution/08-Roadmap.md"", ""docs/constitution/07-Validation-Constitution.md"", ""docs/constitution/02-Architecture-Blueprint.md"", ""docs/constitution/03-Research-Framework.md"", ""docs/archive/superpowers/plans/2026-07-13-macd-signal-intent-implementation.md""]"	[]	5035	126	1e88fd3dbb37a6b66a577130694fc7b5ccfe1b16	2026-07-15T09:48:17+08:00	feat: add project-wide experiment identity contract
src/market_regime_alpha/research/mr1_candidate_baselines.py	SOURCE	FULL_TEXT_READ	Pure MR-1 Candidate comparator families with matched capital and cost mechanics.	research	"[""ReferenceTradeEconomics"", ""CandidateBaselineBuildResult"", ""build_model_candidate_populations"", ""select_matched_k_population"", ""reference_trade_economics"", ""select_matched_k_symbols"", ""build_candidate_daily_baselines"", ""compound_candidate_baselines"", ""daily_selection_lifts"", ""selection_lifts"", ""_portfolio_returns"", ""_baseline_row"", ""_cash_locked_rows"", ""_selection_evidence_rows"", ""_validate_target_rows"", ""_require_unique_keys"", ""_require_weight_reconciliation"", ""_cost_policy_id"", ""_finite_number""]"	[]	"[""json"", ""math"", ""__future__"", ""collections.abc"", ""dataclasses"", ""datetime"", ""hashlib"", ""numbers"", ""typing"", ""market_regime_alpha.research.prr_artifact_schemas"", ""market_regime_alpha.research.prr_mvp_1""]"	"[""tests/research/test_mr2b_multiseed.py"", ""tests/research/test_mr1_daily_candidate_baseline.py"", ""tests/research/test_mr2b_f2a_artifacts.py"", ""tests/research/test_mr1_model_population_baselines.py"", ""tests/research/test_prr_artifact_reader.py""]"	[]	[]	30816	743	50082506a549abb7f9859a801e7a88fc2d1ea964	2026-07-18T15:04:52+08:00	feat: add reproducible Candidate replay and morning-pop research
src/market_regime_alpha/research/mr1_morning_pop.py	SOURCE	FULL_TEXT_READ	MR-1 exploratory morning-pop Targets and fixed-model chronological replay.	research	"[""MR1TargetId"", ""MR1ExitTime"", ""MR1ReplayResult"", ""build_mr1_targets"", ""replay_mr1_fixed_portfolios"", ""_observation_for_endpoint"", ""_morning_excursion_observations"", ""_morning_path_observations"", ""_competing_event_observations"", ""_has_complete_morning_grid"", ""_available_observation"", ""_unavailable_observation"", ""_simulate_mark_trade"", ""_cash_order"", ""_equity"", ""_metrics""]"	"[""MR1TargetId""]"	"[""math"", ""__future__"", ""dataclasses"", ""datetime"", ""enum"", ""statistics"", ""typing"", ""zoneinfo"", ""market_regime_alpha.research.prr_mvp_1"", ""market_regime_alpha.research.mr1_candidate_baselines"", ""market_regime_alpha.research.tencent_composite_contracts""]"	"[""tests/research/test_mr1_daily_candidate_baseline.py"", ""tests/research/test_mr1_morning_pop.py""]"	[]	[]	28502	481	50082506a549abb7f9859a801e7a88fc2d1ea964	2026-07-18T15:04:52+08:00	feat: add reproducible Candidate replay and morning-pop research
src/market_regime_alpha/research/mr1_research_runner.py	SOURCE	FULL_TEXT_READ	Application module for publishing one immutable MR-1 exploratory research run.	research	"[""run_mr1_research"", ""mr1_cost_scenarios"", ""_baseline_values"", ""_add_chronological_diagnostics"", ""_apply_failure_labels"", ""build_mr1_run_identity"", ""mr1_run_id"", ""_write_run"", ""_write_report"", ""_compound_model_returns"", ""_maximum_losing_streak"", ""_validate_file_set"", ""_write_checksums"", ""_write_parquet"", ""_write_json"", ""_read_json"", ""_file_hash"", ""_canonical_hash"", ""_revision""]"	[]	"[""json"", ""shutil"", ""subprocess"", ""pandas"", ""__future__"", ""collections.abc"", ""dataclasses"", ""hashlib"", ""pathlib"", ""typing"", ""market_regime_alpha.research.mr1_candidate_baselines"", ""market_regime_alpha.research.mr1_morning_pop"", ""market_regime_alpha.research.prr_artifact_reader"", ""market_regime_alpha.research.prr_artifact_schemas"", ""market_regime_alpha.research.prr_mvp_1""]"	"[""tests/research/test_mr2b_f2a_artifacts.py"", ""tests/research/test_mr1_model_population_baselines.py""]"	[]	[]	20550	546	50082506a549abb7f9859a801e7a88fc2d1ea964	2026-07-18T15:04:52+08:00	feat: add reproducible Candidate replay and morning-pop research
src/market_regime_alpha/research/mr2_failure_decomposition.py	SOURCE	FULL_TEXT_READ	MR-2 descriptive decomposition for the fixed B0/B1 morning-pop validation.	research	"[""feature_target_diagnostics"", ""decompose_model_failures"", ""target_coverage"", ""_cross_section"", ""_aggregate_ic"", ""_aggregate_spreads"", ""_mean_optional"", ""_pearson"", ""_ranks""]"	[]	"[""math"", ""__future__"", ""collections"", ""statistics"", ""typing"", ""market_regime_alpha.research.mr2a_regime""]"	"[""tests/research/test_mr2_failure_decomposition.py""]"	[]	[]	12164	186	50082506a549abb7f9859a801e7a88fc2d1ea964	2026-07-18T15:04:52+08:00	feat: add reproducible Candidate replay and morning-pop research
src/market_regime_alpha/research/mr2a_regime.py	SOURCE	FULL_TEXT_READ	Leak-free MR-2A decision-time regime evidence and controlled heterogeneity diagnostics.	research	"[""build_decision_time_context"", ""spearman_rank_ic"", ""directional_score"", ""controlled_heterogeneity_gate"", ""registry_hash"", ""_pearson"", ""_ranks""]"	[]	"[""math"", ""random"", ""__future__"", ""datetime"", ""hashlib"", ""statistics"", ""typing"", ""zoneinfo"", ""market_regime_alpha.research.tencent_composite_contracts""]"	"[""tests/research/test_mr2a_regime.py""]"	[]	[]	8075	183	50082506a549abb7f9859a801e7a88fc2d1ea964	2026-07-18T15:04:52+08:00	feat: add reproducible Candidate replay and morning-pop research
src/market_regime_alpha/research/mr2b_context.py	SOURCE	FULL_TEXT_READ	Leak-free exact-14:50 auxiliary-watchlist Context evidence for MR-2B.	research	"[""_inclusive_times"", ""ContextDataStatus"", ""ContextMissingReason"", ""_SymbolEvidencePayload"", ""AuxiliaryWatchlistContextSymbolEvidence"", ""AuxiliaryWatchlistContextEvidence"", ""AuxiliaryWatchlistContext"", ""build_auxiliary_watchlist_context"", ""build_auxiliary_watchlist_context_evidence"", ""_symbol_evidence_payload"", ""_context_from_symbol_payloads"", ""_identified_context"", ""context_record"", ""context_symbol_evidence_record"", ""validate_context_reconstruction"", ""_symbol_payload_from_evidence"", ""_canonical_symbol_payload"", ""_local_time""]"	[]	"[""math"", ""__future__"", ""dataclasses"", ""datetime"", ""enum"", ""typing"", ""zoneinfo"", ""market_regime_alpha.research.mr2b_excess"", ""market_regime_alpha.research.prr_artifact_schemas"", ""market_regime_alpha.research.tencent_composite_contracts""]"	"[""tests/research/test_mr2b_f2a_artifacts.py"", ""tests/research/test_mr2b_f2a.py"", ""tests/research/test_mr2b_context.py"", ""tests/research/test_mr2b_f2b_artifacts.py"", ""tests/research/test_mr2b_f2b_statistics.py""]"	[]	[]	22176	549	536064007cf08b9ac7019443cc13a6c017d0b569	2026-07-18T18:29:23+08:00	feat: add exact-context and multi-seed Candidate excess evidence
src/market_regime_alpha/research/mr2b_excess.py	SOURCE	FULL_TEXT_READ	Typed, descriptive MR-2B Candidate-excess primitives without hypothesis promotion.	research	"[""WatchlistDirection"", ""DailyConditionalityObservation"", ""primary_assessment"", ""build_daily_conditionality_observation"", ""_finite_number""]"	[]	"[""math"", ""__future__"", ""dataclasses"", ""datetime"", ""enum"", ""statistics"", ""typing"", ""market_regime_alpha.research.prr_artifact_schemas""]"	"[""tests/research/test_mr2b_excess.py"", ""tests/research/test_mr2b_f2a.py""]"	[]	[]	9230	232	536064007cf08b9ac7019443cc13a6c017d0b569	2026-07-18T18:29:23+08:00	feat: add exact-context and multi-seed Candidate excess evidence
src/market_regime_alpha/research/mr2b_f2a.py	SOURCE	FULL_TEXT_READ	Application-neutral MR-2B F2A Context, null, and daily-excess materialization.	research	"[""F2AInputs"", ""build_f2a_inputs"", ""build_daily_candidate_excess"", ""build_primary_comparison_input"", ""output_key"", ""_row_key"", ""build_f2a_coverage"", ""_integer"", ""_finite""]"	[]	"[""math"", ""__future__"", ""collections.abc"", ""dataclasses"", ""numbers"", ""statistics"", ""typing"", ""market_regime_alpha.research.mr1_candidate_baselines"", ""market_regime_alpha.research.mr1_research_runner"", ""market_regime_alpha.research.mr2b_context"", ""market_regime_alpha.research.mr2b_excess"", ""market_regime_alpha.research.mr2b_multiseed"", ""market_regime_alpha.research.prr_artifact_reader"", ""market_regime_alpha.research.prr_artifact_schemas""]"	"[""tests/research/test_mr2b_f2b_v2_artifacts.py"", ""tests/research/test_mr2b_f2a_artifacts.py"", ""tests/research/test_mr2b_f2b_v3_artifacts.py"", ""tests/research/test_mr2b_f2a.py"", ""tests/research/test_mr2b_f2b_artifacts.py""]"	[]	[]	15308	349	536064007cf08b9ac7019443cc13a6c017d0b569	2026-07-18T18:29:23+08:00	feat: add exact-context and multi-seed Candidate excess evidence
src/market_regime_alpha/research/mr2b_f2a_artifacts.py	SOURCE	FULL_TEXT_READ	Atomic immutable Artifact publication for MR-2B F2A descriptive inputs.	research	"[""F2ARunIdentity"", ""run_f2a_research"", ""build_f2a_run_identity"", ""f2a_run_id"", ""publish_f2a_artifact"", ""_write_report"", ""_write_parquet"", ""_write_json"", ""_write_checksums"", ""_content_hash"", ""_revision"", ""_validate_file_set""]"	[]	"[""json"", ""shutil"", ""subprocess"", ""pandas"", ""__future__"", ""dataclasses"", ""hashlib"", ""pathlib"", ""typing"", ""market_regime_alpha.research.mr2b_context"", ""market_regime_alpha.research.mr2b_context"", ""market_regime_alpha.research.mr2b_f2a"", ""market_regime_alpha.research.mr2b_multiseed"", ""market_regime_alpha.research.prr_artifact_reader"", ""market_regime_alpha.research.prr_artifact_schemas""]"	"[""tests/research/test_mr2b_f2a_artifacts.py""]"	"[""docs/archive/superpowers/plans/2026-07-16-tencent-composite-exploratory-r5.md""]"	[]	17614	464	536064007cf08b9ac7019443cc13a6c017d0b569	2026-07-18T18:29:23+08:00	feat: add exact-context and multi-seed Candidate excess evidence
src/market_regime_alpha/research/mr2b_f2a_reader.py	SOURCE	FULL_TEXT_READ	Full semantic reader for immutable MR-2B F2A v2 evidence.	research	"[""VerifiedF2ARun"", ""load_verified_f2a_run"", ""_verify_manifest"", ""_verify_identity_inputs"", ""_verify_identity_contract"", ""_verify_seed_config"", ""_verify_manifest_rows"", ""_assert_semantic_table"", ""_unique"", ""_verify_files"", ""_frozen_records"", ""_freeze_mapping"", ""_freeze_value"", ""_read_json"", ""_read_json_value"", ""_mapping"", ""_canonical_equal"", ""_content_hash"", ""_text""]"	[]	"[""json"", ""pandas"", ""__future__"", ""dataclasses"", ""hashlib"", ""pathlib"", ""types"", ""typing"", ""pandas.testing"", ""market_regime_alpha.research.mr2b_context"", ""market_regime_alpha.research.mr2b_f2a"", ""market_regime_alpha.research.mr2b_f2a_artifacts"", ""market_regime_alpha.research.mr2b_multiseed"", ""market_regime_alpha.research.prr_artifact_reader"", ""market_regime_alpha.research.prr_artifact_schemas""]"	"[""tests/research/test_mr2b_f2b_v2_artifacts.py"", ""tests/research/test_mr2b_f2a_artifacts.py"", ""tests/research/test_mr2b_f2b_v3_artifacts.py"", ""tests/research/test_mr2b_f2b_artifacts.py""]"	"[""docs/archive/superpowers/plans/2026-07-13-macd-signal-intent-implementation.md""]"	[]	17788	418	536064007cf08b9ac7019443cc13a6c017d0b569	2026-07-18T18:29:23+08:00	feat: add exact-context and multi-seed Candidate excess evidence
src/market_regime_alpha/research/mr2b_f2b.py	SOURCE	FULL_TEXT_READ	Application facade for the frozen MR-2B F2B statistical closure.	research	"[""F2BResults"", ""build_f2b_results"", ""_bootstrap_summary"", ""_without_effects""]"	[]	"[""__future__"", ""dataclasses"", ""typing"", ""market_regime_alpha.research.mr2b_f2a_reader"", ""market_regime_alpha.research.mr2b_f2b_competing_events"", ""market_regime_alpha.research.mr2b_f2b_primary"", ""market_regime_alpha.research.mr2b_f2b_protocol"", ""market_regime_alpha.research.mr2b_f2b_secondary"", ""market_regime_alpha.research.mr2b_f2b_statistics"", ""market_regime_alpha.research.prr_artifact_reader""]"	"[""tests/research/test_mr2b_f2b_protocol.py"", ""tests/research/test_mr2b_f2b_competing_events.py"", ""tests/research/test_mr2b_f2b_v3_reader.py"", ""tests/research/test_mr2b_f2b_v2_primary.py"", ""tests/research/test_mr2b_f2b_v2_artifacts.py"", ""tests/research/test_mr2b_f2b_v2_competing_events.py"", ""tests/research/test_mr2b_f2b_v2_statistics.py"", ""tests/research/test_mr2b_f2b_primary.py"", ""tests/research/test_mr2b_f2b_secondary.py"", ""tests/research/test_mr2b_f2b_v3_artifacts.py"", ""tests/research/test_mr2b_f2b_v2_protocol.py"", ""tests/research/test_mr2b_f2b_artifacts.py"", ""tests/research/test_mr2b_f2b_statistics.py""]"	[]	[]	11193	271	6645b38b1b5caa64b4325ad8522e9897a7de8c3f	2026-07-18T20:09:49+08:00	feat: close MR-2B directional statistical validation
src/market_regime_alpha/research/mr2b_f2b_artifacts.py	SOURCE	FULL_TEXT_READ	Atomic immutable publication for MR-2B F2B statistical evidence.	research	"[""F2BRunIdentity"", ""build_f2b_run_identity"", ""publish_f2b_artifact"", ""run_f2b_research"", ""_write_report"", ""_write_parquet"", ""_write_json"", ""_write_checksums"", ""_validate_file_set"", ""_content_hash"", ""_revision""]"	[]	"[""json"", ""shutil"", ""subprocess"", ""pandas"", ""__future__"", ""dataclasses"", ""hashlib"", ""pathlib"", ""typing"", ""market_regime_alpha.research.mr2b_f2a_reader"", ""market_regime_alpha.research.mr2b_f2b"", ""market_regime_alpha.research.mr2b_f2b_competing_events"", ""market_regime_alpha.research.mr2b_f2b_protocol"", ""market_regime_alpha.research.prr_artifact_reader"", ""market_regime_alpha.research.prr_artifact_schemas""]"	"[""tests/research/test_mr2b_f2b_artifacts.py""]"	"[""docs/archive/superpowers/plans/2026-07-16-tencent-composite-exploratory-r5.md""]"	[]	14266	309	6645b38b1b5caa64b4325ad8522e9897a7de8c3f	2026-07-18T20:09:49+08:00	feat: close MR-2B directional statistical validation
src/market_regime_alpha/research/mr2b_f2b_competing_events.py	SOURCE	FULL_TEXT_READ	Secondary path-diagnostic projection for the frozen Primary model.	research	"[""CompetingEventResult"", ""build_competing_event_diagnostics"", ""_outcome_metrics""]"	[]	"[""__future__"", ""dataclasses"", ""statistics"", ""typing""]"	"[""tests/research/test_mr2b_f2b_competing_events.py"", ""tests/research/test_mr2b_f2b_v2_competing_events.py"", ""tests/research/test_mr2b_f2b_artifacts.py""]"	[]	[]	6498	150	6645b38b1b5caa64b4325ad8522e9897a7de8c3f	2026-07-18T20:09:49+08:00	feat: close MR-2B directional statistical validation
src/market_regime_alpha/research/mr2b_f2b_primary.py	SOURCE	FULL_TEXT_READ	Directional fail-closed Primary gate for MR-2B F2B.	research	"[""PrimaryAssessment"", ""PrimaryGateResult"", ""evaluate_primary_gate"", ""_real"", ""_integer"", ""_real_tuple""]"	"[""PrimaryAssessment""]"	"[""math"", ""__future__"", ""dataclasses"", ""enum"", ""numbers"", ""typing""]"	"[""tests/research/test_mr2b_f2b_v2_artifacts.py"", ""tests/research/test_mr2b_f2b_primary.py"", ""tests/research/test_mr2b_f2b_v3_artifacts.py"", ""tests/research/test_mr2b_f2b_artifacts.py""]"	"[""docs/Dividend-T-Platform.md"", ""docs/constitution/05-Factor-Constitution.md"", ""docs/archive/superpowers/plans/2026-07-16-tencent-composite-exploratory-r5.md"", ""docs/archive/superpowers/plans/2026-07-13-macd-signal-intent-implementation.md""]"	[]	4525	100	6645b38b1b5caa64b4325ad8522e9897a7de8c3f	2026-07-18T20:09:49+08:00	feat: close MR-2B directional statistical validation
src/market_regime_alpha/research/mr2b_f2b_protocol.py	SOURCE	FULL_TEXT_READ	Frozen directional protocol for MR-2B F2B statistical closure.	research	"[""F2BProtocol"", ""frozen_f2b_protocol""]"	"[""F2BProtocol""]"	"[""__future__"", ""dataclasses"", ""typing"", ""market_regime_alpha.research.mr2b_context"", ""market_regime_alpha.research.prr_artifact_schemas""]"	"[""tests/research/test_mr2b_f2b_protocol.py"", ""tests/research/test_mr2b_f2b_artifacts.py""]"	[]	[]	5341	126	6645b38b1b5caa64b4325ad8522e9897a7de8c3f	2026-07-18T20:09:49+08:00	feat: close MR-2B directional statistical validation
src/market_regime_alpha/research/mr2b_f2b_reader.py	SOURCE	FULL_TEXT_READ	Semantic reader for immutable MR-2B F2B statistical evidence.	research	"[""VerifiedF2BRun"", ""load_verified_f2b_run"", ""_verify_manifest"", ""_verify_identity"", ""_verify_files"", ""_verify_row_counts"", ""_assert_table"", ""_read_json"", ""_read_json_value"", ""_mapping"", ""_canonical_equal"", ""_frozen_records"", ""_freeze_mapping"", ""_freeze_value"", ""_content_hash""]"	[]	"[""json"", ""pandas"", ""__future__"", ""dataclasses"", ""hashlib"", ""pathlib"", ""types"", ""typing"", ""pandas.testing"", ""market_regime_alpha.research.mr2b_f2a_reader"", ""market_regime_alpha.research.mr2b_f2b"", ""market_regime_alpha.research.mr2b_f2b_artifacts"", ""market_regime_alpha.research.mr2b_f2b_protocol"", ""market_regime_alpha.research.prr_artifact_reader"", ""market_regime_alpha.research.prr_artifact_schemas""]"	"[""tests/research/test_mr2b_f2b_artifacts.py""]"	"[""docs/specs/ThemeDirectionSnapshot.md"", ""docs/research/Daily-Quant-Selection-and-Manual-Trading-Research-Program.md"", ""docs/constitution/04-Data-Constitution.md"", ""docs/archive/superpowers/specs/2026-07-13-macd-signal-intent-design.md"", ""docs/archive/superpowers/plans/2026-07-13-macd-signal-intent-implementation.md""]"	[]	13625	283	6645b38b1b5caa64b4325ad8522e9897a7de8c3f	2026-07-18T20:09:49+08:00	feat: close MR-2B directional statistical validation
src/market_regime_alpha/research/mr2b_f2b_secondary.py	SOURCE	FULL_TEXT_READ	Secondary-comparison multiple-testing primitives for MR-2B F2B.	research	"[""benjamini_hochberg"", ""build_secondary_inventory"", ""_comparison_seed"", ""_probability""]"	[]	"[""math"", ""__future__"", ""hashlib"", ""typing"", ""market_regime_alpha.research.mr2b_f2b_protocol"", ""market_regime_alpha.research.mr2b_f2b_statistics""]"	"[""tests/research/test_mr2b_f2b_secondary.py""]"	"[""docs/MACD-Research-Audit.md"", ""docs/architecture/R3-R4-Minimal-Research-Spine.md"", ""docs/architecture/Constitution-Consistency-Audit.md"", ""docs/constitution/06-Strategy-Constitution.md"", ""docs/constitution/09-Glossary.md"", ""docs/constitution/02-Architecture-Blueprint.md""]"	[]	6518	147	6645b38b1b5caa64b4325ad8522e9897a7de8c3f	2026-07-18T20:09:49+08:00	feat: close MR-2B directional statistical validation
src/market_regime_alpha/research/mr2b_f2b_statistics.py	SOURCE	FULL_TEXT_READ	Deterministic dependence-aware statistics for frozen MR-2B observations.	research	"[""F2BPrimaryObservation"", ""BootstrapResult"", ""CircularShiftResult"", ""PermutationResult"", ""TemporalStability"", ""ConcentrationResult"", ""PrimaryObservationSet"", ""SeedPanelRobustness"", ""build_primary_observations"", ""seed_panel_robustness"", ""moving_block_bootstrap"", ""circular_shift_randomization"", ""count_preserving_permutation"", ""temporal_stability"", ""concentration_diagnostics"", ""_ordered"", ""_counts"", ""_effect"", ""_label_effect"", ""_finite""]"	[]	"[""math"", ""__future__"", ""dataclasses"", ""datetime"", ""random"", ""statistics"", ""typing"", ""market_regime_alpha.research.mr2b_context"", ""market_regime_alpha.research.mr2b_multiseed""]"	"[""tests/research/test_mr2b_f2b_v2_artifacts.py"", ""tests/research/test_mr2b_f2b_v2_statistics.py"", ""tests/research/test_mr2b_f2b_v3_artifacts.py"", ""tests/research/test_mr2b_f2b_artifacts.py"", ""tests/research/test_mr2b_f2b_statistics.py""]"	[]	[]	18451	479	6645b38b1b5caa64b4325ad8522e9897a7de8c3f	2026-07-18T20:09:49+08:00	feat: close MR-2B directional statistical validation
src/market_regime_alpha/research/mr2b_f2b_v2.py	SOURCE	FULL_TEXT_READ	Application facade for coverage-first MR-2B F2B v2 evidence.	research	"[""F2BResultsV2"", ""build_f2b_v2_results"", ""_secondary_inventory"", ""_empty_multiple_testing"", ""_comparison_seed"", ""_summary""]"	[]	"[""__future__"", ""dataclasses"", ""hashlib"", ""typing"", ""market_regime_alpha.research.mr2b_f2a_reader"", ""market_regime_alpha.research.mr2b_f2b_primary"", ""market_regime_alpha.research.mr2b_f2b_secondary"", ""market_regime_alpha.research.mr2b_f2b_statistics"", ""market_regime_alpha.research.mr2b_f2b_v2_competing_events"", ""market_regime_alpha.research.mr2b_f2b_v2_primary"", ""market_regime_alpha.research.mr2b_f2b_v2_protocol"", ""market_regime_alpha.research.mr2b_f2b_v2_statistics"", ""market_regime_alpha.research.prr_artifact_reader""]"	"[""tests/research/test_mr2b_f2b_v2_primary.py"", ""tests/research/test_mr2b_f2b_v2_artifacts.py"", ""tests/research/test_mr2b_f2b_v2_competing_events.py"", ""tests/research/test_mr2b_f2b_v2_statistics.py"", ""tests/research/test_mr2b_f2b_v2_protocol.py""]"	"[""docs/research/R5-WP3-Provider-Routing-Status.md"", ""docs/archive/superpowers/specs/2026-07-16-tencent-composite-exploratory-r5-design.md"", ""docs/archive/superpowers/specs/2026-07-16-wp3-provider-routing-and-candidate-runs-design.md"", ""docs/archive/superpowers/plans/2026-07-16-tencent-composite-exploratory-r5.md"", ""docs/archive/superpowers/plans/2026-07-16-wp3-provider-routing-and-candidate-runs.md""]"	[]	16145	352	9e32673c2d53416e07d355f6d6b101c35e2a97ab	2026-07-18T21:04:51+08:00	fix: harden MR-2B low-coverage and path-diagnostic semantics
src/market_regime_alpha/research/mr2b_f2b_v2_artifacts.py	SOURCE	FULL_TEXT_READ	Immutable publisher and typed identity for MR-2B F2B v2.	research	"[""F2BRunIdentityV2"", ""build_f2b_v2_run_identity"", ""publish_f2b_v2_artifact"", ""run_f2b_v2_research"", ""_row_counts"", ""_competing_status"", ""_write_report"", ""_write_parquet"", ""_write_json"", ""_write_checksums"", ""_validate_file_set"", ""_hash"", ""_revision""]"	[]	"[""json"", ""shutil"", ""subprocess"", ""pandas"", ""__future__"", ""dataclasses"", ""hashlib"", ""pathlib"", ""typing"", ""market_regime_alpha.research.mr2b_f2a_reader"", ""market_regime_alpha.research.mr2b_f2b_v2"", ""market_regime_alpha.research.mr2b_f2b_v2_protocol"", ""market_regime_alpha.research.prr_artifact_reader"", ""market_regime_alpha.research.prr_artifact_schemas""]"	"[""tests/research/test_mr2b_f2b_v2_artifacts.py""]"	"[""docs/archive/superpowers/plans/2026-07-16-tencent-composite-exploratory-r5.md""]"	[]	12008	271	9e32673c2d53416e07d355f6d6b101c35e2a97ab	2026-07-18T21:04:51+08:00	fix: harden MR-2B low-coverage and path-diagnostic semantics
src/market_regime_alpha/research/mr2b_f2b_v2_competing_events.py	SOURCE	FULL_TEXT_READ	Scope-consistent competing-event diagnostics for MR-2B F2B v2.	research	"[""CompetingEventCoverage"", ""CompetingEventResultV2"", ""build_competing_event_diagnostics_v2"", ""_metrics""]"	[]	"[""__future__"", ""dataclasses"", ""statistics"", ""typing"", ""market_regime_alpha.research.mr2b_f2b_competing_events""]"	"[""tests/research/test_mr2b_f2b_v2_artifacts.py"", ""tests/research/test_mr2b_f2b_v2_competing_events.py""]"	"[""docs/archive/superpowers/plans/2026-07-13-macd-signal-intent-implementation.md""]"	[]	7397	179	9e32673c2d53416e07d355f6d6b101c35e2a97ab	2026-07-18T21:04:51+08:00	fix: harden MR-2B low-coverage and path-diagnostic semantics
src/market_regime_alpha/research/mr2b_f2b_v2_primary.py	SOURCE	FULL_TEXT_READ	Protocol-driven directional Primary gate for F2B v2.	research	"[""evaluate_primary_gate_v2""]"	[]	"[""__future__"", ""typing"", ""market_regime_alpha.research.mr2b_f2b_primary"", ""market_regime_alpha.research.mr2b_f2b_v2_protocol"", ""market_regime_alpha.research.mr2b_f2b_v2_statistics""]"	"[""tests/research/test_mr2b_f2b_v2_primary.py""]"	[]	[]	4289	111	9e32673c2d53416e07d355f6d6b101c35e2a97ab	2026-07-18T21:04:51+08:00	fix: harden MR-2B low-coverage and path-diagnostic semantics
src/market_regime_alpha/research/mr2b_f2b_v2_protocol.py	SOURCE	FULL_TEXT_READ	Frozen single-source protocol for MR-2B F2B v2 hardening.	research	"[""F2BProtocolV2"", ""frozen_f2b_v2_protocol""]"	"[""F2BProtocolV2""]"	"[""__future__"", ""dataclasses"", ""typing"", ""market_regime_alpha.research.mr2b_context"", ""market_regime_alpha.research.mr2b_f2b_protocol"", ""market_regime_alpha.research.prr_artifact_schemas""]"	"[""tests/research/test_mr2b_f2b_v2_primary.py"", ""tests/research/test_mr2b_f2b_v2_artifacts.py"", ""tests/research/test_mr2b_f2b_v2_statistics.py"", ""tests/research/test_mr2b_f2b_v2_protocol.py""]"	[]	[]	5968	162	9e32673c2d53416e07d355f6d6b101c35e2a97ab	2026-07-18T21:04:51+08:00	fix: harden MR-2B low-coverage and path-diagnostic semantics
src/market_regime_alpha/research/mr2b_f2b_v2_reader.py	SOURCE	FULL_TEXT_READ	Semantic reader for immutable MR-2B F2B v2 evidence.	research	"[""VerifiedF2BRunV2"", ""load_verified_f2b_v2_run"", ""_verify_identity"", ""_frames"", ""_expected_frames"", ""_competing_status"", ""_row_counts"", ""_verify_files"", ""_assert_table"", ""_json"", ""_json_value"", ""_mapping"", ""_canonical_equal"", ""_freeze"", ""_hash""]"	[]	"[""json"", ""pandas"", ""__future__"", ""dataclasses"", ""hashlib"", ""pathlib"", ""types"", ""typing"", ""pandas.testing"", ""market_regime_alpha.research.mr2b_f2a_reader"", ""market_regime_alpha.research.mr2b_f2b_v2"", ""market_regime_alpha.research.mr2b_f2b_v2_artifacts"", ""market_regime_alpha.research.mr2b_f2b_v2_protocol"", ""market_regime_alpha.research.prr_artifact_reader"", ""market_regime_alpha.research.prr_artifact_schemas""]"	"[""tests/research/test_mr2b_f2b_v2_artifacts.py""]"	"[""docs/archive/superpowers/plans/2026-07-16-tencent-composite-exploratory-r5.md"", ""docs/archive/superpowers/plans/2026-07-13-macd-signal-intent-implementation.md""]"	[]	11904	263	9e32673c2d53416e07d355f6d6b101c35e2a97ab	2026-07-18T21:04:51+08:00	fix: harden MR-2B low-coverage and path-diagnostic semantics
src/market_regime_alpha/research/mr2b_f2b_v2_statistics.py	SOURCE	FULL_TEXT_READ	Coverage-first statistical wrappers for MR-2B F2B v2.	research	"[""PrimaryCoverageAssessment"", ""assess_primary_coverage"", ""protocol_bootstrap"", ""protocol_temporal_stability""]"	"[""PrimaryCoverageAssessment""]"	"[""__future__"", ""dataclasses"", ""market_regime_alpha.research.mr2b_f2b_statistics"", ""market_regime_alpha.research.mr2b_f2b_v2_protocol""]"	"[""tests/research/test_mr2b_f2b_v2_primary.py"", ""tests/research/test_mr2b_f2b_v2_artifacts.py"", ""tests/research/test_mr2b_f2b_v2_statistics.py""]"	[]	[]	2507	83	9e32673c2d53416e07d355f6d6b101c35e2a97ab	2026-07-18T21:04:51+08:00	fix: harden MR-2B low-coverage and path-diagnostic semantics
src/market_regime_alpha/research/mr2b_f2b_v3.py	SOURCE	FULL_TEXT_READ	Application facade for coverage-first MR-2B F2B v3 evidence.	research	"[""F2BResultsV3"", ""build_f2b_v3_results"", ""_secondary_inventory"", ""_empty_multiple_testing"", ""_comparison_seed"", ""_summary""]"	[]	"[""__future__"", ""dataclasses"", ""hashlib"", ""typing"", ""market_regime_alpha.research.mr2b_f2a_reader"", ""market_regime_alpha.research.mr2b_f2b_primary"", ""market_regime_alpha.research.mr2b_f2b_secondary"", ""market_regime_alpha.research.mr2b_f2b_statistics"", ""market_regime_alpha.research.mr2b_f2b_v3_competing_events"", ""market_regime_alpha.research.mr2b_f2b_v3_primary"", ""market_regime_alpha.research.mr2b_f2b_v3_protocol"", ""market_regime_alpha.research.mr2b_f2b_v3_statistics"", ""market_regime_alpha.research.prr_artifact_reader""]"	"[""tests/research/test_mr2b_f2b_v3_reader.py"", ""tests/research/test_mr2b_f2b_v3_artifacts.py""]"	"[""docs/research/R5-WP3-Provider-Routing-Status.md"", ""docs/archive/superpowers/specs/2026-07-16-tencent-composite-exploratory-r5-design.md"", ""docs/archive/superpowers/specs/2026-07-16-wp3-provider-routing-and-candidate-runs-design.md"", ""docs/archive/superpowers/plans/2026-07-16-tencent-composite-exploratory-r5.md"", ""docs/archive/superpowers/plans/2026-07-16-wp3-provider-routing-and-candidate-runs.md""]"	[]	16145	352	871f35781baeb29b12f41fc04b2a54b285d54a1f	2026-07-18T23:52:35+08:00	feat: harden versioned research Artifact identities
src/market_regime_alpha/research/mr2b_f2b_v3_artifacts.py	SOURCE	FULL_TEXT_READ	Immutable publisher and typed identity for MR-2B F2B v3.	research	"[""F2BRunIdentityV3"", ""build_f2b_v3_run_identity"", ""publish_f2b_v3_artifact"", ""f2b_v3_semantic_projection"", ""f2b_v2_semantic_projection"", ""build_v2_v3_semantic_diff"", ""_semantic_value_equal"", ""_mapping_or_empty"", ""run_f2b_v3_research"", ""_row_counts"", ""_competing_status"", ""_write_report"", ""_write_parquet"", ""_write_json"", ""_write_checksums"", ""_validate_file_set"", ""_hash"", ""_revision""]"	[]	"[""json"", ""shutil"", ""subprocess"", ""pandas"", ""__future__"", ""dataclasses"", ""hashlib"", ""pathlib"", ""typing"", ""market_regime_alpha.research.mr2b_f2a_reader"", ""market_regime_alpha.research.mr2b_f2b_v3"", ""market_regime_alpha.research.mr2b_f2b_v3_protocol"", ""market_regime_alpha.research.prr_artifact_reader"", ""market_regime_alpha.research.prr_artifact_schemas""]"	"[""tests/research/test_mr2b_f2b_v3_reader.py"", ""tests/research/test_mr2b_f2b_v3_artifacts.py""]"	[]	[]	18624	429	b1726393a1ff7747807f1cacfb52f299fecb5911	2026-07-22T22:05:27+08:00	fix: close post-merge research Artifact identity reviews (#9)
src/market_regime_alpha/research/mr2b_f2b_v3_competing_events.py	SOURCE	FULL_TEXT_READ	Scope-consistent competing-event diagnostics for MR-2B F2B v3.	research	"[""CompetingEventCoverage"", ""CompetingEventResultV3"", ""build_competing_event_diagnostics_v3"", ""_metrics""]"	[]	"[""__future__"", ""dataclasses"", ""statistics"", ""typing"", ""market_regime_alpha.research.mr2b_f2b_competing_events""]"	"[""tests/research/test_mr2b_f2b_v3_reader.py"", ""tests/research/test_mr2b_f2b_v3_artifacts.py""]"	"[""docs/archive/superpowers/plans/2026-07-13-macd-signal-intent-implementation.md""]"	[]	7397	179	871f35781baeb29b12f41fc04b2a54b285d54a1f	2026-07-18T23:52:35+08:00	feat: harden versioned research Artifact identities
src/market_regime_alpha/research/mr2b_f2b_v3_primary.py	SOURCE	FULL_TEXT_READ	Protocol-driven directional Primary gate for F2B v3.	research	"[""evaluate_primary_gate_v3""]"	[]	"[""__future__"", ""typing"", ""market_regime_alpha.research.mr2b_f2b_primary"", ""market_regime_alpha.research.mr2b_f2b_v3_protocol"", ""market_regime_alpha.research.mr2b_f2b_v3_statistics""]"	"[""tests/research/test_mr2b_f2b_v3_reader.py""]"	[]	[]	4289	111	871f35781baeb29b12f41fc04b2a54b285d54a1f	2026-07-18T23:52:35+08:00	feat: harden versioned research Artifact identities
src/market_regime_alpha/research/mr2b_f2b_v3_protocol.py	SOURCE	FULL_TEXT_READ	Frozen single-source protocol for MR-2B F2B v3 hardening.	research	"[""F2BProtocolV3"", ""frozen_f2b_v3_protocol""]"	"[""F2BProtocolV3""]"	"[""__future__"", ""dataclasses"", ""typing"", ""market_regime_alpha.research.mr2b_context"", ""market_regime_alpha.research.mr2b_f2b_protocol"", ""market_regime_alpha.research.prr_artifact_schemas""]"	"[""tests/research/test_mr2b_f2b_v3_reader.py"", ""tests/research/test_mr2b_f2b_v3_artifacts.py""]"	[]	[]	5968	162	871f35781baeb29b12f41fc04b2a54b285d54a1f	2026-07-18T23:52:35+08:00	feat: harden versioned research Artifact identities
src/market_regime_alpha/research/mr2b_f2b_v3_reader.py	SOURCE	FULL_TEXT_READ	Semantic reader for immutable MR-2B F2B v3 evidence.	research	"[""VerifiedF2BRunV3"", ""load_verified_f2b_v3_run"", ""_verify_identity"", ""_frames"", ""_expected_frames"", ""_competing_status"", ""_row_counts"", ""_verify_files"", ""_assert_table"", ""_json"", ""_json_value"", ""_mapping"", ""_canonical_equal"", ""_freeze"", ""_hash""]"	[]	"[""json"", ""pandas"", ""__future__"", ""dataclasses"", ""hashlib"", ""pathlib"", ""types"", ""typing"", ""pandas.testing"", ""market_regime_alpha.research.mr2b_f2a_reader"", ""market_regime_alpha.research.mr2b_f2b_v3"", ""market_regime_alpha.research.mr2b_f2b_v3_artifacts"", ""market_regime_alpha.research.mr2b_f2b_v3_protocol"", ""market_regime_alpha.research.prr_artifact_reader"", ""market_regime_alpha.research.prr_artifact_schemas""]"	"[""tests/research/test_mr2b_f2b_v3_reader.py"", ""tests/research/test_mr2b_f2b_v3_artifacts.py""]"	"[""docs/archive/superpowers/plans/2026-07-16-tencent-composite-exploratory-r5.md"", ""docs/archive/superpowers/plans/2026-07-13-macd-signal-intent-implementation.md""]"	[]	12886	286	b1726393a1ff7747807f1cacfb52f299fecb5911	2026-07-22T22:05:27+08:00	fix: close post-merge research Artifact identity reviews (#9)
src/market_regime_alpha/research/mr2b_f2b_v3_statistics.py	SOURCE	FULL_TEXT_READ	Coverage-first statistical wrappers for MR-2B F2B v3.	research	"[""PrimaryCoverageAssessment"", ""assess_primary_coverage"", ""protocol_bootstrap"", ""protocol_temporal_stability""]"	"[""PrimaryCoverageAssessment""]"	"[""__future__"", ""dataclasses"", ""market_regime_alpha.research.mr2b_f2b_statistics"", ""market_regime_alpha.research.mr2b_f2b_v3_protocol""]"	"[""tests/research/test_mr2b_f2b_v3_reader.py"", ""tests/research/test_mr2b_f2b_v3_artifacts.py""]"	[]	[]	2507	83	871f35781baeb29b12f41fc04b2a54b285d54a1f	2026-07-18T23:52:35+08:00	feat: harden versioned research Artifact identities
src/market_regime_alpha/research/mr2b_multiseed.py	SOURCE	FULL_TEXT_READ	Deterministic multi-seed matched-K reference distributions for MR-2B F2A.	research	"[""MultiSeedReferenceEvidence"", ""linear_quantile"", ""empirical_percentile"", ""build_multiseed_matched_k_reference"", ""_target_index"", ""_baseline_index"", ""_equity_index"", ""_primary_selection_symbols"", ""_primary_baseline_pair"", ""_evaluate_selection"", ""_cash_lock_selection_id"", ""_summaries"", ""_distribution_fields"", ""_reconcile_primary_seed"", ""_finite""]"	[]	"[""math"", ""__future__"", ""collections.abc"", ""dataclasses"", ""datetime"", ""numbers"", ""typing"", ""market_regime_alpha.research.mr1_candidate_baselines"", ""market_regime_alpha.research.prr_artifact_schemas"", ""market_regime_alpha.research.prr_mvp_1""]"	"[""tests/research/test_mr2b_multiseed.py""]"	[]	[]	23208	501	536064007cf08b9ac7019443cc13a6c017d0b569	2026-07-18T18:29:23+08:00	feat: add exact-context and multi-seed Candidate excess evidence
src/market_regime_alpha/research/mr2b_verifier_registry.py	SOURCE	FULL_TEXT_READ	Versioned verifier routing for immutable MR-2B F2B artifacts.	research	"[""ArtifactVerifierRegistration"", ""build_verifier_registry"", ""load_verified_mr2b_f2b_run""]"	"[""ArtifactVerifierRegistration""]"	"[""json"", ""__future__"", ""dataclasses"", ""pathlib"", ""typing"", ""market_regime_alpha.research.mr2b_f2a_reader"", ""market_regime_alpha.research.mr2b_f2b_reader"", ""market_regime_alpha.research.mr2b_f2b_v2_reader"", ""market_regime_alpha.research.prr_artifact_reader"", ""market_regime_alpha.research.prr_artifact_schemas""]"	"[""tests/research/test_mr2b_f2b_v3_reader.py"", ""tests/research/test_mr2b_verifier_registry.py""]"	[]	[]	2476	65	9e32673c2d53416e07d355f6d6b101c35e2a97ab	2026-07-18T21:04:51+08:00	fix: harden MR-2B low-coverage and path-diagnostic semantics
src/market_regime_alpha/research/pit_partition_v2.py	SOURCE	FULL_TEXT_READ	Immutable Validation partition specification, seal, and first-open receipt.	research	"[""ValidationPartitionSpecification"", ""PartitionSealArtifact"", ""PartitionOpenReceipt"", ""seal_validation_partition"", ""open_partition"", ""persist_partition_seal"", ""open_persisted_partition"", ""_verify_seal_binding"", ""_verify_persisted_seal"", ""_validate_partition_component"", ""_write_json"", ""_content_hash""]"	"[""PartitionSealArtifact""]"	"[""json"", ""shutil"", ""__future__"", ""dataclasses"", ""datetime"", ""hashlib"", ""pathlib"", ""typing"", ""market_regime_alpha.research.prr_artifact_schemas""]"	"[""tests/research/test_pit_partition_seal.py"", ""tests/research/pit_replication_v2_fixtures.py"", ""tests/research/test_pit_partition_specification.py""]"	[]	[]	11680	298	96e41a12d86b3b5f7472c2d4e44011736b087b6b	2026-07-22T23:34:40+08:00	fix: harden sealed PIT Candidate replication semantics (#11)
src/market_regime_alpha/research/pit_replication_artifacts.py	SOURCE	FULL_TEXT_READ	Immutable publication contracts for PIT Candidate replication evidence.	research	"[""PITReplicationRunIdentity"", ""build_pit_replication_run_identity"", ""publish_blocked_pit_replication"", ""_validate_exact_set"", ""_write_json"", ""_write_checksums"", ""_content_hash""]"	[]	"[""json"", ""shutil"", ""__future__"", ""dataclasses"", ""hashlib"", ""pathlib"", ""typing"", ""market_regime_alpha.research.pit_replication_preflight"", ""market_regime_alpha.research.pit_replication_protocol"", ""market_regime_alpha.research.prr_artifact_schemas""]"	"[""tests/research/test_pit_replication_artifacts.py"", ""tests/research/test_pit_replication_reader.py""]"	"[""docs/archive/superpowers/plans/2026-07-16-tencent-composite-exploratory-r5.md""]"	[]	7513	199	5d19cee4a1dac4651c71a569a3a45d2a84b2b0df	2026-07-18T21:40:07+08:00	feat: establish PIT Candidate replication validation foundation
src/market_regime_alpha/research/pit_replication_preflight.py	SOURCE	FULL_TEXT_READ	Provider-bound, no-fallback preflight for PIT Candidate replication.	research	"[""PITReplicationPreflightStatus"", ""PITReplicationPreflight"", ""preflight_xuntou_replication"", ""_result"", ""_content_hash""]"	[]	"[""__future__"", ""dataclasses"", ""enum"", ""hashlib"", ""pathlib"", ""typing"", ""market_regime_alpha.research.provider_rehearsal_market_artifact"", ""market_regime_alpha.research.provider_routing"", ""market_regime_alpha.research.wp3_orchestrator"", ""market_regime_alpha.research.xuntou_provider_adapter""]"	"[""tests/research/test_pit_replication_artifacts.py"", ""tests/research/test_pit_replication_reader.py"", ""tests/research/test_pit_replication_v2_invalid_artifact.py"", ""tests/research/test_pit_replication_preflight.py""]"	"[""docs/research/Daily-Quant-Selection-and-Manual-Trading-Research-Program.md"", ""docs/archive/superpowers/plans/2026-07-16-tencent-composite-exploratory-r5.md"", ""docs/archive/superpowers/plans/2026-07-13-macd-signal-intent-implementation.md""]"	[]	6149	155	5d19cee4a1dac4651c71a569a3a45d2a84b2b0df	2026-07-18T21:40:07+08:00	feat: establish PIT Candidate replication validation foundation
src/market_regime_alpha/research/pit_replication_protocol.py	SOURCE	FULL_TEXT_READ	Frozen governance contract for PIT Candidate replication validation.	research	"[""PITCandidateReplicationProtocol"", ""CandidateFeatureExperiment"", ""frozen_pit_replication_protocol""]"	"[""PITCandidateReplicationProtocol""]"	"[""__future__"", ""dataclasses"", ""typing"", ""market_regime_alpha.research.r5_baseline_runner"", ""market_regime_alpha.research.xuntou_provider_adapter"", ""market_regime_alpha.research.prr_artifact_schemas""]"	"[""tests/research/test_pit_replication_artifacts.py"", ""tests/research/test_pit_replication_reader.py"", ""tests/research/test_pit_replication_protocol.py""]"	"[""docs/research/PIT-Candidate-Replication-Charter.md""]"	[]	6563	144	5d19cee4a1dac4651c71a569a3a45d2a84b2b0df	2026-07-18T21:40:07+08:00	feat: establish PIT Candidate replication validation foundation
src/market_regime_alpha/research/pit_replication_reader.py	SOURCE	FULL_TEXT_READ	Semantic reader for immutable PIT Candidate replication artifacts.	research	"[""VerifiedPITReplicationRun"", ""load_verified_pit_replication_run"", ""_verify_checksums"", ""_read_object"", ""_read_list"", ""_mapping"", ""_content_hash""]"	[]	"[""json"", ""__future__"", ""dataclasses"", ""hashlib"", ""pathlib"", ""types"", ""typing"", ""market_regime_alpha.research.pit_replication_artifacts"", ""market_regime_alpha.research.pit_replication_preflight"", ""market_regime_alpha.research.pit_replication_protocol"", ""market_regime_alpha.research.prr_artifact_schemas""]"	"[""tests/research/test_pit_replication_reader.py""]"	"[""docs/specs/ThemeDirectionSnapshot.md"", ""docs/research/Daily-Quant-Selection-and-Manual-Trading-Research-Program.md"", ""docs/constitution/04-Data-Constitution.md"", ""docs/archive/superpowers/specs/2026-07-13-macd-signal-intent-design.md"", ""docs/archive/superpowers/plans/2026-07-16-tencent-composite-exploratory-r5.md"", ""docs/archive/superpowers/plans/2026-07-13-macd-signal-intent-implementation.md""]"	[]	6763	147	5d19cee4a1dac4651c71a569a3a45d2a84b2b0df	2026-07-18T21:40:07+08:00	feat: establish PIT Candidate replication validation foundation
src/market_regime_alpha/research/pit_replication_runner.py	SOURCE	FULL_TEXT_READ	Pure validation and application facade for PIT Candidate replication.	research	"[""PITReplicationTableValidation"", ""validate_replication_tables"", ""run_pit_replication"", ""_unique_index"", ""_text"", ""_integer""]"	[]	"[""__future__"", ""collections"", ""dataclasses"", ""datetime"", ""pathlib"", ""typing"", ""market_regime_alpha.research.pit_replication_preflight"", ""market_regime_alpha.research.pit_replication_protocol"", ""market_regime_alpha.research.mr1_candidate_baselines""]"	"[""tests/research/test_pit_replication_runner.py""]"	"[""docs/constitution/04-Data-Constitution.md"", ""docs/archive/superpowers/plans/2026-07-16-tencent-composite-exploratory-r5.md"", ""docs/archive/superpowers/plans/2026-07-18-wp4a1-entry-path-temporal-price-lineage-hardening.md""]"	[]	10890	258	5d19cee4a1dac4651c71a569a3a45d2a84b2b0df	2026-07-18T21:40:07+08:00	feat: establish PIT Candidate replication validation foundation
src/market_regime_alpha/research/pit_replication_success_v2.py	SOURCE	FULL_TEXT_READ	Pure success pipeline for sealed PIT Candidate replication v2 evidence.	research	"[""PITReplicationSuccessInputs"", ""PITReplicationSuccessResults"", ""build_pit_replication_success_results"", ""_validate_population_lineage"", ""_validate_feature_lineage"", ""_evaluation_index"", ""_build_comparators"", ""_portfolio_return"", ""_gross_population_return"", ""_unique_index"", ""_positive_finite"", ""assessment_payload""]"	[]	"[""math"", ""__future__"", ""collections"", ""dataclasses"", ""datetime"", ""statistics"", ""typing"", ""market_regime_alpha.research.mr1_candidate_baselines"", ""market_regime_alpha.research.mr1_research_runner"", ""market_regime_alpha.research.pit_partition_v2"", ""market_regime_alpha.research.pit_replication_success_v2_features"", ""market_regime_alpha.research.pit_replication_success_v2_protocol"", ""market_regime_alpha.research.pit_replication_success_v2_statistics"", ""market_regime_alpha.research.prr_artifact_schemas""]"	"[""tests/research/test_pit_replication_v2_runner.py"", ""tests/research/test_pit_replication_v2_features.py"", ""tests/research/pit_replication_v2_fixtures.py"", ""tests/research/test_pit_replication_v2_artifacts.py"", ""tests/research/test_pit_replication_v2_statistics.py"", ""tests/research/test_pit_replication_v2_protocol.py"", ""tests/research/test_pit_replication_v2_reader.py""]"	[]	[]	19454	457	96e41a12d86b3b5f7472c2d4e44011736b087b6b	2026-07-22T23:34:40+08:00	fix: harden sealed PIT Candidate replication semantics (#11)
src/market_regime_alpha/research/pit_replication_success_v2_artifacts.py	SOURCE	FULL_TEXT_READ	Immutable publisher for PIT Candidate replication success v2 evidence.	research	"[""PITReplicationSuccessIdentityV2"", ""build_success_identity"", ""build_success_identity_from_inputs"", ""build_input_evidence_hashes"", ""success_reader_implementation_identity"", ""publish_pit_replication_success_v2"", ""_row_counts"", ""_data_quality"", ""_chronological"", ""_temporal_slices"", ""_population_slices"", ""_liquidity_slices"", ""_feature_completeness"", ""_turnover"", ""_cost_payload"", ""_cost_payload_for_protocol"", ""_canonical_value"", ""_report"", ""_parquet"", ""_json"", ""_checksums"", ""_hash"", ""_revision""]"	[]	"[""json"", ""shutil"", ""subprocess"", ""pandas"", ""__future__"", ""dataclasses"", ""hashlib"", ""pathlib"", ""statistics"", ""typing"", ""market_regime_alpha.research.mr1_research_runner"", ""market_regime_alpha.research.pit_replication_success_v2"", ""market_regime_alpha.research.pit_replication_success_v2_protocol"", ""market_regime_alpha.research.pit_replication_success_v2_features"", ""market_regime_alpha.research.prr_artifact_schemas""]"	"[""tests/research/test_pit_replication_v2_artifacts.py""]"	[]	[]	23757	570	96e41a12d86b3b5f7472c2d4e44011736b087b6b	2026-07-22T23:34:40+08:00	fix: harden sealed PIT Candidate replication semantics (#11)
src/market_regime_alpha/research/pit_replication_success_v2_features.py	SOURCE	FULL_TEXT_READ	Reconstruct frozen B1-E scores from persisted Feature evidence.	research	"[""RegisteredFeatureDefinition"", ""frozen_b1e_feature_registry"", ""feature_set_payload"", ""model_spec_payload"", ""reconstruct_b1e_scores"", ""_text""]"	"[""RegisteredFeatureDefinition""]"	"[""math"", ""__future__"", ""collections"", ""dataclasses"", ""datetime"", ""typing"", ""market_regime_alpha.candidates.composite_baseline"", ""market_regime_alpha.features.rehearsal_baselines"", ""market_regime_alpha.research.pit_replication_success_v2_protocol"", ""market_regime_alpha.research.r5_baseline_runner""]"	"[""tests/research/test_pit_replication_v2_features.py"", ""tests/research/pit_replication_v2_fixtures.py""]"	"[""docs/constitution/04-Data-Constitution.md"", ""docs/archive/superpowers/plans/2026-07-16-tencent-composite-exploratory-r5.md"", ""docs/archive/superpowers/plans/2026-07-18-wp4a1-entry-path-temporal-price-lineage-hardening.md""]"	[]	7690	175	96e41a12d86b3b5f7472c2d4e44011736b087b6b	2026-07-22T23:34:40+08:00	fix: harden sealed PIT Candidate replication semantics (#11)
src/market_regime_alpha/research/pit_replication_success_v2_protocol.py	SOURCE	FULL_TEXT_READ	Frozen protocol for sealed PIT Candidate replication success evidence.	research	"[""PITCandidateReplicationProtocolV2"", ""frozen_pit_replication_success_v2_protocol""]"	"[""PITCandidateReplicationProtocolV2""]"	"[""__future__"", ""dataclasses"", ""typing"", ""market_regime_alpha.research.prr_artifact_schemas"", ""market_regime_alpha.research.r5_baseline_runner""]"	"[""tests/research/test_pit_replication_v2_features.py"", ""tests/research/pit_replication_v2_fixtures.py"", ""tests/research/test_pit_replication_v2_artifacts.py"", ""tests/research/test_pit_replication_v2_statistics.py"", ""tests/research/test_pit_replication_v2_protocol.py""]"	[]	[]	5810	127	191e9c31d338d8d81a78332111059b50b3de2a60	2026-07-19T00:38:16+08:00	feat: implement sealed PIT Candidate replication pipeline (#8)
src/market_regime_alpha/research/pit_replication_success_v2_reader.py	SOURCE	FULL_TEXT_READ	Semantic Reader for PIT Candidate replication success v2.	research	"[""VerifiedPITReplicationSuccessV2"", ""load_verified_pit_replication_success_v2"", ""_amount_contract_qualified"", ""_verify_seal"", ""_parse_formal_qualification"", ""_specification"", ""_seal"", ""_receipt"", ""_assert_rows"", ""_rows"", ""_verify_files"", ""_object"", ""_array"", ""_mapping"", ""_hash""]"	[]	"[""json"", ""pandas"", ""__future__"", ""dataclasses"", ""datetime"", ""hashlib"", ""pathlib"", ""typing"", ""pandas.testing"", ""market_regime_alpha.research.pit_partition_v2"", ""market_regime_alpha.research.pit_replication_success_v2"", ""market_regime_alpha.research.pit_replication_success_v2_artifacts"", ""market_regime_alpha.research.pit_replication_success_v2_features"", ""market_regime_alpha.research.pit_replication_success_v2_protocol"", ""market_regime_alpha.research.mr1_research_runner"", ""market_regime_alpha.research.prr_artifact_schemas"", ""market_regime_alpha.research.xuntou_pit_v4_qualification"", ""market_regime_alpha.research.xuntou_pit_v4_contract""]"	"[""tests/research/test_pit_replication_v2_reader.py""]"	"[""docs/Data-Spec.md"", ""docs/archive/superpowers/plans/2026-07-16-tencent-composite-exploratory-r5.md""]"	[]	17203	372	96e41a12d86b3b5f7472c2d4e44011736b087b6b	2026-07-22T23:34:40+08:00	fix: harden sealed PIT Candidate replication semantics (#11)
src/market_regime_alpha/research/pit_replication_success_v2_runner.py	SOURCE	FULL_TEXT_READ	Application facade for PIT replication v2 blocked/invalid/success outcomes.	research	"[""run_pit_replication_success_v2"", ""_materialize_available_inputs"", ""_existing_partition_ids"", ""_mapping"", ""_validated_replication_payload"", ""_sequence"", ""_row_sequence"", ""_text""]"	[]	"[""json"", ""__future__"", ""dataclasses"", ""datetime"", ""pathlib"", ""typing"", ""market_regime_alpha.research.pit_replication_preflight"", ""market_regime_alpha.research.pit_replication_success_v2"", ""market_regime_alpha.research.pit_replication_success_v2_artifacts"", ""market_regime_alpha.research.pit_replication_success_v2_protocol"", ""market_regime_alpha.research.pit_partition_v2"", ""market_regime_alpha.research.pit_replication_v2_artifacts"", ""market_regime_alpha.research.pit_replication_v2_protocol"", ""market_regime_alpha.research.pit_replication_v2_reader"", ""market_regime_alpha.research.prr_artifact_schemas"", ""market_regime_alpha.research.xuntou_pit_v4_evidence"", ""market_regime_alpha.research.xuntou_pit_v4_contract"", ""market_regime_alpha.research.xuntou_pit_v4_preflight""]"	"[""tests/research/test_pit_replication_v2_runner.py"", ""tests/research/test_pit_replication_v2_reader.py""]"	"[""docs/specs/ThemeDirectionSnapshot.md"", ""docs/research/Daily-Quant-Selection-and-Manual-Trading-Research-Program.md"", ""docs/constitution/04-Data-Constitution.md"", ""docs/archive/superpowers/specs/2026-07-13-macd-signal-intent-design.md"", ""docs/archive/superpowers/plans/2026-07-16-tencent-composite-exploratory-r5.md"", ""docs/archive/superpowers/plans/2026-07-13-macd-signal-intent-implementation.md"", ""docs/archive/superpowers/plans/2026-07-18-wp4a1-entry-path-temporal-price-lineage-hardening.md""]"	[]	14703	350	96e41a12d86b3b5f7472c2d4e44011736b087b6b	2026-07-22T23:34:40+08:00	fix: harden sealed PIT Candidate replication semantics (#11)
src/market_regime_alpha/research/pit_replication_success_v2_statistics.py	SOURCE	FULL_TEXT_READ	Deterministic chronological statistics for PIT replication v2.	research	"[""PITReplicationAssessment"", ""assess_daily_replication"", ""_finite_float"", ""_insufficient"", ""_moving_block_means""]"	"[""PITReplicationAssessment""]"	"[""math"", ""random"", ""__future__"", ""dataclasses"", ""statistics"", ""typing"", ""market_regime_alpha.research.mr2b_f2b_statistics"", ""market_regime_alpha.research.pit_replication_success_v2_protocol""]"	[]	[]	[]	6294	189	191e9c31d338d8d81a78332111059b50b3de2a60	2026-07-19T00:38:16+08:00	feat: implement sealed PIT Candidate replication pipeline (#8)
src/market_regime_alpha/research/pit_replication_v2_artifacts.py	SOURCE	FULL_TEXT_READ	Immutable blocked and invalid PIT replication evidence v2.	research	"[""PITReplicationRunIdentityV2"", ""build_pit_replication_v2_identity"", ""publish_pit_replication_v2"", ""_git_revision"", ""_validate_exact_set"", ""_write_json"", ""_write_checksums"", ""_content_hash""]"	[]	"[""json"", ""shutil"", ""subprocess"", ""__future__"", ""dataclasses"", ""hashlib"", ""pathlib"", ""typing"", ""market_regime_alpha.research.pit_replication_preflight"", ""market_regime_alpha.research.pit_replication_v2_protocol"", ""market_regime_alpha.research.prr_artifact_schemas""]"	"[""tests/research/test_pit_replication_v2_identity.py"", ""tests/research/test_pit_replication_v2_invalid_artifact.py""]"	"[""docs/archive/superpowers/plans/2026-07-16-tencent-composite-exploratory-r5.md""]"	[]	9781	251	b1726393a1ff7747807f1cacfb52f299fecb5911	2026-07-22T22:05:27+08:00	fix: close post-merge research Artifact identity reviews (#9)
src/market_regime_alpha/research/pit_replication_v2_preflight.py	SOURCE	FULL_TEXT_READ	Versioned provider preflight projection for PIT Artifact identity v2.	research	"[""preflight_xuntou_replication_v2"", ""parse_pit_replication_v2_preflight""]"	[]	"[""__future__"", ""dataclasses"", ""pathlib"", ""typing"", ""market_regime_alpha.research.pit_replication_preflight""]"	"[""tests/research/test_pit_replication_v2_identity.py"", ""tests/research/test_pit_replication_v2_invalid_artifact.py""]"	[]	[]	2959	78	b1726393a1ff7747807f1cacfb52f299fecb5911	2026-07-22T22:05:27+08:00	fix: close post-merge research Artifact identity reviews (#9)
src/market_regime_alpha/research/pit_replication_v2_protocol.py	SOURCE	FULL_TEXT_READ	Frozen protocol binding for PIT blocked/invalid evidence v2.	research	"[""PITCandidateReplicationProtocolV2"", ""frozen_pit_replication_v2_protocol""]"	"[""PITCandidateReplicationProtocolV2""]"	"[""__future__"", ""dataclasses"", ""typing"", ""market_regime_alpha.research.pit_replication_protocol"", ""market_regime_alpha.research.prr_artifact_schemas""]"	"[""tests/research/test_pit_replication_v2_identity.py"", ""tests/research/test_pit_replication_v2_invalid_artifact.py""]"	[]	[]	2736	75	871f35781baeb29b12f41fc04b2a54b285d54a1f	2026-07-18T23:52:35+08:00	feat: harden versioned research Artifact identities
src/market_regime_alpha/research/pit_replication_v2_reader.py	SOURCE	FULL_TEXT_READ	Semantic reader for blocked and invalid PIT replication evidence v2.	research	"[""VerifiedPITReplicationRunV2"", ""VerifiedPITReplicationArtifactV2"", ""load_verified_pit_replication_artifact_v2"", ""load_verified_pit_replication_v2"", ""_verify_blocker"", ""_verify_invalid"", ""_schema"", ""_verify_files"", ""_read_object"", ""_read_list"", ""_mapping"", ""_content_hash""]"	"[""VerifiedPITReplicationArtifactV2""]"	"[""json"", ""__future__"", ""dataclasses"", ""hashlib"", ""pathlib"", ""types"", ""typing"", ""market_regime_alpha.research.pit_replication_preflight"", ""market_regime_alpha.research.pit_replication_v2_artifacts"", ""market_regime_alpha.research.pit_replication_v2_protocol"", ""market_regime_alpha.research.pit_replication_v2_preflight"", ""market_regime_alpha.research.prr_artifact_schemas""]"	"[""tests/research/test_pit_replication_v2_invalid_artifact.py"", ""tests/research/test_pit_replication_v2_reader.py""]"	"[""docs/constitution/06-Strategy-Constitution.md"", ""docs/archive/superpowers/specs/2026-07-13-macd-signal-intent-design.md"", ""docs/archive/superpowers/plans/2026-07-18-wp4a2-entry-path-as-of-evidence-correction.md"", ""docs/archive/superpowers/plans/2026-07-13-macd-signal-intent-implementation.md""]"	[]	10116	238	96e41a12d86b3b5f7472c2d4e44011736b087b6b	2026-07-22T23:34:40+08:00	fix: harden sealed PIT Candidate replication semantics (#11)
src/market_regime_alpha/research/pit_replication_v2_runner.py	SOURCE	FULL_TEXT_READ	Application facade for PIT replication blocked/invalid evidence v2.	research	"[""run_pit_replication_v2""]"	[]	"[""__future__"", ""pathlib"", ""market_regime_alpha.research.pit_replication_v2_artifacts"", ""market_regime_alpha.research.pit_replication_v2_preflight"", ""market_regime_alpha.research.pit_replication_v2_protocol"", ""market_regime_alpha.research.pit_replication_v2_reader""]"	[]	[]	[]	939	23	871f35781baeb29b12f41fc04b2a54b285d54a1f	2026-07-18T23:52:35+08:00	feat: harden versioned research Artifact identities
src/market_regime_alpha/research/provider_candidate_runner.py	SOURCE	FULL_TEXT_READ	Provider rehearsal artifact to fixed R5 Candidate baseline evaluations.	research	"[""ProviderCandidateRunOutcome"", ""CandidateDecisionDiagnostic"", ""ProviderCandidateRun"", ""run_provider_candidate_experiment"", ""_universe_source_dataset_contract"", ""_validate_provider_rehearsal_policy"", ""_unique""]"	"[""CandidateDecisionDiagnostic""]"	"[""__future__"", ""collections"", ""dataclasses"", ""enum"", ""market_regime_alpha.candidates"", ""market_regime_alpha.core.identity"", ""market_regime_alpha.core.time"", ""market_regime_alpha.data"", ""market_regime_alpha.features.rehearsal_baselines"", ""market_regime_alpha.research.provider_rehearsal_market_artifact"", ""market_regime_alpha.research.r5_baseline_runner"", ""market_regime_alpha.universe.contracts"", ""market_regime_alpha.universe.eligibility_policy""]"	"[""tests/research/test_provider_candidate_runner.py""]"	"[""docs/archive/superpowers/plans/2026-07-13-macd-signal-intent-implementation.md"", ""docs/archive/superpowers/plans/2026-07-16-wp3-provider-routing-and-candidate-runs.md""]"	[]	13505	306	712ec8568806284a154232ccc71ddf9dedc305c3	2026-07-16T21:31:07+08:00	fix: close WP-3 verification gaps
src/market_regime_alpha/research/provider_export_adapter.py	SOURCE	FULL_TEXT_READ	Strict adapter for a normalized generic provider-export bundle.	research	"[""GenericProviderExportAdapterError"", ""load_generic_provider_export_bundle"", ""adapt_generic_provider_export_mapping"", ""_provider_references"", ""_source_artifacts"", ""_calendar"", ""_universe"", ""_daily_bars"", ""_decision_snapshots"", ""_next_session_bars"", ""_raw_eligibility_observations"", ""_required_mapping"", ""_required_list"", ""_mapping_list"", ""_mapping_rows"", ""_required_string"", ""_optional_string"", ""_required_bool"", ""_optional_bool"", ""_date"", ""_aware_datetime"", ""_number"", ""_optional_number"", ""_optional_int"", ""_string_tuple""]"	[]	"[""json"", ""__future__"", ""datetime"", ""pathlib"", ""typing"", ""market_regime_alpha.core.identity"", ""market_regime_alpha.core.time"", ""market_regime_alpha.data.contracts"", ""market_regime_alpha.data.rehearsal"", ""market_regime_alpha.data.trading_calendar"", ""market_regime_alpha.research.provider_rehearsal_market_artifact"", ""market_regime_alpha.universe.artifacts"", ""market_regime_alpha.universe.eligibility_policy""]"	"[""tests/research/test_provider_export_adapter.py""]"	"[""docs/specs/Xuntou-P0-Native-Field-Mapping.md"", ""docs/specs/ETFDirectionSnapshot.md"", ""docs/architecture/R3-R4-Minimal-Research-Spine.md"", ""docs/architecture/01-Domain-Boundaries.md"", ""docs/research/R5-Xuntou-P0-Official-Documentation-Evidence.md"", ""docs/research/R5-Candidate-Dataset-Builder-Status.md"", ""docs/research/R5-Generic-Provider-Export-Adapter.md"", ""docs/research/Daily-Quant-Selection-and-Manual-Trading-Research-Program.md"", ""docs/research/R5-Provider-Rehearsal-Trading-Eligibility-Policy-v2.md"", ""docs/research/R5-Current-Status.md"", ""docs/constitution/08-Roadmap.md"", ""docs/status/Capability-Matrix.md"", ""docs/archive/superpowers/plans/2026-07-16-wp4a-entry-path-targets.md"", ""docs/archive/superpowers/plans/2026-07-16-tencent-composite-exploratory-r5.md"", ""docs/archive/superpowers/plans/2026-07-18-wp4a2-entry-path-as-of-evidence-correction.md"", ""docs/archive/superpowers/plans/2026-07-13-macd-signal-intent-implementation.md"", ""docs/archive/superpowers/plans/2026-07-18-wp4a1-entry-path-temporal-price-lineage-hardening.md"", ""docs/references/providers/xuntou/README.md""]"	[]	15505	369	5b4691bd3346658072dbf084c129a52d10b627fc	2026-07-15T18:43:27+08:00	feat: add strict generic provider export adapter
src/market_regime_alpha/research/provider_rehearsal_market_artifact.py	SOURCE	FULL_TEXT_READ	Identified provider-backed/provider-export-backed rehearsal input bundle for R5 research.	research	"[""_require_non_empty"", ""ProviderRehearsalMarketArtifact"", ""build_provider_rehearsal_market_artifact"", ""_require_unique_keys""]"	"[""ProviderRehearsalMarketArtifact""]"	"[""json"", ""__future__"", ""dataclasses"", ""hashlib"", ""zoneinfo"", ""market_regime_alpha.core.identity"", ""market_regime_alpha.data.contracts"", ""market_regime_alpha.data.rehearsal"", ""market_regime_alpha.data.trading_calendar"", ""market_regime_alpha.universe.artifacts"", ""market_regime_alpha.universe.eligibility_artifacts"", ""market_regime_alpha.universe.eligibility_policy""]"	"[""tests/research/test_provider_candidate_runner.py"", ""tests/research/test_provider_rehearsal_market_artifact.py""]"	"[""docs/specs/Xuntou-P0-Native-Field-Mapping.md"", ""docs/research/R5-Xuntou-P0-Adapter-Status.md"", ""docs/research/R5-Generic-Provider-Export-Adapter.md"", ""docs/research/R5-WP3-Provider-Routing-Status.md"", ""docs/research/R5-Provider-Rehearsal-Market-Artifact.md"", ""docs/research/R5-Current-Status.md"", ""docs/archive/superpowers/specs/2026-07-16-tencent-composite-exploratory-r5-design.md"", ""docs/archive/superpowers/specs/2026-07-16-wp3-provider-routing-and-candidate-runs-design.md"", ""docs/archive/superpowers/plans/2026-07-16-wp4a-entry-path-targets.md"", ""docs/archive/superpowers/plans/2026-07-16-tencent-composite-exploratory-r5.md"", ""docs/archive/superpowers/plans/2026-07-16-xuntou-p0-native-adapter.md"", ""docs/archive/superpowers/plans/2026-07-18-wp4a2-entry-path-as-of-evidence-correction.md"", ""docs/archive/superpowers/plans/2026-07-16-wp3-provider-routing-and-candidate-runs.md""]"	[]	15270	328	1326b3168b46a9da596c301a0c4f876da5e30eb1	2026-07-16T22:52:04+08:00	fix: close current mypy errors
src/market_regime_alpha/research/provider_routing.py	SOURCE	FULL_TEXT_READ	Authority-aware provider routing for R5 Candidate research.	research	"[""CandidateDataSource"", ""CandidateRunSourceMode"", ""ProviderAvailabilityStatus"", ""ProviderSelectionDisposition"", ""ProviderSelectionReasonCode"", ""ProviderRoutingErrorCode"", ""_require_non_empty"", ""_require_unique_strings"", ""ProviderCapabilityReport"", ""ProviderSelectionAttempt"", ""ProviderSelectionDecision"", ""ProviderRoutingError"", ""select_candidate_data_source"", ""_select_explicit"", ""_attempt_report"", ""_decision"", ""_report_payload"", ""_attempt_payload"", ""_eligibility_at_least"", ""_unique""]"	"[""ProviderSelectionDecision""]"	"[""json"", ""__future__"", ""dataclasses"", ""enum"", ""hashlib"", ""market_regime_alpha.data""]"	"[""tests/research/test_wp3_orchestrator.py"", ""tests/research/test_wp3_candidate_cli.py"", ""tests/research/test_provider_routing.py""]"	"[""docs/archive/superpowers/specs/2026-07-16-wp3-provider-routing-and-candidate-runs-design.md"", ""docs/archive/superpowers/plans/2026-07-16-wp3-provider-routing-and-candidate-runs.md""]"	[]	16602	429	d5273e2e71485bcfcb88cb17d797cbaa622648e1	2026-07-16T20:51:35+08:00	feat: add authority-aware provider routing
src/market_regime_alpha/research/prr_artifact_reader.py	SOURCE	FULL_TEXT_READ	Verified, network-free readers for immutable PRR Dataset and MR-1 artifacts.	research	"[""VerifiedPRRDataset"", ""VerifiedMR1Run"", ""load_verified_prr_dataset"", ""load_verified_mr1_run"", ""_verify_artifact"", ""_validate_dataset_frames"", ""_validate_mr1_frames"", ""_validate_baseline_family_parity"", ""_validate_close_cash_lock_parity"", ""_validate_selection_evidence"", ""_validate_model_order_population_alignment"", ""_quality_report"", ""_prepared_data"", ""_bars"", ""_ordered_decision_dates"", ""_require_unique_frame_keys"", ""_source_kinds"", ""_read_parquet"", ""_read_json"", ""_read_mapping"", ""_read_string_sequence"", ""_verify_manifest"", ""_require_exploratory"", ""_required_text"", ""_required_int"", ""_required_string_sequence"", ""_mapping_sequence"", ""_mapping_string_sequence"", ""_parse_date"", ""_parse_datetime"", ""_finite_number"", ""_content_hash"", ""_freeze"", ""_freeze_mapping"", ""_frozen_records""]"	[]	"[""json"", ""math"", ""pandas"", ""__future__"", ""collections.abc"", ""dataclasses"", ""datetime"", ""hashlib"", ""pathlib"", ""types"", ""typing"", ""market_regime_alpha.research.mr1_candidate_baselines"", ""market_regime_alpha.research.prr_artifact_schemas"", ""market_regime_alpha.research.tencent_composite_contracts""]"	"[""tests/research/test_mr2b_f2b_v2_artifacts.py"", ""tests/research/test_mr2b_f2a_artifacts.py"", ""tests/research/test_prr_artifact_reader.py"", ""tests/research/test_mr2b_f2b_v3_artifacts.py"", ""tests/research/test_mr2b_f2b_artifacts.py""]"	[]	[]	40721	864	50082506a549abb7f9859a801e7a88fc2d1ea964	2026-07-18T15:04:52+08:00	feat: add reproducible Candidate replay and morning-pop research
src/market_regime_alpha/research/prr_artifact_schemas.py	SOURCE	FULL_TEXT_READ	Single source of truth for immutable PRR Dataset and MR-1 artifact schemas.	research	"[""ArtifactSchema"", ""CandidateBaselineId"", ""canonical_identity_hash"", ""model_population_hash"", ""selected_symbols_hash"", ""matched_k_selection_id"", ""ModelCandidatePopulation"", ""MatchedKSelection""]"	"[""ArtifactSchema""]"	"[""json"", ""__future__"", ""dataclasses"", ""datetime"", ""enum"", ""hashlib""]"	"[""tests/research/test_mr2b_multiseed.py"", ""tests/research/test_pit_replication_v2_runner.py"", ""tests/research/test_xuntou_pit_v4_preflight.py"", ""tests/research/test_pit_replication_v2_identity.py"", ""tests/research/test_mr1_model_population_baselines.py"", ""tests/research/test_prr_artifact_reader.py"", ""tests/research/test_mr2b_f2a.py""]"	[]	[]	17996	529	191e9c31d338d8d81a78332111059b50b3de2a60	2026-07-19T00:38:16+08:00	feat: implement sealed PIT Candidate replication pipeline (#8)
src/market_regime_alpha/research/prr_mvp_1.py	SOURCE	FULL_TEXT_READ	PRR-MVP-1 fixed Candidate-ranking replay under an EXPLORATORY ceiling.	research	"[""ExploratoryExecutionCostConfig"", ""PRRCandidateData"", ""PRRReplayResult"", ""acceptance_accounting"", ""build_prr_candidate_data"", ""replay_fixed_candidate_portfolios"", ""_fixed_rankings"", ""_ranking_rows"", ""_simulate_trade"", ""_order_row"", ""_slot_rows"", ""_equity_row"", ""_metrics"", ""_target_family""]"	[]	"[""math"", ""__future__"", ""dataclasses"", ""datetime"", ""statistics"", ""typing"", ""zoneinfo"", ""market_regime_alpha.candidates.baselines"", ""market_regime_alpha.candidates.composite_baseline"", ""market_regime_alpha.candidates.dataset"", ""market_regime_alpha.candidates.rehearsal_targets"", ""market_regime_alpha.core.identity"", ""market_regime_alpha.core.status"", ""market_regime_alpha.research.r5_baseline_runner"", ""market_regime_alpha.research.tencent_composite_execution"", ""market_regime_alpha.research.tencent_composite_materialization""]"	"[""tests/research/test_mr2b_multiseed.py"", ""tests/research/test_mr1_daily_candidate_baseline.py"", ""tests/research/test_prr_mvp_1.py"", ""tests/research/test_mr1_model_population_baselines.py"", ""tests/research/test_prr_artifact_reader.py""]"	[]	[]	27987	655	50082506a549abb7f9859a801e7a88fc2d1ea964	2026-07-18T15:04:52+08:00	feat: add reproducible Candidate replay and morning-pop research
src/market_regime_alpha/research/prr_mvp_1_artifacts.py	SOURCE	FULL_TEXT_READ	Immutable raw, Dataset, and run artifacts for PRR-MVP-1.	research	"[""raw_acquisition_id"", ""write_prr_raw_evidence"", ""load_prr_cached_acquisition"", ""dataset_id"", ""write_prr_dataset"", ""write_prr_run"", ""write_prr_failure"", ""_reserve"", ""_validate_exact_set"", ""_write_parquet"", ""_write_json"", ""_write_monthly_metrics"", ""_stability"", ""_write_report"", ""_write_checksums"", ""_payload_checksums"", ""_content_hash"", ""_canonical_hash"", ""_identity"", ""_json_value"", ""_bar_date_range"", ""_provider_for_source""]"	[]	"[""json"", ""shutil"", ""pandas"", ""__future__"", ""dataclasses"", ""datetime"", ""enum"", ""hashlib"", ""pathlib"", ""typing"", ""market_regime_alpha.core.identity"", ""market_regime_alpha.core.identity"", ""market_regime_alpha.core.time"", ""market_regime_alpha.research.prr_mvp_1"", ""market_regime_alpha.research.prr_artifact_schemas"", ""market_regime_alpha.research.tencent_composite_execution"", ""market_regime_alpha.research.tencent_composite_contracts""]"	"[""tests/research/test_prr_mvp_1.py""]"	"[""docs/development/WP-0-Close-B1-Verification.md"", ""docs/specs/RecommendationOutcome.md"", ""docs/research/R5-Generic-Provider-Export-Adapter.md"", ""docs/research/R5-Current-Status.md"", ""docs/constitution/07-Validation-Constitution.md"", ""docs/constitution/02-Architecture-Blueprint.md"", ""docs/archive/superpowers/specs/2026-07-18-wp4a2-entry-path-as-of-evidence-correction-design.md"", ""docs/archive/superpowers/specs/2026-07-18-wp4a1-entry-path-temporal-price-lineage-hardening-design.md"", ""docs/archive/superpowers/plans/2026-07-16-wp4a-entry-path-targets.md"", ""docs/archive/superpowers/plans/2026-07-16-tencent-composite-exploratory-r5.md"", ""docs/archive/superpowers/plans/2026-07-18-wp4a2-entry-path-as-of-evidence-correction.md"", ""docs/archive/superpowers/plans/2026-07-16-wp3-candidate-directional-accuracy.md"", ""docs/archive/superpowers/plans/2026-07-18-wp4a1-entry-path-temporal-price-lineage-hardening.md""]"	[]	27427	679	50082506a549abb7f9859a801e7a88fc2d1ea964	2026-07-18T15:04:52+08:00	feat: add reproducible Candidate replay and morning-pop research
src/market_regime_alpha/research/r5_baseline_runner.py	SOURCE	FULL_TEXT_READ	Provider-neutral fixed B0/B1 evaluation seam for R5 Candidate research.	research	"[""NamedCandidatePanelEvaluation"", ""DirectionalAccuracyApplicability"", ""NamedDirectionalAccuracy"", ""R5TargetBaselineRun"", ""r5_b1_fixed_specs"", ""run_r5_target_baselines"", ""candidate_evaluation_record"", ""_directional_accuracy"", ""_directional_accuracy_record"", ""_directional_panel_record"", ""_outcome_counts_record"", ""_component"", ""_require_non_empty""]"	"[""R5TargetBaselineRun""]"	"[""__future__"", ""dataclasses"", ""enum"", ""market_regime_alpha.candidates.baselines"", ""market_regime_alpha.candidates.composite_baseline"", ""market_regime_alpha.candidates.dataset"", ""market_regime_alpha.candidates.directional_accuracy"", ""market_regime_alpha.candidates.evaluation"", ""market_regime_alpha.candidates.panel"", ""market_regime_alpha.candidates.rehearsal_targets"", ""market_regime_alpha.core.identity"", ""market_regime_alpha.features.rehearsal_baselines""]"	"[""tests/research/test_r5_baseline_runner.py""]"	"[""docs/archive/superpowers/plans/2026-07-16-wp3-candidate-directional-accuracy.md"", ""docs/archive/superpowers/plans/2026-07-16-wp3-provider-routing-and-candidate-runs.md""]"	[]	13795	368	5b1c183ac43ca9df3a797082a2e0fd14d3c7f7ac	2026-07-16T22:10:05+08:00	feat: attach directional evidence to R5 baselines
src/market_regime_alpha/research/research_artifact_verifier_registry.py	SOURCE	FULL_TEXT_READ	Versioned routing for immutable research Artifact semantic readers.	research	"[""VerifiedResearchArtifact"", ""ArtifactVerifierRegistration"", ""build_verifier_registry"", ""load_verified_research_artifact""]"	"[""VerifiedResearchArtifact"", ""ArtifactVerifierRegistration""]"	"[""json"", ""__future__"", ""dataclasses"", ""pathlib"", ""typing"", ""market_regime_alpha.research.mr2b_f2b_reader"", ""market_regime_alpha.research.mr2b_f2b_v2_reader"", ""market_regime_alpha.research.mr2b_f2b_v3_reader""]"	"[""tests/research/test_mr2b_f2b_v3_reader.py"", ""tests/research/test_research_artifact_verifier_registry.py""]"	[]	[]	3324	93	871f35781baeb29b12f41fc04b2a54b285d54a1f	2026-07-18T23:52:35+08:00	feat: harden versioned research Artifact identities
src/market_regime_alpha/research/tencent_composite_acquisition.py	SOURCE	FULL_TEXT_READ	Bounded acquisition of identified Tencent composite source partitions.	research	"[""TencentCompositeAcquirer"", ""merge_acquisition"", ""frames_for_accepted_symbols"", ""_partition"", ""_quote_partition"", ""_bars_hash"", ""_is_regular_session_bar"", ""_canonical_hash"", ""_json_value""]"	[]	"[""json"", ""__future__"", ""dataclasses"", ""datetime"", ""functools"", ""hashlib"", ""typing"", ""market_regime_alpha.core.identity"", ""market_regime_alpha.core.time"", ""market_regime_alpha.research.tencent_composite_contracts"", ""market_regime_alpha.research.tencent_composite_merge""]"	"[""tests/research/test_tencent_composite_acquisition.py""]"	"[""docs/architecture/PRR-MVP-1-Reproducible-Candidate-Backtest.md"", ""docs/archive/superpowers/plans/2026-07-16-tencent-composite-exploratory-r5.md""]"	[]	13490	387	22e883343f421fcc6149706e9cec5e730b910884	2026-07-16T16:33:20+08:00	fix: exclude Tencent after-hours composite rows
src/market_regime_alpha/research/tencent_composite_artifacts.py	SOURCE	FULL_TEXT_READ	Atomic, non-overwriting evidence artifacts for Tencent composite runs.	research	"[""CandidateRunSummary"", ""write_tencent_composite_run"", ""write_tencent_composite_quality_failure"", ""render_candidate_report"", ""_write_json"", ""_json_value""]"	[]	"[""json"", ""shutil"", ""__future__"", ""dataclasses"", ""datetime"", ""enum"", ""pathlib"", ""typing"", ""market_regime_alpha.core.identity"", ""market_regime_alpha.core.time"", ""market_regime_alpha.research.tencent_composite_contracts""]"	"[""tests/research/test_tencent_composite_artifacts.py""]"	"[""docs/archive/superpowers/plans/2026-07-16-tencent-composite-exploratory-r5.md""]"	[]	7534	210	20bf0a7a675a14b974578654f1a6a3fc8bffe086	2026-07-16T16:31:39+08:00	feat: add Tencent composite exploratory runner
src/market_regime_alpha/research/tencent_composite_contracts.py	SOURCE	FULL_TEXT_READ	Contracts for the Tencent/local/BaoStock exploratory research boundary.	research	"[""_require_non_empty"", ""_require_aware"", ""_require_unique"", ""CompositeSourceKind"", ""CompositeDispositionCode"", ""CompositeBar"", ""CompositeSourcePartition"", ""CompositeSourceAttempt"", ""CompositeSourceConflict"", ""CompositeMergeResult"", ""CompositeQualityFinding"", ""CompositeSymbolDisposition"", ""CompositeQualityReport"", ""PreparedCompositeSession"", ""PreparedCompositeData"", ""CompositeAcquisitionResult"", ""build_tencent_composite_dataset_contract""]"	[]	"[""json"", ""math"", ""__future__"", ""dataclasses"", ""datetime"", ""enum"", ""hashlib"", ""types"", ""typing"", ""market_regime_alpha.core.identity"", ""market_regime_alpha.core.time"", ""market_regime_alpha.data.contracts""]"	"[""tests/research/test_tencent_composite_materialization.py"", ""tests/research/test_tencent_composite_acquisition.py"", ""tests/research/test_tencent_composite_merge.py"", ""tests/research/test_mr1_daily_candidate_baseline.py"", ""tests/research/test_tencent_composite_quality.py"", ""tests/research/test_mr2a_regime.py"", ""tests/research/test_tencent_composite_artifacts.py"", ""tests/research/test_mr2b_f2a_artifacts.py"", ""tests/research/test_prr_mvp_1.py"", ""tests/research/test_tencent_composite_runner.py"", ""tests/research/test_tencent_composite_contracts.py"", ""tests/research/test_mr1_morning_pop.py"", ""tests/research/test_mr2b_context.py""]"	"[""docs/archive/superpowers/plans/2026-07-16-tencent-composite-exploratory-r5.md""]"	[]	15869	402	35d4b435c3daf3ee716bef11066d8f6f520c9056	2026-07-16T16:15:53+08:00	feat: acquire identified Tencent composite sources
src/market_regime_alpha/research/tencent_composite_dividend_t.py	SOURCE	FULL_TEXT_READ	Inject accepted Tencent composite frames into the existing dividend-T snapshot path.	research	"[""DividendTRefreshResult"", ""CompositeFrameProvider"", ""refresh_dividend_t_from_composite"", ""compare_dividend_snapshots"", ""_filter_frame"", ""_rows_by_symbol""]"	[]	"[""__future__"", ""dataclasses"", ""datetime"", ""pathlib"", ""typing"", ""market_regime_alpha.data_sources.a_share_bars"", ""market_regime_alpha.dividend_t.trend_snapshot""]"	"[""tests/research/test_tencent_composite_dividend_t.py""]"	"[""docs/archive/superpowers/plans/2026-07-16-tencent-composite-exploratory-r5.md""]"	[]	5523	180	2afbb6b700ef1ce359914aa1a1143ac4fb7db52f	2026-07-16T16:25:37+08:00	feat: refresh dividend T from composite data
src/market_regime_alpha/research/tencent_composite_execution.py	SOURCE	FULL_TEXT_READ	Shared Tencent/local/BaoStock execution seam for WP-3 and PRR research.	research	"[""TencentCompositeResearchExecution"", ""execute_tencent_composite_research"", ""complete_tencent_composite_research"", ""source_artifacts_from_acquisition"", ""_source_artifact""]"	[]	"[""json"", ""__future__"", ""dataclasses"", ""datetime"", ""hashlib"", ""market_regime_alpha.core.identity"", ""market_regime_alpha.core.time"", ""market_regime_alpha.data"", ""market_regime_alpha.research.tencent_composite_acquisition"", ""market_regime_alpha.research.tencent_composite_contracts"", ""market_regime_alpha.research.tencent_composite_quality"", ""market_regime_alpha.research.tencent_composite_runner""]"	[]	[]	[]	7043	190	50082506a549abb7f9859a801e7a88fc2d1ea964	2026-07-18T15:04:52+08:00	feat: add reproducible Candidate replay and morning-pop research
src/market_regime_alpha/research/tencent_composite_materialization.py	SOURCE	FULL_TEXT_READ	Direct exploratory R5 Feature and Target materialization for composite data.	research	"[""materialize_tencent_composite_slice"", ""_materialize_features"", ""_materialize_targets"", ""_target_materialization"", ""_feature_observation"", ""_universe_id"", ""_stable_id""]"	[]	"[""json"", ""math"", ""__future__"", ""datetime"", ""hashlib"", ""zoneinfo"", ""market_regime_alpha.candidates.contracts"", ""market_regime_alpha.candidates.dataset"", ""market_regime_alpha.candidates.rehearsal_opportunity_targets"", ""market_regime_alpha.candidates.rehearsal_targets"", ""market_regime_alpha.core.identity"", ""market_regime_alpha.core.status"", ""market_regime_alpha.core.time"", ""market_regime_alpha.data.contracts"", ""market_regime_alpha.features.contracts"", ""market_regime_alpha.features.rehearsal_baselines"", ""market_regime_alpha.research.tencent_composite_contracts""]"	"[""tests/research/test_tencent_composite_materialization.py""]"	"[""docs/specs/ETFDirectionSnapshot.md"", ""docs/research/Daily-Quant-Selection-and-Manual-Trading-Research-Program.md"", ""docs/archive/superpowers/plans/2026-07-16-tencent-composite-exploratory-r5.md""]"	[]	11463	312	f2315a030fbaf83ebaa46d0e9e27262fe5c6da98	2026-07-16T16:19:40+08:00	feat: materialize exploratory Tencent Candidate slices
src/market_regime_alpha/research/tencent_composite_merge.py	SOURCE	FULL_TEXT_READ	Normalize and merge Tencent/local/BaoStock exploratory market rows.	research	"[""normalize_composite_frame"", ""merge_composite_bars"", ""_aware_shanghai_timestamp"", ""_numeric_payload""]"	[]	"[""pandas"", ""__future__"", ""datetime"", ""typing"", ""zoneinfo"", ""market_regime_alpha.research.tencent_composite_contracts""]"	"[""tests/research/test_tencent_composite_merge.py""]"	"[""docs/archive/superpowers/plans/2026-07-16-tencent-composite-exploratory-r5.md""]"	[]	5283	163	d0369b9f6f2b0bc2598b584d74bdfbecd3e12536	2026-07-16T16:27:30+08:00	fix: keep current session Tencent-owned
src/market_regime_alpha/research/tencent_composite_quality.py	SOURCE	FULL_TEXT_READ	Session preparation and fail-closed quality gates for Tencent composite data.	research	"[""TencentCompositeQualityGateError"", ""prepare_composite_data"", ""_group_complete_sessions"", ""grouped_symbols"", ""_prepare_session"", ""_add_conflict_findings"", ""_disposition"", ""_common_dates""]"	[]	"[""__future__"", ""collections"", ""datetime"", ""typing"", ""zoneinfo"", ""market_regime_alpha.research.tencent_composite_contracts""]"	"[""tests/research/test_tencent_composite_quality.py""]"	"[""docs/architecture/PRR-MVP-1-Reproducible-Candidate-Backtest.md"", ""docs/archive/superpowers/plans/2026-07-16-tencent-composite-exploratory-r5.md""]"	[]	9135	263	34c1d94b7ca64673ebf45950edd6b1c21768b54a	2026-07-16T16:12:05+08:00	feat: gate Tencent composite data quality
src/market_regime_alpha/research/tencent_composite_runner.py	SOURCE	FULL_TEXT_READ	Fixed B0 controls and B1 ablation ladder for Tencent composite research.	research	"[""TencentCompositeCandidateRun"", ""r5_b1_exploratory_specs"", ""run_tencent_composite_candidate_experiment""]"	[]	"[""__future__"", ""collections"", ""dataclasses"", ""datetime"", ""market_regime_alpha.candidates.composite_baseline"", ""market_regime_alpha.candidates.dataset"", ""market_regime_alpha.core.identity"", ""market_regime_alpha.core.time"", ""market_regime_alpha.data.contracts"", ""market_regime_alpha.research.r5_baseline_runner"", ""market_regime_alpha.research.tencent_composite_contracts"", ""market_regime_alpha.research.tencent_composite_materialization""]"	"[""tests/research/test_tencent_composite_runner.py""]"	"[""docs/architecture/PRR-MVP-1-Reproducible-Candidate-Backtest.md"", ""docs/archive/superpowers/plans/2026-07-16-tencent-composite-exploratory-r5.md"", ""docs/archive/superpowers/plans/2026-07-16-wp3-provider-routing-and-candidate-runs.md""]"	[]	6349	162	fe932810e16bf6e164f9b9966085b61c0c505d61	2026-07-16T20:58:07+08:00	refactor: share fixed R5 baseline evaluation
src/market_regime_alpha/research/wp3_orchestrator.py	SOURCE	FULL_TEXT_READ	Source-aware composition of Xuntou and Tencent WP-3 Candidate runs.	research	"[""WP3ExecutionErrorCode"", ""WP3BackendExecutionError"", ""WP3RunRequest"", ""XuntouWP3Preflight"", ""WP3BackendResult"", ""XuntouWP3Backend"", ""TencentWP3Backend"", ""NormalizedXuntouWP3Backend"", ""execute_wp3_candidate_run"", ""_xuntou_backend_result"", ""_xuntou_report"", ""_validate_selected_result"", ""_write_failure"", ""_render_report"", ""_require_non_empty"", ""_unique""]"	[]	"[""math"", ""__future__"", ""dataclasses"", ""enum"", ""pathlib"", ""typing"", ""market_regime_alpha.candidates.directional_accuracy"", ""market_regime_alpha.core.identity"", ""market_regime_alpha.core.time"", ""market_regime_alpha.candidates.rehearsal_opportunity_targets"", ""market_regime_alpha.data"", ""market_regime_alpha.features.rehearsal_baselines"", ""market_regime_alpha.research.provider_candidate_runner"", ""market_regime_alpha.research.provider_rehearsal_market_artifact"", ""market_regime_alpha.research.provider_routing"", ""market_regime_alpha.research.r5_baseline_runner"", ""market_regime_alpha.research.wp3_run_artifacts"", ""market_regime_alpha.research.xuntou_provider_adapter"", ""market_regime_alpha.universe.eligibility_policy""]"	"[""tests/research/test_wp3_orchestrator.py""]"	"[""docs/archive/superpowers/plans/2026-07-16-wp3-candidate-directional-accuracy.md"", ""docs/archive/superpowers/plans/2026-07-16-wp3-provider-routing-and-candidate-runs.md""]"	[]	21523	574	b368397f01ded670ef2a8de7a03a2b99e3e08580	2026-07-16T22:10:58+08:00	feat: identify WP-3 directional evaluation protocol
src/market_regime_alpha/research/wp3_run_artifacts.py	SOURCE	FULL_TEXT_READ	Atomic, content-hashed, non-overwriting evidence artifacts for WP-3 runs.	research	"[""WP3RunArtifactErrorCode"", ""WP3RunArtifactAlreadyExistsError"", ""WP3RunArtifactIncompleteError"", ""WP3RunArtifactPayload"", ""WP3FailureArtifactPayload"", ""write_wp3_candidate_run"", ""write_wp3_candidate_failure"", ""_reserve_paths"", ""_publish"", ""_validate_staging_set"", ""_validate_run_id"", ""_validate_manifest_run_id"", ""_write_report"", ""_write_json"", ""_content_hash"", ""_enum_value"", ""_json_value""]"	"[""WP3RunArtifactErrorCode"", ""WP3RunArtifactAlreadyExistsError"", ""WP3RunArtifactIncompleteError"", ""WP3RunArtifactPayload"", ""WP3FailureArtifactPayload""]"	"[""json"", ""shutil"", ""__future__"", ""dataclasses"", ""datetime"", ""enum"", ""hashlib"", ""pathlib"", ""typing"", ""market_regime_alpha.core.identity"", ""market_regime_alpha.core.time""]"	"[""tests/research/test_wp3_run_artifacts.py""]"	"[""docs/constitution/09-Glossary.md"", ""docs/constitution/04-Data-Constitution.md"", ""docs/constitution/02-Architecture-Blueprint.md"", ""docs/archive/superpowers/plans/2026-07-16-wp3-provider-routing-and-candidate-runs.md""]"	[]	8283	261	d5fd3bc932cba45b1687501cec3cc0bc713675f9	2026-07-16T21:17:41+08:00	feat: write immutable WP-3 run artifacts
src/market_regime_alpha/research/xuntou_pit_v4_adapter.py	SOURCE	FULL_TEXT_READ	Evidence-derived Xuntou PIT v4 mappings.	research	"[""ResearchOrderabilityDecision"", ""EvaluationEvidenceDecision"", ""qualify_evaluation_evidence"", ""derive_research_orderability""]"	"[""ResearchOrderabilityDecision"", ""EvaluationEvidenceDecision""]"	"[""math"", ""__future__"", ""dataclasses"", ""datetime"", ""market_regime_alpha.research.xuntou_pit_v4_contract""]"	"[""tests/research/test_xuntou_pit_v4_adapter.py""]"	[]	[]	3432	89	0d5d4d98bbd75db47304eeb531903f0743e8e9f3	2026-07-22T22:29:31+08:00	fix: derive qualified Xuntou PIT evidence from records (#10)
src/market_regime_alpha/research/xuntou_pit_v4_contract.py	SOURCE	FULL_TEXT_READ	Qualified Xuntou PIT validation evidence contracts.	research	"[""ResearchOrderabilityStatus"", ""XuntouPITSourceArtifact"", ""AmountUnitContract"", ""SecurityMasterEvidence"", ""HistoricalUniverseMembershipEvidence"", ""HistoricalStatusIntervalEvidence"", ""TradingStatusEvidence"", ""OrderabilityEvidence"", ""FinalizedBarEvidence"", ""EvaluationMarkEvidence"", ""QualifiedPITMarketArtifact""]"	"[""XuntouPITSourceArtifact"", ""AmountUnitContract"", ""QualifiedPITMarketArtifact""]"	"[""math"", ""__future__"", ""dataclasses"", ""datetime"", ""enum""]"	"[""tests/research/test_xuntou_pit_v4_adapter.py"", ""tests/research/test_xuntou_pit_v4_contract.py"", ""tests/research/test_xuntou_pit_v4_qualification.py""]"	"[""docs/research/PIT-Candidate-Replication-Charter.md""]"	[]	6276	208	1988bfc052c9cea5e7204d6fe1616bdcba166fac	2026-07-19T00:08:14+08:00	feat: define qualified Xuntou PIT validation evidence
src/market_regime_alpha/research/xuntou_pit_v4_evidence.py	SOURCE	FULL_TEXT_READ	Structural and semantic validation for Xuntou PIT evidence v4 bundles.	research	"[""PITV4EvidenceScope"", ""PITV4EvidenceValidation"", ""validate_pit_v4_evidence"", ""_source_artifact"", ""_raw_source_hashes"", ""_scope"", ""_section_records"", ""_membership_complete"", ""_security_master_complete"", ""_st_history_complete"", ""_suspension_complete"", ""_orderability_complete"", ""_liquidity_unit_verified"", ""_bar_finality_verified"", ""_availability_verified"", ""_evaluation_path_complete"", ""_decision_for_date"", ""_datetime"", ""_optional_datetime"", ""_optional_float"", ""_sequence"", ""_valid_hash"", ""_complete_0930_1030_path"", ""_nonempty_text""]"	[]	"[""math"", ""__future__"", ""dataclasses"", ""datetime"", ""typing"", ""market_regime_alpha.research.prr_artifact_schemas"", ""market_regime_alpha.research.xuntou_pit_v4_adapter"", ""market_regime_alpha.research.xuntou_pit_v4_contract"", ""market_regime_alpha.research.xuntou_pit_v4_qualification""]"	"[""tests/research/test_pit_replication_v2_runner.py""]"	"[""docs/specs/Xuntou-P0-Native-Field-Mapping.md"", ""docs/specs/Xuntou-PIT-Validation-Bundle-V4.md"", ""docs/architecture/R3-R4-Minimal-Research-Spine.md"", ""docs/research/R5-Xuntou-P0-Official-Documentation-Evidence.md"", ""docs/research/Xuntou-PIT-Evidence-Qualification.md"", ""docs/research/R5-Xuntou-P0-Adapter-Status.md"", ""docs/research/R5-Generic-Provider-Export-Adapter.md"", ""docs/constitution/06-Strategy-Constitution.md"", ""docs/constitution/05-Factor-Constitution.md"", ""docs/constitution/04-Data-Constitution.md"", ""docs/archive/superpowers/plans/2026-07-16-tencent-composite-exploratory-r5.md"", ""docs/archive/superpowers/plans/2026-07-16-xuntou-p0-native-adapter.md"", ""docs/archive/superpowers/plans/2026-07-18-wp4a1-entry-path-temporal-price-lineage-hardening.md"", ""docs/references/providers/xuntou/README.md""]"	[]	20184	510	0d5d4d98bbd75db47304eeb531903f0743e8e9f3	2026-07-22T22:29:31+08:00	fix: derive qualified Xuntou PIT evidence from records (#10)
src/market_regime_alpha/research/xuntou_pit_v4_preflight.py	SOURCE	FULL_TEXT_READ	No-fallback preflight for qualified Xuntou PIT v4 inputs.	research	"[""XuntouPITV4PreflightStatus"", ""XuntouPITV4Preflight"", ""preflight_xuntou_pit_v4"", ""_result"", ""_hash"", ""_invalid_evidence_reason""]"	[]	"[""json"", ""__future__"", ""dataclasses"", ""enum"", ""hashlib"", ""pathlib"", ""typing"", ""market_regime_alpha.research.xuntou_pit_v4_contract"", ""market_regime_alpha.research.xuntou_pit_v4_evidence"", ""market_regime_alpha.research.xuntou_pit_v4_qualification""]"	"[""tests/research/test_pit_replication_v2_runner.py"", ""tests/research/test_xuntou_pit_v4_preflight.py""]"	"[""docs/Data-Spec.md"", ""docs/Formal-MACD-Dataset-Builder-Plan.md"", ""docs/specs/Xuntou-P0-Native-Field-Mapping.md"", ""docs/specs/ETFDirectionSnapshot.md"", ""docs/specs/DailyResearchSnapshot.md"", ""docs/specs/PositionSnapshot.md"", ""docs/specs/ThemeDirectionSnapshot.md"", ""docs/specs/Xuntou-PIT-Validation-Bundle-V4.md"", ""docs/specs/DailyReviewReport.md"", ""docs/specs/CapitalContextSnapshot.md"", ""docs/research/R5-Generic-Provider-Export-Adapter.md"", ""docs/research/Daily-Quant-Selection-and-Manual-Trading-Research-Program.md"", ""docs/research/R5-Provider-Rehearsal-Market-Artifact.md"", ""docs/constitution/09-Glossary.md"", ""docs/constitution/07-Validation-Constitution.md"", ""docs/archive/superpowers/specs/2026-07-13-macd-signal-intent-design.md"", ""docs/archive/superpowers/plans/2026-07-16-wp4a-entry-path-targets.md"", ""docs/archive/superpowers/plans/2026-07-16-tencent-composite-exploratory-r5.md"", ""docs/archive/superpowers/plans/2026-07-13-macd-signal-intent-implementation.md"", ""docs/archive/superpowers/plans/2026-07-18-wp4a1-entry-path-temporal-price-lineage-hardening.md"", ""docs/archive/superpowers/plans/2026-07-16-wp3-provider-routing-and-candidate-runs.md""]"	[]	5995	172	96e41a12d86b3b5f7472c2d4e44011736b087b6b	2026-07-22T23:34:40+08:00	fix: harden sealed PIT Candidate replication semantics (#11)
src/market_regime_alpha/research/xuntou_pit_v4_qualification.py	SOURCE	FULL_TEXT_READ	Evidence-derived qualification receipt for Xuntou PIT v4.	research	"[""PITEvidenceQualification"", ""derive_pit_qualification"", ""build_qualified_pit_market_artifact""]"	[]	"[""__future__"", ""dataclasses"", ""typing"", ""market_regime_alpha.research.prr_artifact_schemas"", ""market_regime_alpha.research.xuntou_pit_v4_contract""]"	"[""tests/research/test_pit_replication_v2_runner.py"", ""tests/research/test_xuntou_pit_v4_qualification.py""]"	[]	[]	4457	113	1988bfc052c9cea5e7204d6fe1616bdcba166fac	2026-07-19T00:08:14+08:00	feat: define qualified Xuntou PIT validation evidence
src/market_regime_alpha/research/xuntou_pit_v4_runtime.py	SOURCE	FULL_TEXT_READ	Conservative XtQuant runtime capability probe.	research	"[""probe_xtquant_pit_capabilities""]"	[]	"[""importlib"", ""platform"", ""__future__"", ""typing""]"	"[""tests/research/test_xuntou_pit_v4_runtime_probe.py""]"	"[""docs/runbooks/Xuntou-PIT-Validation-Export.md""]"	[]	1356	35	1988bfc052c9cea5e7204d6fe1616bdcba166fac	2026-07-19T00:08:14+08:00	feat: define qualified Xuntou PIT validation evidence
src/market_regime_alpha/research/xuntou_provider_adapter.py	SOURCE	FULL_TEXT_READ	Conservative Xuntou P0 native-export adapter for R5 rehearsal evidence.	research	"[""XuntouP0EvidenceClassification"", ""XuntouProviderAdapterErrorCode"", ""XuntouProviderAdapterError"", ""_NativeBar"", ""_SecurityEvidence"", ""_StEvidence"", ""_LimitEvidence"", ""load_xuntou_p0_native_bundle"", ""adapt_xuntou_p0_native_mapping"", ""_build_calendar"", ""_build_universe"", ""_parse_securities"", ""_parse_bars"", ""_validate_daily_bar_finality"", ""_parse_decision_times"", ""_parse_st_history"", ""_parse_limit_prices"", ""_positive_members_by_date"", ""_select_decision_bar"", ""_build_raw_eligibility"", ""_liquidity_at_decision"", ""_materialize_buyability"", ""_build_next_session_bars"", ""_resolve_content_hash"", ""_validate_conventions"", ""_parse_limitations"", ""_parse_open_date"", ""_parse_native_date"", ""_native_date_as_datetime"", ""_parse_aware_datetime"", ""_parse_symbol"", ""_parse_suspend_flag"", ""_suspension_from_flag"", ""_positive_float"", ""_non_negative_float"", ""_optional_positive_float"", ""_finite_float"", ""_required_mapping"", ""_as_mapping"", ""_required_sequence"", ""_optional_sequence"", ""_as_sequence"", ""_required_string"", ""_raise""]"	[]	"[""json"", ""math"", ""re"", ""__future__"", ""collections.abc"", ""dataclasses"", ""datetime"", ""enum"", ""hashlib"", ""pathlib"", ""statistics"", ""typing"", ""zoneinfo"", ""market_regime_alpha.core.identity"", ""market_regime_alpha.core.time"", ""market_regime_alpha.data.contracts"", ""market_regime_alpha.data.rehearsal"", ""market_regime_alpha.data.trading_calendar"", ""market_regime_alpha.research.provider_rehearsal_market_artifact"", ""market_regime_alpha.universe.artifacts"", ""market_regime_alpha.universe.eligibility_policy""]"	[]	"[""docs/archive/superpowers/plans/2026-07-16-xuntou-p0-native-adapter.md""]"	[]	44645	1172	b81458c9880bf7463b86adba144ee6e3d7b890e7	2026-07-16T20:06:04+08:00	fix: constrain Xuntou calendar evidence
src/market_regime_alpha/strategies/__init__.py	SOURCE	FULL_TEXT_READ	Canonical Strategy bounded contexts.	strategies	[]	[]	[]	[]	"[""docs/archive/superpowers/specs/2026-07-16-wp4a-entry-path-targets-design.md"", ""docs/archive/superpowers/plans/2026-07-16-wp4a-entry-path-targets.md""]"	[]	43	2	901bc8a2932b531efa8c8838f78d8633ad41b7f0	2026-07-16T22:57:55+08:00	feat: add Entry path Target contracts
src/market_regime_alpha/strategies/entry/__init__.py	SOURCE	FULL_TEXT_READ	Public Entry research Target contracts.	strategies	[]	[]	"[""contracts"", ""materialization""]"	[]	"[""docs/archive/superpowers/specs/2026-07-16-wp4a-entry-path-targets-design.md"", ""docs/archive/superpowers/plans/2026-07-16-wp4a-entry-path-targets.md"", ""docs/archive/superpowers/plans/2026-07-18-wp4a2-entry-path-as-of-evidence-correction.md"", ""docs/archive/superpowers/plans/2026-07-18-wp4a1-entry-path-temporal-price-lineage-hardening.md""]"	[]	1281	40	5986dc6ecc71a9285b763e365c9109c2221aa64e	2026-07-18T09:10:09+08:00	fix: complete WP-4A.2 as-of migration
src/market_regime_alpha/strategies/entry/contracts.py	SOURCE	FULL_TEXT_READ	Categorical path-dependent Entry research Target contracts.	strategies	"[""_require_text"", ""_require_optional_positive_price"", ""EntryPathOutcome"", ""EntryPathObservationStatus"", ""EntryPathTriggerType"", ""EntryPathReasonCode"", ""EntryBarrierSpec"", ""EntryPathTargetContract"", ""EntryPathObservation"", ""EntryPathTargetMaterialization"", ""build_entry_path_target_contract"", ""_target_id""]"	"[""EntryPathTargetContract"", ""EntryPathTargetMaterialization""]"	"[""json"", ""math"", ""__future__"", ""dataclasses"", ""datetime"", ""enum"", ""hashlib"", ""market_regime_alpha.core.identity"", ""market_regime_alpha.core.time""]"	"[""tests/universe/test_eligibility_policy.py"", ""tests/universe/test_contracts.py"", ""tests/universe/test_eligibility_artifacts.py"", ""tests/universe/test_provider_rehearsal_eligibility_policy_v2.py"", ""tests/candidates/test_baseline_ranking_evaluation_guards.py"", ""tests/candidates/test_rehearsal_materializers.py"", ""tests/candidates/test_dataset_builder.py"", ""tests/candidates/test_r5_calendar_resolved_targets.py"", ""tests/candidates/test_r5_rehearsal_pipeline.py"", ""tests/candidates/test_r5_decision_time_contract.py"", ""tests/candidates/test_panel.py"", ""tests/candidates/test_r5_opportunity_target_bundle.py"", ""tests/candidates/test_minimal_research_spine.py"", ""tests/candidates/test_composite_baseline.py"", ""tests/research/test_tencent_composite_materialization.py"", ""tests/research/test_tencent_composite_cli.py"", ""tests/research/test_tencent_composite_runner.py"", ""tests/research/test_provider_export_adapter.py"", ""tests/research/test_tencent_composite_contracts.py"", ""tests/research/test_provider_rehearsal_market_artifact.py"", ""tests/legacy/test_dataset_contract_adapter.py"", ""tests/data/test_contracts.py"", ""tests/features/test_contracts.py""]"	"[""docs/specs/Entry-Path-Target-V1.md"", ""docs/archive/superpowers/specs/2026-07-16-wp4a-entry-path-targets-design.md"", ""docs/archive/superpowers/specs/2026-07-18-wp4a2-entry-path-as-of-evidence-correction-design.md"", ""docs/archive/superpowers/specs/2026-07-18-wp4a1-entry-path-temporal-price-lineage-hardening-design.md"", ""docs/archive/superpowers/plans/2026-07-16-wp4a-entry-path-targets.md"", ""docs/archive/superpowers/plans/2026-07-18-wp4a2-entry-path-as-of-evidence-correction.md"", ""docs/archive/superpowers/plans/2026-07-18-wp4a1-entry-path-temporal-price-lineage-hardening.md""]"	[]	20970	466	5986dc6ecc71a9285b763e365c9109c2221aa64e	2026-07-18T09:10:09+08:00	fix: complete WP-4A.2 as-of migration
src/market_regime_alpha/strategies/entry/materialization.py	SOURCE	FULL_TEXT_READ	Pure daily-OHLC materialization of Entry competing-event research Targets.	strategies	"[""materialize_entry_path_target"", ""_validate_request"", ""_validate_readiness_policy"", ""_validate_coverage_assertion"", ""_index_references"", ""_index_bars"", ""_index_suspensions"", ""_validate_future_scope"", ""_validate_future_time"", ""_evaluate_symbol"", ""_pending"", ""_classify_bar"", ""_artifact_id"", ""_observation_payload""]"	[]	"[""json"", ""__future__"", ""datetime"", ""hashlib"", ""zoneinfo"", ""market_regime_alpha.candidates"", ""market_regime_alpha.core.identity"", ""market_regime_alpha.core.time"", ""market_regime_alpha.data"", ""market_regime_alpha.strategies.entry.contracts""]"	"[""tests/candidates/test_directional_accuracy.py"", ""tests/candidates/test_rehearsal_materializers.py"", ""tests/candidates/test_dataset_builder.py"", ""tests/candidates/test_minimal_research_spine.py"", ""tests/features/test_contracts.py"", ""tests/strategies/entry/test_materialization.py"", ""tests/strategies/entry/test_contracts.py""]"	"[""docs/specs/Entry-Path-Target-V1.md"", ""docs/archive/superpowers/specs/2026-07-16-wp4a-entry-path-targets-design.md"", ""docs/archive/superpowers/specs/2026-07-18-wp4a1-entry-path-temporal-price-lineage-hardening-design.md"", ""docs/archive/superpowers/plans/2026-07-16-wp4a-entry-path-targets.md"", ""docs/archive/superpowers/plans/2026-07-18-wp4a2-entry-path-as-of-evidence-correction.md"", ""docs/archive/superpowers/plans/2026-07-18-wp4a1-entry-path-temporal-price-lineage-hardening.md""]"	[]	26977	689	b533692268fef84692a8c6884908e6cbd008dcfb	2026-07-18T09:11:50+08:00	style: reformat Entry path materialization
src/market_regime_alpha/universe/__init__.py	SOURCE	FULL_TEXT_READ	Canonical PIT universe membership, versioned eligibility policy, artifacts, and contracts.	universe	[]	[]	"[""artifacts"", ""contracts"", ""eligibility_artifacts"", ""eligibility_policy""]"	[]	[]	[]	1842	54	8f3cbefb7a61bf7df1167a396cfca53797bded2e	2026-07-15T18:28:56+08:00	feat: export provider-rehearsal Trading Eligibility Policy v2
src/market_regime_alpha/universe/artifacts.py	SOURCE	FULL_TEXT_READ	Historical point-in-time Universe membership artifacts.	universe	"[""HistoricalUniverseMembershipRecord"", ""HistoricalPITUniverseArtifact"", ""build_historical_pit_universe_artifact"", ""_build_snapshot""]"	"[""HistoricalUniverseMembershipRecord"", ""HistoricalPITUniverseArtifact""]"	"[""json"", ""__future__"", ""collections"", ""dataclasses"", ""datetime"", ""hashlib"", ""zoneinfo"", ""market_regime_alpha.core.identity"", ""market_regime_alpha.core.time"", ""market_regime_alpha.universe.contracts""]"	"[""tests/universe/test_eligibility_policy_identity.py"", ""tests/universe/test_eligibility_materializer_provenance.py"", ""tests/universe/test_eligibility_policy.py"", ""tests/universe/test_eligibility_artifacts.py"", ""tests/universe/test_artifacts.py"", ""tests/research/test_tencent_composite_cli.py"", ""tests/research/test_provider_candidate_runner.py"", ""tests/research/test_wp3_run_artifacts.py"", ""tests/research/test_provider_rehearsal_market_artifact.py""]"	"[""docs/specs/Xuntou-P0-Native-Field-Mapping.md"", ""docs/research/R5-Candidate-Dataset-Builder-Status.md"", ""docs/research/R5-Xuntou-P0-Adapter-Status.md"", ""docs/research/R5-Provider-Rehearsal-Market-Artifact.md"", ""docs/archive/superpowers/specs/2026-07-16-wp3-provider-routing-and-candidate-runs-design.md""]"	[]	8625	207	0da9d0f1013cd49af53bd9092af45d1c8c03b5c6	2026-07-15T16:36:12+08:00	fix: make PIT universe effective-time convention explicit
src/market_regime_alpha/universe/contracts.py	SOURCE	FULL_TEXT_READ	Canonical point-in-time universe and trading-eligibility contracts.	universe	"[""_validate_symbol"", ""UniverseMembershipRecord"", ""PITUniverseSnapshot"", ""TradingEligibilityStatus"", ""TradingEligibilityRecord"", ""TradingEligibilitySnapshot""]"	"[""UniverseMembershipRecord"", ""PITUniverseSnapshot"", ""TradingEligibilityRecord"", ""TradingEligibilitySnapshot""]"	"[""__future__"", ""dataclasses"", ""enum"", ""market_regime_alpha.core.identity"", ""market_regime_alpha.core.time""]"	"[""tests/universe/test_eligibility_policy.py"", ""tests/universe/test_contracts.py"", ""tests/universe/test_eligibility_artifacts.py"", ""tests/universe/test_provider_rehearsal_eligibility_policy_v2.py"", ""tests/candidates/test_baseline_ranking_evaluation_guards.py"", ""tests/candidates/test_rehearsal_materializers.py"", ""tests/candidates/test_dataset_builder.py"", ""tests/candidates/test_r5_calendar_resolved_targets.py"", ""tests/candidates/test_r5_rehearsal_pipeline.py"", ""tests/candidates/test_r5_decision_time_contract.py"", ""tests/candidates/test_panel.py"", ""tests/candidates/test_r5_opportunity_target_bundle.py"", ""tests/candidates/test_minimal_research_spine.py"", ""tests/candidates/test_composite_baseline.py"", ""tests/research/test_tencent_composite_materialization.py"", ""tests/research/test_tencent_composite_cli.py"", ""tests/research/test_tencent_composite_runner.py"", ""tests/research/test_provider_export_adapter.py"", ""tests/research/test_tencent_composite_contracts.py"", ""tests/research/test_provider_rehearsal_market_artifact.py"", ""tests/legacy/test_dataset_contract_adapter.py"", ""tests/data/test_contracts.py"", ""tests/features/test_contracts.py""]"	"[""docs/architecture/R3-R4-Minimal-Research-Spine.md"", ""docs/research/R5-Candidate-Dataset-Builder-Status.md"", ""docs/archive/superpowers/plans/2026-07-16-wp4a-entry-path-targets.md""]"	[]	3504	100	652ccbe26580d53c2b1645ac78fe82346ab86bc3	2026-07-15T12:58:48+08:00	fix: validate trading eligibility status types
src/market_regime_alpha/universe/eligibility_artifacts.py	SOURCE	FULL_TEXT_READ	Historical point-in-time Trading Eligibility artifacts.	universe	"[""_validate_optional_non_empty"", ""HistoricalTradingEligibilityRecord"", ""HistoricalTradingEligibilityArtifact"", ""build_historical_trading_eligibility_artifact""]"	"[""HistoricalTradingEligibilityRecord"", ""HistoricalTradingEligibilityArtifact""]"	"[""json"", ""__future__"", ""collections"", ""dataclasses"", ""datetime"", ""hashlib"", ""market_regime_alpha.core.identity"", ""market_regime_alpha.core.time"", ""market_regime_alpha.universe.contracts""]"	"[""tests/universe/test_eligibility_artifacts.py""]"	"[""docs/research/R5-Candidate-Dataset-Builder-Status.md"", ""docs/research/R5-Versioned-Trading-Eligibility-Policy.md"", ""docs/research/R5-WP3-Provider-Routing-Status.md"", ""docs/research/R5-Provider-Rehearsal-Market-Artifact.md"", ""docs/archive/superpowers/specs/2026-07-16-wp3-provider-routing-and-candidate-runs-design.md""]"	[]	8730	187	61cfd097428505471c264b826eeb57fe306e86cf	2026-07-15T18:09:54+08:00	feat: identify eligibility materializer and raw evidence convention
src/market_regime_alpha/universe/eligibility_policy.py	SOURCE	FULL_TEXT_READ	Versioned Trading Eligibility policy and exact-time historical materialization.	universe	"[""DecisionBuyabilityStatus"", ""TradingEligibilityReason"", ""RawTradingEligibilityObservation"", ""TradingEligibilityPolicy"", ""r5_rehearsal_trading_eligibility_policy_v1"", ""r5_provider_rehearsal_trading_eligibility_policy_v2"", ""materialize_historical_trading_eligibility""]"	"[""DecisionBuyabilityStatus""]"	"[""json"", ""math"", ""__future__"", ""dataclasses"", ""enum"", ""hashlib"", ""market_regime_alpha.core.identity"", ""market_regime_alpha.core.time"", ""market_regime_alpha.universe.artifacts"", ""market_regime_alpha.universe.contracts"", ""market_regime_alpha.universe.eligibility_artifacts""]"	"[""tests/universe/test_eligibility_policy_identity.py"", ""tests/universe/test_eligibility_materializer_provenance.py"", ""tests/universe/test_eligibility_policy.py"", ""tests/universe/test_provider_rehearsal_eligibility_policy_v2.py"", ""tests/research/test_provider_candidate_runner.py"", ""tests/research/test_provider_export_adapter.py"", ""tests/research/test_provider_rehearsal_market_artifact.py""]"	"[""docs/specs/Xuntou-P0-Native-Field-Mapping.md"", ""docs/research/R5-Xuntou-P0-Adapter-Status.md"", ""docs/research/R5-Generic-Provider-Export-Adapter.md"", ""docs/research/R5-Versioned-Trading-Eligibility-Policy.md"", ""docs/research/R5-Provider-Rehearsal-Market-Artifact.md"", ""docs/research/R5-Provider-Rehearsal-Trading-Eligibility-Policy-v2.md"", ""docs/archive/superpowers/plans/2026-07-16-wp4a-entry-path-targets.md"", ""docs/archive/superpowers/plans/2026-07-16-wp3-provider-routing-and-candidate-runs.md""]"	[]	20408	398	1326b3168b46a9da596c301a0c4f876da5e30eb1	2026-07-16T22:52:04+08:00	fix: close current mypy errors
src/market_regime_alpha/web/__init__.py	SOURCE	FULL_TEXT_READ	Local web apps for quant-learning.	web	[]	[]	[]	[]	[]	[]	42	3	24c8de2b5141d4d6a80d3f23eef1b6d084a48ecd	2026-07-09T00:03:11+08:00	Initial market-regime-alpha migration
src/market_regime_alpha/web/dividend_t_app.py	SOURCE	FULL_TEXT_READ	FastAPI dashboard for the long-term dividend T-trading model.	web	"[""FundamentalPayload"", ""RetreatPayload"", ""TechnicalPayload"", ""PositionPayload"", ""EvaluatePayload"", ""page"", ""health"", ""watchlist"", ""sample_decisions"", ""cosco_timing"", ""cosco_timing_sample"", ""data_sources"", ""evaluate"", ""_evaluate_payload"", ""_macd_api_payload"", ""_watchlist_payload"", ""_fallback_watchlist_payload"", ""_retreat_from_bars""]"	[]	"[""__future__"", ""concurrent.futures"", ""dataclasses"", ""typing"", ""fastapi"", ""fastapi.responses"", ""pydantic"", ""market_regime_alpha.data_sources.a_share_bars"", ""market_regime_alpha.dividend_t.brokers"", ""market_regime_alpha.dividend_t.cosco_timing"", ""market_regime_alpha.dividend_t.indicators"", ""market_regime_alpha.dividend_t.macd"", ""market_regime_alpha.dividend_t.models"", ""market_regime_alpha.dividend_t.risk"", ""market_regime_alpha.dividend_t.scoring"", ""market_regime_alpha.dividend_t.storage"", ""market_regime_alpha.dividend_t.strategy""]"	"[""tests/test_dividend_t_app.py""]"	"[""docs/Usage-Manual.md"", ""docs/Dividend-T-Platform.md"", ""docs/specs/Xuntou-P0-Native-Field-Mapping.md"", ""docs/specs/ManualTradeRecord.md"", ""docs/specs/Xuntou-PIT-Validation-Bundle-V4.md"", ""docs/architecture/R1-Legacy-Characterization.md"", ""docs/research/R5-Xuntou-P0-Official-Documentation-Evidence.md"", ""docs/research/MR-2B-Final-Assessment.md"", ""docs/research/R5-Xuntou-P0-Adapter-Status.md"", ""docs/research/MR-2B-F2B-Statistical-Closure.md"", ""docs/research/R5-WP3-Provider-Routing-Status.md"", ""docs/research/MR-1-Overnight-Morning-Pop-Signal-Validation.md"", ""docs/research/PIT-Candidate-Replication-Charter.md"", ""docs/research/MR-2B-F2A-Conditionality-Inputs.md"", ""docs/research/Research-Artifact-Identity-V3.md"", ""docs/research/R5-Current-Status.md"", ""docs/constitution/06-Strategy-Constitution.md"", ""docs/constitution/00-Project-Vision.md"", ""docs/constitution/01-Core-Principles.md"", ""docs/constitution/05-Factor-Constitution.md"", ""docs/constitution/09-Glossary.md"", ""docs/constitution/08-Roadmap.md"", ""docs/constitution/04-Data-Constitution.md"", ""docs/constitution/07-Validation-Constitution.md"", ""docs/constitution/02-Architecture-Blueprint.md"", ""docs/archive/superpowers/specs/2026-07-16-tencent-composite-exploratory-r5-design.md"", ""docs/archive/superpowers/specs/2026-07-16-wp3-provider-routing-and-candidate-runs-design.md"", ""docs/archive/superpowers/specs/2026-07-13-macd-signal-intent-design.md"", ""docs/archive/superpowers/plans/2026-07-16-tencent-composite-exploratory-r5.md"", ""docs/archive/superpowers/plans/2026-07-13-macd-signal-intent-implementation.md""]"	[]	42673	988	541691b67ab8c1a79f0cd1fd78196bdb9aedb752	2026-07-13T18:47:39+08:00	feat: expose neutral MACD model metadata
src/market_regime_alpha/web/tushare_app.py	SOURCE	FULL_TEXT_READ	FastAPI page for browsing Tushare A-share bars.	web	"[""create_app"", ""_client"", ""_raise_http""]"	[]	"[""__future__"", ""functools"", ""typing"", ""fastapi"", ""fastapi.responses"", ""market_regime_alpha.data_sources.tushare_client""]"	[]	[]	[]	17371	531	24c8de2b5141d4d6a80d3f23eef1b6d084a48ecd	2026-07-09T00:03:11+08:00	Initial market-regime-alpha migration
strategies/ideas/Long-Term-Dividend-T-Model.md	STRATEGY_ASSET	FULL_TEXT_READ	长期 / 红利 / 做 T 模型设计文档	strategy-asset	[]	[]	[]	[]	"[""docs/Dividend-T-Platform.md""]"	[]	24137	1299	24c8de2b5141d4d6a80d3f23eef1b6d084a48ecd	2026-07-09T00:03:11+08:00	Initial market-regime-alpha migration
strategies/ideas/Strategy-Idea-Template.md	STRATEGY_ASSET	FULL_TEXT_READ	Strategy Idea	strategy-asset	[]	[]	[]	[]	"[""docs/Usage-Manual.md""]"	[]	206	37	24c8de2b5141d4d6a80d3f23eef1b6d084a48ecd	2026-07-09T00:03:11+08:00	Initial market-regime-alpha migration
tests/candidates/test_baseline_ranking_evaluation_guards.py	TEST	FULL_TEXT_READ		test	"[""_dataset"", ""test_single_feature_ranking_does_not_read_future_target_values"", ""test_evaluation_rejects_ranking_that_does_not_account_for_exact_population""]"	[]	"[""pytest"", ""__future__"", ""datetime"", ""market_regime_alpha.candidates.baselines"", ""market_regime_alpha.candidates.contracts"", ""market_regime_alpha.candidates.dataset"", ""market_regime_alpha.candidates.evaluation"", ""market_regime_alpha.core.identity"", ""market_regime_alpha.core.status"", ""market_regime_alpha.core.time"", ""market_regime_alpha.data.contracts""]"	[]	"[""docs/Formal-MACD-Dataset-Builder-Plan.md"", ""docs/development/WP-0-Close-B1-Verification.md"", ""docs/specs/RecommendationOutcome.md"", ""docs/architecture/R3-R4-Minimal-Research-Spine.md"", ""docs/architecture/PRR-MVP-1-Reproducible-Candidate-Backtest.md"", ""docs/architecture/R1-Legacy-Characterization.md"", ""docs/research/R5-Candidate-Dataset-Builder-Status.md"", ""docs/research/R5-Generic-Provider-Export-Adapter.md"", ""docs/research/R5-Current-Status.md"", ""docs/constitution/08-Roadmap.md"", ""docs/constitution/04-Data-Constitution.md"", ""docs/constitution/07-Validation-Constitution.md"", ""docs/archive/superpowers/specs/2026-07-18-wp4a2-entry-path-as-of-evidence-correction-design.md"", ""docs/archive/superpowers/specs/2026-07-18-wp4a1-entry-path-temporal-price-lineage-hardening-design.md"", ""docs/archive/superpowers/plans/2026-07-16-wp4a-entry-path-targets.md"", ""docs/archive/superpowers/plans/2026-07-16-tencent-composite-exploratory-r5.md"", ""docs/archive/superpowers/plans/2026-07-18-wp4a2-entry-path-as-of-evidence-correction.md"", ""docs/archive/superpowers/plans/2026-07-16-wp3-candidate-directional-accuracy.md"", ""docs/archive/superpowers/plans/2026-07-13-macd-signal-intent-implementation.md"", ""docs/archive/superpowers/plans/2026-07-18-wp4a1-entry-path-temporal-price-lineage-hardening.md""]"	[]	5521	148	87d46715f13caecd2529c2df83881751dfce444b	2026-07-15T15:25:54+08:00	test: guard R5 ranking target isolation and population accounting
tests/candidates/test_composite_baseline.py	TEST	FULL_TEXT_READ		test	"[""_dataset"", ""_component"", ""test_rank_normalization_prevents_raw_feature_scale_from_dominating"", ""test_lower_is_better_direction_supports_explicit_risk_penalty"", ""test_strict_complete_case_rejects_missing_component_without_dropping_candidate"", ""test_equivalent_component_order_and_common_weight_scaling_share_spec_identity"", ""test_b1_ranking_is_compatible_with_existing_cross_sectional_evaluation"", ""test_b1_ranking_does_not_read_future_target_values""]"	[]	"[""pytest"", ""__future__"", ""datetime"", ""zoneinfo"", ""market_regime_alpha.candidates"", ""market_regime_alpha.candidates.dataset"", ""market_regime_alpha.candidates.evaluation"", ""market_regime_alpha.candidates.panel"", ""market_regime_alpha.core.identity"", ""market_regime_alpha.core.status"", ""market_regime_alpha.core.time"", ""market_regime_alpha.data.contracts""]"	[]	"[""docs/Formal-MACD-Dataset-Builder-Plan.md"", ""docs/development/WP-0-Close-B1-Verification.md"", ""docs/specs/CandidateRecommendation.md"", ""docs/specs/RecommendationOutcome.md"", ""docs/architecture/R3-R4-Minimal-Research-Spine.md"", ""docs/architecture/PRR-MVP-1-Reproducible-Candidate-Backtest.md"", ""docs/architecture/R1-Legacy-Characterization.md"", ""docs/research/R5-Candidate-Dataset-Builder-Status.md"", ""docs/research/R5-Generic-Provider-Export-Adapter.md"", ""docs/research/Daily-Quant-Selection-and-Manual-Trading-Research-Program.md"", ""docs/research/R5-Current-Status.md"", ""docs/constitution/08-Roadmap.md"", ""docs/constitution/04-Data-Constitution.md"", ""docs/constitution/07-Validation-Constitution.md"", ""docs/archive/superpowers/specs/2026-07-18-wp4a2-entry-path-as-of-evidence-correction-design.md"", ""docs/archive/superpowers/specs/2026-07-13-macd-signal-intent-design.md"", ""docs/archive/superpowers/specs/2026-07-18-wp4a1-entry-path-temporal-price-lineage-hardening-design.md"", ""docs/archive/superpowers/plans/2026-07-16-wp4a-entry-path-targets.md"", ""docs/archive/superpowers/plans/2026-07-16-tencent-composite-exploratory-r5.md"", ""docs/archive/superpowers/plans/2026-07-18-wp4a2-entry-path-as-of-evidence-correction.md"", ""docs/archive/superpowers/plans/2026-07-16-wp3-candidate-directional-accuracy.md"", ""docs/archive/superpowers/plans/2026-07-13-macd-signal-intent-implementation.md"", ""docs/archive/superpowers/plans/2026-07-18-wp4a1-entry-path-temporal-price-lineage-hardening.md""]"	[]	10956	331	5d4add36bf27a77277f65eac1f6f819bba6838ba	2026-07-15T23:54:09+08:00	feat: close B1 ranking verification
tests/candidates/test_dataset_builder.py	TEST	FULL_TEXT_READ		test	"[""_dataset"", ""_feature"", ""_target"", ""test_builder_preserves_full_population_and_explicit_missingness"", ""test_builder_rejects_future_feature_materialization"", ""test_target_materialization_rejects_observation_at_or_before_decision_time"", ""test_builder_rejects_unidentified_source_dataset""]"	[]	"[""pytest"", ""__future__"", ""datetime"", ""market_regime_alpha.candidates.contracts"", ""market_regime_alpha.candidates.dataset"", ""market_regime_alpha.core.identity"", ""market_regime_alpha.core.status"", ""market_regime_alpha.core.time"", ""market_regime_alpha.data.contracts"", ""market_regime_alpha.features.contracts""]"	[]	"[""docs/Sell-Side-Model-Spec.md"", ""docs/Formal-MACD-Dataset-Builder-Plan.md"", ""docs/specs/ExitAssessment.md"", ""docs/specs/Entry-Path-Target-V1.md"", ""docs/specs/HoldingAssessment.md"", ""docs/specs/RecommendationOutcome.md"", ""docs/architecture/R3-R4-Minimal-Research-Spine.md"", ""docs/architecture/PRR-MVP-1-Reproducible-Candidate-Backtest.md"", ""docs/architecture/Original-Intent-to-R3-R4-Consistency-Audit.md"", ""docs/architecture/R1-Legacy-Characterization.md"", ""docs/research/R5-Candidate-Dataset-Builder-Status.md"", ""docs/research/R5-Generic-Provider-Export-Adapter.md"", ""docs/constitution/06-Strategy-Constitution.md"", ""docs/constitution/05-Factor-Constitution.md"", ""docs/constitution/08-Roadmap.md"", ""docs/constitution/04-Data-Constitution.md"", ""docs/constitution/07-Validation-Constitution.md"", ""docs/archive/superpowers/specs/2026-07-18-wp4a2-entry-path-as-of-evidence-correction-design.md"", ""docs/archive/superpowers/specs/2026-07-18-wp4a1-entry-path-temporal-price-lineage-hardening-design.md"", ""docs/archive/superpowers/plans/2026-07-16-wp4a-entry-path-targets.md"", ""docs/archive/superpowers/plans/2026-07-16-tencent-composite-exploratory-r5.md"", ""docs/archive/superpowers/plans/2026-07-18-wp4a2-entry-path-as-of-evidence-correction.md"", ""docs/archive/superpowers/plans/2026-07-16-wp3-candidate-directional-accuracy.md"", ""docs/archive/superpowers/plans/2026-07-13-macd-signal-intent-implementation.md"", ""docs/archive/superpowers/plans/2026-07-18-wp4a1-entry-path-temporal-price-lineage-hardening.md"", ""docs/archive/superpowers/plans/2026-07-16-wp3-provider-routing-and-candidate-runs.md""]"	[]	11300	284	438ba28856c416d2f45c9e71559ca1c2396eb6b2	2026-07-15T13:49:40+08:00	test: cover R5 Candidate Dataset Builder invariants
tests/candidates/test_directional_accuracy.py	TEST	FULL_TEXT_READ		test	"[""_dataset"", ""_ranking"", ""test_slice_classifies_sign_and_does_not_backfill_unavailable_top_k_target"", ""test_zero_observation_rates_and_lifts_remain_unknown"", ""test_panel_preserves_chronology_and_reports_micro_macro_stability"", ""test_panel_skips_undefined_slice_rates_in_macro_metrics"", ""test_evaluation_rejects_target_and_panel_alignment_mismatches""]"	[]	"[""pytest"", ""__future__"", ""dataclasses"", ""datetime"", ""zoneinfo"", ""market_regime_alpha.candidates.baselines"", ""market_regime_alpha.candidates.dataset"", ""market_regime_alpha.candidates.directional_accuracy"", ""market_regime_alpha.candidates.panel"", ""market_regime_alpha.candidates.rehearsal_targets"", ""market_regime_alpha.core.identity"", ""market_regime_alpha.core.status"", ""market_regime_alpha.core.time"", ""market_regime_alpha.data""]"	[]	"[""docs/Formal-MACD-Dataset-Builder-Plan.md"", ""docs/development/WP-0-Close-B1-Verification.md"", ""docs/specs/RecommendationOutcome.md"", ""docs/architecture/R3-R4-Minimal-Research-Spine.md"", ""docs/architecture/PRR-MVP-1-Reproducible-Candidate-Backtest.md"", ""docs/architecture/R1-Legacy-Characterization.md"", ""docs/research/R5-Candidate-Dataset-Builder-Status.md"", ""docs/research/R5-Generic-Provider-Export-Adapter.md"", ""docs/research/MR-1-Overnight-Morning-Pop-Signal-Validation.md"", ""docs/research/R5-Current-Status.md"", ""docs/constitution/08-Roadmap.md"", ""docs/constitution/04-Data-Constitution.md"", ""docs/constitution/07-Validation-Constitution.md"", ""docs/archive/superpowers/specs/2026-07-18-wp4a2-entry-path-as-of-evidence-correction-design.md"", ""docs/archive/superpowers/specs/2026-07-18-wp4a1-entry-path-temporal-price-lineage-hardening-design.md"", ""docs/archive/superpowers/plans/2026-07-16-wp4a-entry-path-targets.md"", ""docs/archive/superpowers/plans/2026-07-16-tencent-composite-exploratory-r5.md"", ""docs/archive/superpowers/plans/2026-07-18-wp4a2-entry-path-as-of-evidence-correction.md"", ""docs/archive/superpowers/plans/2026-07-16-wp3-candidate-directional-accuracy.md"", ""docs/archive/superpowers/plans/2026-07-13-macd-signal-intent-implementation.md"", ""docs/archive/superpowers/plans/2026-07-18-wp4a1-entry-path-temporal-price-lineage-hardening.md""]"	[]	8274	229	0a63078b4bb138eba43c0e3ce655c85116e3642f	2026-07-16T22:07:49+08:00	feat: add Candidate directional diagnostics
tests/candidates/test_minimal_research_spine.py	TEST	FULL_TEXT_READ		test	"[""test_minimal_data_universe_feature_candidate_research_spine"", ""test_score_cannot_be_laundered_into_invalid_probability_semantics""]"	[]	"[""pytest"", ""__future__"", ""datetime"", ""market_regime_alpha.candidates.contracts"", ""market_regime_alpha.core.identity"", ""market_regime_alpha.core.status"", ""market_regime_alpha.core.time"", ""market_regime_alpha.data.contracts"", ""market_regime_alpha.features.contracts"", ""market_regime_alpha.research.experiment_identity"", ""market_regime_alpha.universe.contracts""]"	[]	[]	[]	6817	182	6358a38d985388e830fc189216cc66ebaeb7afa4	2026-07-15T13:41:22+08:00	test: use complete R4 feature metadata in research spine
tests/candidates/test_panel.py	TEST	FULL_TEXT_READ		test	"[""_slice"", ""test_panel_orders_slices_and_allows_pit_universe_to_change"", ""test_panel_rejects_target_drift"", ""test_panel_rejects_duplicate_decision_times""]"	[]	"[""pytest"", ""__future__"", ""datetime"", ""market_regime_alpha.candidates.dataset"", ""market_regime_alpha.candidates.panel"", ""market_regime_alpha.core.identity"", ""market_regime_alpha.core.status"", ""market_regime_alpha.core.time"", ""market_regime_alpha.data.contracts""]"	[]	"[""docs/archive/superpowers/plans/2026-07-16-tencent-composite-exploratory-r5.md"", ""docs/archive/superpowers/plans/2026-07-16-wp3-candidate-directional-accuracy.md""]"	[]	5783	140	8f397111eed7fee2f57bdd5e05d37bab2ab8930b	2026-07-15T15:15:56+08:00	test: cover multi-decision-time Candidate panel assembly
tests/candidates/test_r5_calendar_resolved_targets.py	TEST	FULL_TEXT_READ		test	"[""_session"", ""_calendar"", ""_population"", ""test_calendar_resolved_target_materializer_skips_non_session_dates"", ""test_calendar_resolved_target_materializer_rejects_bar_from_skipped_date""]"	[]	"[""pytest"", ""__future__"", ""datetime"", ""zoneinfo"", ""market_regime_alpha.candidates.contracts"", ""market_regime_alpha.candidates.rehearsal_calendar_targets"", ""market_regime_alpha.candidates.rehearsal_opportunity_targets"", ""market_regime_alpha.core.identity"", ""market_regime_alpha.core.time"", ""market_regime_alpha.data.rehearsal"", ""market_regime_alpha.data.trading_calendar""]"	[]	"[""docs/development/WP-0-Close-B1-Verification.md"", ""docs/specs/Xuntou-P0-Native-Field-Mapping.md"", ""docs/specs/Entry-Path-Target-V1.md"", ""docs/architecture/R3-R4-Minimal-Research-Spine.md"", ""docs/architecture/01-Domain-Boundaries.md"", ""docs/architecture/Original-Intent-to-R5-Consistency-Audit.md"", ""docs/research/R5-Xuntou-P0-Official-Documentation-Evidence.md"", ""docs/research/R5-Candidate-Dataset-Builder-Status.md"", ""docs/research/R5-Xuntou-P0-Adapter-Status.md"", ""docs/research/R5-Generic-Provider-Export-Adapter.md"", ""docs/research/R5-Provider-Rehearsal-Trading-Eligibility-Policy-v2.md"", ""docs/research/R5-Candidate-Discovery-Rehearsal-Charter.md"", ""docs/research/R5-Current-Status.md"", ""docs/constitution/04-Data-Constitution.md"", ""docs/constitution/03-Research-Framework.md"", ""docs/status/Capability-Matrix.md"", ""docs/archive/superpowers/specs/2026-07-16-wp4a-entry-path-targets-design.md"", ""docs/archive/superpowers/specs/2026-07-18-wp4a2-entry-path-as-of-evidence-correction-design.md"", ""docs/archive/superpowers/specs/2026-07-18-wp4a1-entry-path-temporal-price-lineage-hardening-design.md"", ""docs/archive/superpowers/plans/2026-07-16-wp4a-entry-path-targets.md"", ""docs/archive/superpowers/plans/2026-07-16-tencent-composite-exploratory-r5.md"", ""docs/archive/superpowers/plans/2026-07-18-wp4a2-entry-path-as-of-evidence-correction.md"", ""docs/archive/superpowers/plans/2026-07-16-wp3-candidate-directional-accuracy.md"", ""docs/archive/superpowers/plans/2026-07-13-macd-signal-intent-implementation.md"", ""docs/archive/superpowers/plans/2026-07-18-wp4a1-entry-path-temporal-price-lineage-hardening.md"", ""docs/references/providers/xuntou/README.md""]"	[]	4016	119	8f72c2cef3b86f515b5351337edf60a9497505db	2026-07-15T16:28:35+08:00	test: resolve R5 opportunity targets from identified calendar
tests/candidates/test_r5_decision_time_contract.py	TEST	FULL_TEXT_READ		test	"[""_wrong_time_population"", ""test_r5_feature_materializer_rejects_non_1455_decision_time"", ""test_r5_target_materializer_rejects_non_1455_decision_time""]"	[]	"[""pytest"", ""__future__"", ""datetime"", ""zoneinfo"", ""market_regime_alpha.candidates.contracts"", ""market_regime_alpha.candidates.rehearsal_targets"", ""market_regime_alpha.core.identity"", ""market_regime_alpha.core.time"", ""market_regime_alpha.features.rehearsal_baselines""]"	[]	[]	[]	1973	52	093ebf3eef8d4ef1efa00a3265fabcea4fbcc22a	2026-07-15T15:30:59+08:00	test: lock R5 14:55 Asia Shanghai Decision Time
tests/candidates/test_r5_eligibility_policy_pipeline.py	TEST	FULL_TEXT_READ		test	"[""test_legacy_raw_eligibility_materializes_versioned_policy_and_candidate_population""]"	[]	"[""__future__"", ""datetime"", ""zoneinfo"", ""market_regime_alpha.candidates"", ""market_regime_alpha.core.identity"", ""market_regime_alpha.core.time"", ""market_regime_alpha.legacy"", ""market_regime_alpha.universe""]"	[]	"[""docs/research/R5-Versioned-Trading-Eligibility-Policy.md""]"	[]	4407	109	ee180235e64b76cadcff3e038f97aec45049d2e2	2026-07-15T18:11:25+08:00	test: preserve Legacy eligibility availability convention in artifact provenance
tests/candidates/test_r5_opportunity_target_bundle.py	TEST	FULL_TEXT_READ		test	"[""_population"", ""test_opportunity_target_bundle_keeps_close_mfe_mae_identity_distinct"", ""test_opportunity_target_contracts_are_independent_targets"", ""test_opportunity_target_bundle_rejects_wrong_next_session_date"", ""test_rehearsal_next_session_bar_validates_ohlc_bounds""]"	[]	"[""pytest"", ""__future__"", ""datetime"", ""zoneinfo"", ""market_regime_alpha.candidates.contracts"", ""market_regime_alpha.candidates.dataset"", ""market_regime_alpha.candidates.rehearsal_opportunity_targets"", ""market_regime_alpha.candidates.rehearsal_targets"", ""market_regime_alpha.core.identity"", ""market_regime_alpha.core.time"", ""market_regime_alpha.data.rehearsal""]"	[]	"[""docs/development/WP-0-Close-B1-Verification.md"", ""docs/architecture/R3-R4-Minimal-Research-Spine.md"", ""docs/research/R5-Candidate-Dataset-Builder-Status.md"", ""docs/archive/superpowers/plans/2026-07-16-tencent-composite-exploratory-r5.md"", ""docs/archive/superpowers/plans/2026-07-16-wp3-candidate-directional-accuracy.md""]"	[]	6358	181	41d21c1188702a5d7b452145a12c5c1174217e25	2026-07-15T16:23:02+08:00	test: cover R5 close return MFE MAE target bundle
tests/candidates/test_r5_rehearsal_pipeline.py	TEST	FULL_TEXT_READ		test	"[""_dataset_contract"", ""_history"", ""_build_slice"", ""test_two_date_r5_rehearsal_pipeline_produces_panel_rankings_and_evaluation""]"	[]	"[""pytest"", ""__future__"", ""datetime"", ""zoneinfo"", ""market_regime_alpha.candidates.baselines"", ""market_regime_alpha.candidates.contracts"", ""market_regime_alpha.candidates.dataset"", ""market_regime_alpha.candidates.evaluation"", ""market_regime_alpha.candidates.panel"", ""market_regime_alpha.candidates.rehearsal_targets"", ""market_regime_alpha.core.identity"", ""market_regime_alpha.core.time"", ""market_regime_alpha.data.contracts"", ""market_regime_alpha.data.rehearsal"", ""market_regime_alpha.features.rehearsal_baselines""]"	[]	"[""docs/Dividend-T-Platform.md"", ""docs/specs/Xuntou-P0-Native-Field-Mapping.md"", ""docs/specs/Xuntou-PIT-Validation-Bundle-V4.md"", ""docs/architecture/PRR-MVP-1-Reproducible-Candidate-Backtest.md"", ""docs/architecture/R1-Legacy-Characterization.md"", ""docs/research/R5-Xuntou-P0-Official-Documentation-Evidence.md"", ""docs/archive/superpowers/plans/2026-07-16-tencent-composite-exploratory-r5.md"", ""docs/references/providers/xuntou/README.md""]"	[]	7819	198	c05f50080afcef07d3c5a4a494f7574a797816d7	2026-07-15T15:25:23+08:00	test: use explicit resolved next-session date in R5 pipeline
tests/candidates/test_rehearsal_materializers.py	TEST	FULL_TEXT_READ		test	"[""_history"", ""_population"", ""test_pure_r5_baseline_calculator_matches_existing_formulas"", ""test_rehearsal_feature_materializers_preserve_symbol_missingness"", ""test_rehearsal_target_materializer_separates_available_missing_and_invalid"", ""test_rehearsal_target_materializer_rejects_wrong_resolved_session"", ""test_rehearsal_feature_materializer_ignores_future_history_instead_of_leaking_it""]"	[]	"[""math"", ""pytest"", ""__future__"", ""datetime"", ""statistics"", ""zoneinfo"", ""market_regime_alpha.candidates.contracts"", ""market_regime_alpha.candidates.dataset"", ""market_regime_alpha.candidates.rehearsal_targets"", ""market_regime_alpha.core.identity"", ""market_regime_alpha.core.status"", ""market_regime_alpha.core.time"", ""market_regime_alpha.data.rehearsal"", ""market_regime_alpha.features.rehearsal_baselines""]"	[]	"[""docs/Dividend-T-Platform.md"", ""docs/development/WP-0-Close-B1-Verification.md"", ""docs/specs/Xuntou-P0-Native-Field-Mapping.md"", ""docs/specs/Xuntou-PIT-Validation-Bundle-V4.md"", ""docs/architecture/R3-R4-Minimal-Research-Spine.md"", ""docs/research/R5-Xuntou-P0-Official-Documentation-Evidence.md"", ""docs/research/R5-Candidate-Dataset-Builder-Status.md"", ""docs/archive/superpowers/plans/2026-07-16-tencent-composite-exploratory-r5.md"", ""docs/archive/superpowers/plans/2026-07-16-wp3-candidate-directional-accuracy.md"", ""docs/references/providers/xuntou/README.md""]"	[]	9760	266	f2315a030fbaf83ebaa46d0e9e27262fe5c6da98	2026-07-16T16:19:40+08:00	feat: materialize exploratory Tencent Candidate slices
tests/candidates/test_target_state_contracts.py	TEST	FULL_TEXT_READ		test	"[""test_missing_target_requires_observation_time"", ""test_not_yet_observed_target_cannot_claim_observation_time"", ""test_available_candidate_target_requires_value_and_observation_time""]"	[]	"[""pytest"", ""__future__"", ""datetime"", ""market_regime_alpha.candidates.dataset"", ""market_regime_alpha.core.identity"", ""market_regime_alpha.core.time""]"	[]	[]	[]	1567	48	2cd140e8ae75314e99b3385f75e9d9e0a87beea5	2026-07-15T13:52:24+08:00	test: lock R5 target-state semantics
tests/core/test_identity.py	TEST	FULL_TEXT_READ		test	"[""test_stable_id_is_immutable_and_stringifiable"", ""test_stable_id_rejects_ambiguous_values"", ""test_distinct_identity_types_do_not_compare_equal""]"	[]	"[""pytest"", ""__future__"", ""market_regime_alpha.core.identity""]"	[]	[]	[]	704	23	61fcce25a3c99a1ed529586b0be25b43b4b90518	2026-07-15T09:48:29+08:00	test: cover V2 identity primitives
tests/core/test_status.py	TEST	FULL_TEXT_READ		test	"[""test_only_available_input_status_is_usable"", ""test_strategy_no_action_is_not_an_input_status""]"	[]	"[""__future__"", ""market_regime_alpha.core.status""]"	[]	[]	[]	522	17	9ea380494312ccdb9a9e5dab7513cc2453ea6381	2026-07-15T09:48:46+08:00	test: keep input status separate from strategy actions
tests/core/test_time.py	TEST	FULL_TEXT_READ		test	"[""test_semantic_time_requires_timezone_awareness"", ""test_semantic_time_preserves_semantics_and_can_convert_to_utc""]"	[]	"[""pytest"", ""__future__"", ""datetime"", ""market_regime_alpha.core.time""]"	[]	[]	[]	770	24	04de01aa321bc5af508236737a6837f5463c56fb	2026-07-15T09:48:38+08:00	test: cover semantic time primitives
tests/data/__init__.py	TEST	FULL_TEXT_READ	Tests for the Data bounded context.	test	[]	[]	[]	[]	"[""docs/archive/superpowers/plans/2026-07-16-wp4a-entry-path-targets.md""]"	[]	42	2	a45e51efc4dd6e18a605b4775ece68fb3e703c88	2026-07-16T22:51:05+08:00	chore: fix repository test collection and Ruff baseline
tests/data/test_contracts.py	TEST	FULL_TEXT_READ		test	"[""test_formal_research_dataset_requires_pit_correct_scope"", ""test_dataset_contract_rejects_string_eligibility_that_could_bypass_formal_gate"", ""test_dataset_contract_requires_boolean_pit_scope_flag"", ""test_dataset_contract_keeps_provider_and_dataset_identity_separate"", ""test_source_artifact_requires_explicit_retrieval_time_and_content_hash""]"	[]	"[""pytest"", ""__future__"", ""datetime"", ""market_regime_alpha.core.identity"", ""market_regime_alpha.core.time"", ""market_regime_alpha.data.contracts""]"	[]	[]	[]	3609	93	53f16265d3bbc6ad30895dceda88ea6740e4478d	2026-07-15T13:07:02+08:00	test: block dynamic-type eligibility bypasses
tests/data/test_path_evidence.py	TEST	FULL_TEXT_READ		test	"[""_available"", ""_finalized"", ""test_entry_reference_evidence_is_identified_and_available_by_decision_time"", ""test_readiness_policy_and_coverage_assertion_are_separate_identities"", ""test_future_daily_bar_preserves_finality_availability_and_price_basis"", ""test_future_daily_bar_rejects_availability_before_finality"", ""test_future_path_evidence_rejects_naive_datetimes"", ""test_future_daily_bar_rejects_invalid_price"", ""test_future_daily_bar_rejects_invalid_ohlc_ordering"", ""test_future_suspension_evidence_requires_boolean_and_time_ordering""]"	[]	"[""math"", ""pytest"", ""__future__"", ""datetime"", ""zoneinfo"", ""market_regime_alpha.core.identity"", ""market_regime_alpha.core.time"", ""market_regime_alpha.data.path_evidence""]"	[]	"[""docs/research/R5-Current-Status.md"", ""docs/constitution/04-Data-Constitution.md"", ""docs/archive/superpowers/plans/2026-07-16-wp4a-entry-path-targets.md"", ""docs/archive/superpowers/plans/2026-07-18-wp4a2-entry-path-as-of-evidence-correction.md"", ""docs/archive/superpowers/plans/2026-07-13-macd-signal-intent-implementation.md"", ""docs/archive/superpowers/plans/2026-07-18-wp4a1-entry-path-temporal-price-lineage-hardening.md"", ""docs/archive/superpowers/plans/2026-07-16-wp3-provider-routing-and-candidate-runs.md""]"	[]	7264	210	57e40503ba25eaad702c6b98b197d21fabf10c8e	2026-07-18T02:27:38+08:00	提交代码
tests/data/test_trading_calendar.py	TEST	FULL_TEXT_READ		test	"[""_session"", ""test_calendar_resolves_next_explicit_session_without_weekday_inference"", ""test_calendar_resolves_exact_following_exchange_sessions"", ""test_calendar_artifact_identity_is_deterministic_under_input_ordering"", ""test_calendar_fails_when_no_later_explicit_session_exists"", ""test_calendar_rejects_non_integer_following_session_count"", ""test_calendar_rejects_non_positive_following_session_count"", ""test_calendar_fails_closed_when_following_session_coverage_is_insufficient""]"	[]	"[""pytest"", ""__future__"", ""datetime"", ""zoneinfo"", ""market_regime_alpha.core.identity"", ""market_regime_alpha.core.time"", ""market_regime_alpha.data.trading_calendar""]"	[]	"[""docs/specs/Xuntou-P0-Native-Field-Mapping.md"", ""docs/specs/Entry-Path-Target-V1.md"", ""docs/architecture/Original-Intent-to-R5-Consistency-Audit.md"", ""docs/research/R5-Candidate-Dataset-Builder-Status.md"", ""docs/research/R5-Xuntou-P0-Adapter-Status.md"", ""docs/research/R5-Generic-Provider-Export-Adapter.md"", ""docs/research/R5-Candidate-Discovery-Rehearsal-Charter.md"", ""docs/research/R5-Current-Status.md"", ""docs/constitution/04-Data-Constitution.md"", ""docs/constitution/03-Research-Framework.md"", ""docs/archive/superpowers/specs/2026-07-16-wp4a-entry-path-targets-design.md"", ""docs/archive/superpowers/specs/2026-07-18-wp4a2-entry-path-as-of-evidence-correction-design.md"", ""docs/archive/superpowers/specs/2026-07-18-wp4a1-entry-path-temporal-price-lineage-hardening-design.md"", ""docs/archive/superpowers/plans/2026-07-16-wp4a-entry-path-targets.md"", ""docs/archive/superpowers/plans/2026-07-16-tencent-composite-exploratory-r5.md"", ""docs/archive/superpowers/plans/2026-07-18-wp4a2-entry-path-as-of-evidence-correction.md"", ""docs/archive/superpowers/plans/2026-07-13-macd-signal-intent-implementation.md"", ""docs/archive/superpowers/plans/2026-07-18-wp4a1-entry-path-temporal-price-lineage-hardening.md""]"	[]	5236	152	5f7a015d75b279cad595932f7fb41d44d29aa4d5	2026-07-16T22:54:34+08:00	feat: add future path evidence and calendar horizon resolver
tests/features/__init__.py	TEST	FULL_TEXT_READ	Tests for the Feature bounded context.	test	[]	[]	[]	[]	"[""docs/archive/superpowers/plans/2026-07-16-wp4a-entry-path-targets.md""]"	[]	45	2	a45e51efc4dd6e18a605b4775ece68fb3e703c88	2026-07-16T22:51:05+08:00	chore: fix repository test collection and Ruff baseline
tests/features/test_contracts.py	TEST	FULL_TEXT_READ		test	"[""_relative_strength_definition"", ""test_feature_registry_is_idempotent_but_rejects_identity_conflict"", ""test_feature_definition_rejects_blank_source_information_family"", ""test_feature_definition_requires_explicit_lineage_source"", ""test_feature_definition_records_minimum_r4_metadata"", ""test_feature_observation_requires_canonical_availability_status"", ""test_missing_feature_is_not_a_neutral_numeric_value"", ""test_feature_materialization_has_distinct_identity_from_definition""]"	[]	"[""pytest"", ""__future__"", ""datetime"", ""market_regime_alpha.core.identity"", ""market_regime_alpha.core.status"", ""market_regime_alpha.core.time"", ""market_regime_alpha.features.contracts""]"	[]	[]	[]	5928	157	4d1e0a756e97523e12124e568db4a17f413e5877	2026-07-15T13:41:01+08:00	test: cover complete R4 feature lineage metadata
tests/legacy/test_cosco_timing_characterization.py	TEST	FULL_TEXT_READ		test	"[""test_cosco_timing_stale_data_gate_blocks_final_action_after_integrated_evaluation"", ""test_cosco_timing_same_stale_fixture_is_not_blocked_when_freshness_gate_is_disabled""]"	[]	"[""__future__"", ""datetime"", ""market_regime_alpha.dividend_t.cosco_timing""]"	[]	"[""docs/architecture/R1-Legacy-Characterization.md""]"	[]	1943	52	af1ea5155be7b6ba134a57435d750442c3ffc913	2026-07-15T15:28:00+08:00	test: characterize Legacy Cosco stale-data gate
tests/legacy/test_dataset_contract_adapter.py	TEST	FULL_TEXT_READ		test	"[""_manifest"", ""_provider"", ""test_legacy_rehearsal_maps_to_canonical_rehearsal_without_new_identity_system"", ""test_legacy_fixture_does_not_gain_exploratory_or_formal_authority"", ""test_legacy_formal_final_candidate_requires_canonical_eligibility_review""]"	[]	"[""pytest"", ""__future__"", ""market_regime_alpha.core.identity"", ""market_regime_alpha.data.contracts"", ""market_regime_alpha.dividend_t.macd"", ""market_regime_alpha.dividend_t.macd_oos"", ""market_regime_alpha.legacy.dataset_contract_adapter""]"	[]	"[""docs/Dividend-T-Platform.md"", ""docs/Formal-MACD-Dataset-Builder-Plan.md"", ""docs/specs/DailyResearchSnapshot.md"", ""docs/specs/CapitalContextSnapshot.md"", ""docs/audit/Conflict-Register.md"", ""docs/architecture/R1-Legacy-Characterization.md"", ""docs/research/Daily-Quant-Selection-and-Manual-Trading-Research-Program.md"", ""docs/research/R5-Provider-Rehearsal-Trading-Eligibility-Policy-v2.md"", ""docs/research/R5-Current-Status.md"", ""docs/constitution/07-Validation-Constitution.md"", ""docs/status/Capability-Matrix.md"", ""docs/archive/superpowers/plans/2026-07-16-wp4a-entry-path-targets.md"", ""docs/archive/superpowers/plans/2026-07-16-tencent-composite-exploratory-r5.md"", ""docs/archive/superpowers/plans/2026-07-16-xuntou-p0-native-adapter.md"", ""docs/archive/superpowers/plans/2026-07-16-wp3-candidate-directional-accuracy.md"", ""docs/archive/superpowers/plans/2026-07-16-wp3-provider-routing-and-candidate-runs.md""]"	[]	3757	104	9381bce9179ff457b24b1c3d55cf8399f2bd386f	2026-07-15T12:56:55+08:00	test: prevent Legacy dataset eligibility inflation
tests/legacy/test_dividend_t_strategy_characterization.py	TEST	FULL_TEXT_READ		test	"[""_fundamental"", ""test_legacy_hard_clear_golden_decision"", ""test_legacy_buy_t_golden_decision"", ""test_legacy_sell_t_golden_decision""]"	[]	"[""pytest"", ""__future__"", ""market_regime_alpha.dividend_t.models"", ""market_regime_alpha.dividend_t.signal_intent"", ""market_regime_alpha.dividend_t.strategy""]"	[]	"[""docs/architecture/R1-Legacy-Characterization.md"", ""docs/constitution/05-Factor-Constitution.md"", ""docs/constitution/02-Architecture-Blueprint.md""]"	[]	5219	141	28032d71de76b6e4e5a6cbc8bc077927edfcfa83	2026-07-15T12:55:22+08:00	test: correct Legacy score rounding expectation
tests/legacy/test_eligibility_sidecar_adapter.py	TEST	FULL_TEXT_READ		test	"[""_mapping"", ""test_legacy_eligibility_adapter_records_timestamp_availability_assumption"", ""test_legacy_eligibility_adapter_rejects_string_boolean"", ""test_legacy_eligibility_adapter_rejects_missing_required_raw_field"", ""test_legacy_eligibility_adapter_rejects_none_limit_regime_instead_of_stringifying_it"", ""test_legacy_eligibility_adapter_rejects_duplicate_time_symbol""]"	[]	"[""pytest"", ""__future__"", ""datetime"", ""zoneinfo"", ""market_regime_alpha.legacy.eligibility_sidecar_adapter""]"	[]	"[""docs/specs/ThemeDirectionSnapshot.md"", ""docs/research/R5-Versioned-Trading-Eligibility-Policy.md"", ""docs/research/Daily-Quant-Selection-and-Manual-Trading-Research-Program.md"", ""docs/constitution/04-Data-Constitution.md"", ""docs/archive/superpowers/specs/2026-07-13-macd-signal-intent-design.md"", ""docs/archive/superpowers/plans/2026-07-13-macd-signal-intent-implementation.md""]"	[]	2677	77	22d09e3aa3af59948a91da46d95d6efcabed5afc	2026-07-15T18:01:03+08:00	test: cover Legacy raw eligibility sidecar adapter
tests/legacy/test_macd_experiment_adapter.py	TEST	FULL_TEXT_READ		test	"[""FakeLegacyMACDIdentity"", ""test_legacy_macd_adapter_preserves_identity_anchors_without_inventing_scope"", ""test_legacy_macd_adapter_rejects_missing_required_shape"", ""test_real_legacy_macd_identity_maps_to_v2_without_inventing_target_or_universe""]"	[]	"[""pytest"", ""__future__"", ""dataclasses"", ""market_regime_alpha.dividend_t.backtest"", ""market_regime_alpha.dividend_t.macd"", ""market_regime_alpha.dividend_t.macd_experiments"", ""market_regime_alpha.dividend_t.signal_intent"", ""market_regime_alpha.legacy.macd_experiment_adapter""]"	[]	"[""docs/architecture/R1-Legacy-Characterization.md""]"	[]	2756	67	91a833f9c373ae7e79058db187ef2d3d3fd919b5	2026-07-15T09:54:01+08:00	test: verify adapter against real Legacy MACD identity
tests/legacy/test_trading_calendar_adapter.py	TEST	FULL_TEXT_READ		test	"[""test_legacy_calendar_sidecar_adapts_to_canonical_calendar"", ""test_legacy_calendar_sidecar_rejects_date_session_set_mismatch"", ""test_legacy_calendar_sidecar_rejects_duplicate_dates""]"	[]	"[""pytest"", ""__future__"", ""datetime"", ""market_regime_alpha.core.identity"", ""market_regime_alpha.legacy.trading_calendar_adapter""]"	[]	[]	[]	2131	57	b005c1d61f6f8c147436c317d1eb76875161d73a	2026-07-15T16:28:17+08:00	test: cover Legacy trading calendar sidecar adapter
tests/legacy/test_trend_snapshot_characterization.py	TEST	FULL_TEXT_READ		test	"[""_FixtureProvider"", ""_FixtureStrategy"", ""test_legacy_snapshot_row_exposes_strategy_signal_and_timing_action_independently"", ""test_legacy_snapshot_timing_error_does_not_replace_strategy_signal""]"	[]	"[""pandas"", ""__future__"", ""types"", ""market_regime_alpha.dividend_t"", ""market_regime_alpha.dividend_t.models""]"	[]	"[""docs/architecture/Original-Intent-to-R3-R4-Consistency-Audit.md"", ""docs/architecture/R1-Legacy-Characterization.md"", ""docs/research/R5-Current-Status.md"", ""docs/archive/superpowers/plans/2026-07-16-tencent-composite-exploratory-r5.md""]"	[]	4843	164	f257bf9d5716c22aa2780243dd4987943ccd60e4	2026-07-15T13:05:25+08:00	test: characterize Legacy trend snapshot dual outputs
tests/legacy/test_universe_sidecar_adapter.py	TEST	FULL_TEXT_READ		test	"[""test_legacy_universe_sidecar_maps_eligible_to_membership_only"", ""test_legacy_universe_sidecar_requires_historical_as_of_date"", ""test_legacy_universe_sidecar_rejects_string_boolean""]"	[]	"[""pytest"", ""__future__"", ""datetime"", ""market_regime_alpha.core.identity"", ""market_regime_alpha.legacy.universe_sidecar_adapter""]"	[]	[]	[]	2331	59	6d8ea2223f236d52e3a1f1442e4618de38b9a9aa	2026-07-15T16:37:34+08:00	test: record Legacy universe effective-time assumption
tests/research/pit_replication_v2_fixtures.py	TEST	FULL_TEXT_READ		test	"[""build_test_success_inputs""]"	[]	"[""datetime"", ""market_regime_alpha.research.pit_partition_v2"", ""market_regime_alpha.research.pit_replication_success_v2"", ""market_regime_alpha.research.pit_replication_success_v2_features"", ""market_regime_alpha.research.pit_replication_success_v2_protocol""]"	[]	[]	[]	5778	140	96e41a12d86b3b5f7472c2d4e44011736b087b6b	2026-07-22T23:34:40+08:00	fix: harden sealed PIT Candidate replication semantics (#11)
tests/research/test_experiment_identity.py	TEST	FULL_TEXT_READ		test	"[""_identity"", ""test_experiment_identity_hash_is_deterministic"", ""test_result_affecting_change_changes_identity"", ""test_duplicate_feature_identity_is_rejected"", ""test_duplicate_semantic_ref_keys_are_rejected""]"	[]	"[""pytest"", ""__future__"", ""market_regime_alpha.core.identity"", ""market_regime_alpha.research.experiment_identity""]"	[]	"[""docs/specs/ETFDirectionSnapshot.md"", ""docs/specs/DailyResearchSnapshot.md"", ""docs/specs/CandidateRecommendation.md"", ""docs/specs/ThemeDirectionSnapshot.md"", ""docs/specs/ExitAssessment.md"", ""docs/specs/EntryAssessment.md"", ""docs/specs/HoldingAssessment.md"", ""docs/specs/RecommendationOutcome.md"", ""docs/architecture/R2-Minimal-V2-Kernel.md"", ""docs/architecture/03-Research-Artifact-Architecture.md"", ""docs/research/R5-Versioned-Trading-Eligibility-Policy.md"", ""docs/constitution/02-Architecture-Blueprint.md"", ""docs/archive/superpowers/specs/2026-07-16-wp3-provider-routing-and-candidate-runs-design.md"", ""docs/archive/superpowers/plans/2026-07-13-macd-signal-intent-implementation.md""]"	[]	2414	67	336051884414fbfa42065d5982cb3813ba5e3441	2026-07-15T09:48:58+08:00	test: cover project-wide experiment identity
tests/research/test_mr1_daily_candidate_baseline.py	TEST	FULL_TEXT_READ		test	"[""_targets"", ""_rows_by_id"", ""_populations"", ""test_missing_target_keeps_original_weight_as_cash"", ""test_minimum_commission_bias_is_separated_from_ranking_lift"", ""test_matched_k_selection_is_stable_and_rank_blind"", ""test_matched_k_and_identical_model_selection_have_zero_gross_net_and_cost_difference"", ""test_close_baselines_preserve_alternating_cash_lock"", ""test_compounding_uses_only_daily_baseline_rows"", ""_prepared_one_symbol""]"	[]	"[""pytest"", ""__future__"", ""datetime"", ""types"", ""zoneinfo"", ""market_regime_alpha.research.mr1_candidate_baselines"", ""market_regime_alpha.research.mr1_morning_pop"", ""market_regime_alpha.research.prr_mvp_1"", ""market_regime_alpha.research.tencent_composite_contracts""]"	[]	"[""docs/research/R5-Candidate-Dataset-Builder-Status.md"", ""docs/constitution/05-Factor-Constitution.md"", ""docs/archive/superpowers/plans/2026-07-16-wp4a-entry-path-targets.md"", ""docs/archive/superpowers/plans/2026-07-16-tencent-composite-exploratory-r5.md""]"	[]	11167	310	50082506a549abb7f9859a801e7a88fc2d1ea964	2026-07-18T15:04:52+08:00	feat: add reproducible Candidate replay and morning-pop research
tests/research/test_mr1_model_population_baselines.py	TEST	FULL_TEXT_READ		test	"[""_ranking_rows"", ""test_model_specific_populations_exclude_each_models_rejected_symbols"", ""test_equal_symbol_populations_have_equal_population_and_selection_identity"", ""test_population_hash_and_selection_are_input_order_independent"", ""test_population_content_changes_population_and_selection_identity"", ""test_population_rejects_rank_eligibility_mismatch"", ""test_population_requires_contiguous_unique_ranks"", ""test_baselines_and_selection_evidence_use_each_models_population"", ""test_equal_populations_persist_equal_logical_selections"", ""_targets"", ""test_semantic_run_id_is_independent_of_machine_local_dataset_path""]"	[]	"[""json"", ""shutil"", ""pytest"", ""__future__"", ""datetime"", ""pathlib"", ""market_regime_alpha.research.mr1_candidate_baselines"", ""market_regime_alpha.research.prr_artifact_schemas"", ""market_regime_alpha.research.prr_mvp_1"", ""market_regime_alpha.research.mr1_research_runner""]"	[]	"[""docs/research/R5-Candidate-Dataset-Builder-Status.md"", ""docs/constitution/05-Factor-Constitution.md"", ""docs/archive/superpowers/plans/2026-07-16-wp4a-entry-path-targets.md"", ""docs/archive/superpowers/plans/2026-07-16-tencent-composite-exploratory-r5.md""]"	[]	9807	285	50082506a549abb7f9859a801e7a88fc2d1ea964	2026-07-18T15:04:52+08:00	feat: add reproducible Candidate replay and morning-pop research
tests/research/test_mr1_morning_pop.py	TEST	FULL_TEXT_READ		test	"[""_bar"", ""_prepared"", ""test_morning_targets_require_exact_endpoint_and_never_forward_fill"", ""test_complete_grid_is_required_for_morning_path_and_competing_event_is_ambiguous"", ""test_morning_replay_allows_next_day_1455_entry_after_1030_exit"", ""test_missing_target_keeps_its_fixed_slot_weight_as_cash""]"	[]	"[""__future__"", ""datetime"", ""types"", ""zoneinfo"", ""market_regime_alpha.research.mr1_morning_pop"", ""market_regime_alpha.research.tencent_composite_contracts""]"	[]	"[""docs/MACD-Research-Audit.md"", ""docs/Tushare-App.md"", ""docs/Sell-Side-Model-Spec.md"", ""docs/Data-Spec.md"", ""docs/Dividend-T-Platform.md"", ""docs/Formal-Data-Source-Capability-Audit.md"", ""docs/Formal-MACD-Dataset-Builder-Plan.md"", ""docs/specs/Xuntou-P0-Native-Field-Mapping.md"", ""docs/architecture/R1-Legacy-Characterization.md"", ""docs/research/R5-Generic-Provider-Export-Adapter.md"", ""docs/research/R5-Current-Status.md"", ""docs/constitution/08-Roadmap.md"", ""docs/constitution/04-Data-Constitution.md"", ""docs/constitution/02-Architecture-Blueprint.md"", ""docs/archive/superpowers/specs/2026-07-13-macd-signal-intent-design.md"", ""docs/archive/superpowers/specs/2026-07-18-wp4a1-entry-path-temporal-price-lineage-hardening-design.md"", ""docs/archive/superpowers/plans/2026-07-16-wp4a-entry-path-targets.md"", ""docs/archive/superpowers/plans/2026-07-16-tencent-composite-exploratory-r5.md"", ""docs/archive/superpowers/plans/2026-07-18-wp4a2-entry-path-as-of-evidence-correction.md"", ""docs/archive/superpowers/plans/2026-07-13-macd-signal-intent-implementation.md"", ""docs/archive/superpowers/plans/2026-07-18-wp4a1-entry-path-temporal-price-lineage-hardening.md""]"	[]	5500	156	50082506a549abb7f9859a801e7a88fc2d1ea964	2026-07-18T15:04:52+08:00	feat: add reproducible Candidate replay and morning-pop research
tests/research/test_mr2_failure_decomposition.py	TEST	FULL_TEXT_READ		test	"[""test_feature_ic_is_cross_sectional_per_decision_date_then_aggregated"", ""test_failure_decomposition_keeps_independent_reasons""]"	[]	"[""__future__"", ""market_regime_alpha.research.mr2_failure_decomposition""]"	[]	[]	[]	2148	48	50082506a549abb7f9859a801e7a88fc2d1ea964	2026-07-18T15:04:52+08:00	feat: add reproducible Candidate replay and morning-pop research
tests/research/test_mr2a_regime.py	TEST	FULL_TEXT_READ		test	"[""_bar"", ""_prepared"", ""test_context_ignores_decision_date_after_cutoff_bars"", ""test_true_spearman_and_direction_registry"", ""test_weak_opposite_signs_do_not_promote_regime_hypothesis""]"	[]	"[""__future__"", ""datetime"", ""zoneinfo"", ""market_regime_alpha.research.mr2a_regime"", ""market_regime_alpha.research.tencent_composite_contracts""]"	[]	"[""docs/MACD-Research-Audit.md"", ""docs/Tushare-App.md"", ""docs/Sell-Side-Model-Spec.md"", ""docs/Data-Spec.md"", ""docs/Dividend-T-Platform.md"", ""docs/Formal-Data-Source-Capability-Audit.md"", ""docs/Formal-MACD-Dataset-Builder-Plan.md"", ""docs/specs/Xuntou-P0-Native-Field-Mapping.md"", ""docs/architecture/R1-Legacy-Characterization.md"", ""docs/research/R5-Generic-Provider-Export-Adapter.md"", ""docs/research/R5-Current-Status.md"", ""docs/constitution/08-Roadmap.md"", ""docs/constitution/04-Data-Constitution.md"", ""docs/constitution/02-Architecture-Blueprint.md"", ""docs/archive/superpowers/specs/2026-07-13-macd-signal-intent-design.md"", ""docs/archive/superpowers/specs/2026-07-18-wp4a1-entry-path-temporal-price-lineage-hardening-design.md"", ""docs/archive/superpowers/plans/2026-07-16-wp4a-entry-path-targets.md"", ""docs/archive/superpowers/plans/2026-07-16-tencent-composite-exploratory-r5.md"", ""docs/archive/superpowers/plans/2026-07-18-wp4a2-entry-path-as-of-evidence-correction.md"", ""docs/archive/superpowers/plans/2026-07-13-macd-signal-intent-implementation.md"", ""docs/archive/superpowers/plans/2026-07-18-wp4a1-entry-path-temporal-price-lineage-hardening.md""]"	[]	2122	46	50082506a549abb7f9859a801e7a88fc2d1ea964	2026-07-18T15:04:52+08:00	feat: add reproducible Candidate replay and morning-pop research
tests/research/test_mr2b_context.py	TEST	FULL_TEXT_READ		test	"[""_bar"", ""_complete_bars"", ""_build"", ""test_context_requires_exact_1450_endpoint"", ""test_context_ignores_post_cutoff_bars"", ""test_context_requires_canonical_46_bar_grid_without_lunch_break"", ""test_amount_change_uses_previous_session_same_cutoff"", ""test_future_dates_do_not_change_historical_context_identity"", ""test_symbol_evidence_reconstructs_available_daily_context"", ""test_symbol_evidence_preserves_per_symbol_missing_reason""]"	[]	"[""pytest"", ""__future__"", ""datetime"", ""zoneinfo"", ""market_regime_alpha.research.mr2b_context"", ""market_regime_alpha.research.tencent_composite_contracts""]"	[]	"[""docs/MACD-Research-Audit.md"", ""docs/Tushare-App.md"", ""docs/Sell-Side-Model-Spec.md"", ""docs/Data-Spec.md"", ""docs/Dividend-T-Platform.md"", ""docs/Formal-Data-Source-Capability-Audit.md"", ""docs/Formal-MACD-Dataset-Builder-Plan.md"", ""docs/specs/Xuntou-P0-Native-Field-Mapping.md"", ""docs/architecture/R3-R4-Minimal-Research-Spine.md"", ""docs/architecture/R1-Legacy-Characterization.md"", ""docs/research/R5-Candidate-Dataset-Builder-Status.md"", ""docs/research/R5-Generic-Provider-Export-Adapter.md"", ""docs/research/R5-Current-Status.md"", ""docs/constitution/08-Roadmap.md"", ""docs/constitution/04-Data-Constitution.md"", ""docs/constitution/07-Validation-Constitution.md"", ""docs/constitution/02-Architecture-Blueprint.md"", ""docs/archive/superpowers/specs/2026-07-13-macd-signal-intent-design.md"", ""docs/archive/superpowers/specs/2026-07-18-wp4a1-entry-path-temporal-price-lineage-hardening-design.md"", ""docs/archive/superpowers/plans/2026-07-16-wp4a-entry-path-targets.md"", ""docs/archive/superpowers/plans/2026-07-16-tencent-composite-exploratory-r5.md"", ""docs/archive/superpowers/plans/2026-07-18-wp4a2-entry-path-as-of-evidence-correction.md"", ""docs/archive/superpowers/plans/2026-07-13-macd-signal-intent-implementation.md"", ""docs/archive/superpowers/plans/2026-07-18-wp4a1-entry-path-temporal-price-lineage-hardening.md""]"	[]	5889	183	536064007cf08b9ac7019443cc13a6c017d0b569	2026-07-18T18:29:23+08:00	feat: add exact-context and multi-seed Candidate excess evidence
tests/research/test_mr2b_excess.py	TEST	FULL_TEXT_READ		test	"[""_observation"", ""test_absolute_market_moves_without_excess_are_described_as_no_excess"", ""test_primary_assessment_rejects_duplicate_decision_dates"", ""test_daily_observation_rejects_non_finite_returns"", ""test_daily_observation_rejects_unknown_context_label"", ""test_primary_uses_matched_k_net_excess_and_is_order_stable"", ""test_observation_exposes_all_comparator_metrics"", ""test_binary_primary_assessment_excludes_flat_rows_consistently""]"	[]	"[""math"", ""pytest"", ""__future__"", ""datetime"", ""market_regime_alpha.research.mr2b_excess""]"	[]	"[""docs/research/R5-Generic-Provider-Export-Adapter.md"", ""docs/archive/superpowers/plans/2026-07-18-wp4a2-entry-path-as-of-evidence-correction.md"", ""docs/archive/superpowers/plans/2026-07-18-wp4a1-entry-path-temporal-price-lineage-hardening.md""]"	[]	4601	139	536064007cf08b9ac7019443cc13a6c017d0b569	2026-07-18T18:29:23+08:00	feat: add exact-context and multi-seed Candidate excess evidence
tests/research/test_mr2b_f2a.py	TEST	FULL_TEXT_READ		test	"[""_population"", ""_context"", ""_baseline_rows"", ""_null_summary"", ""test_daily_excess_binds_all_input_identities_and_uses_daily_differences"", ""test_daily_excess_rejects_cross_identity_join"", ""test_primary_comparison_is_descriptive_input_only""]"	[]	"[""pytest"", ""__future__"", ""datetime"", ""zoneinfo"", ""market_regime_alpha.research.mr2b_context"", ""market_regime_alpha.research.mr2b_excess"", ""market_regime_alpha.research.mr2b_f2a"", ""market_regime_alpha.research.prr_artifact_schemas""]"	[]	"[""docs/Dividend-T-Platform.md"", ""docs/development/WP-0-Close-B1-Verification.md"", ""docs/specs/DailyResearchSnapshot.md"", ""docs/architecture/R3-R4-Minimal-Research-Spine.md"", ""docs/research/R5-Candidate-Dataset-Builder-Status.md"", ""docs/research/Daily-Quant-Selection-and-Manual-Trading-Research-Program.md"", ""docs/constitution/07-Validation-Constitution.md"", ""docs/constitution/02-Architecture-Blueprint.md"", ""docs/archive/superpowers/plans/2026-07-16-wp3-candidate-directional-accuracy.md""]"	[]	6763	199	536064007cf08b9ac7019443cc13a6c017d0b569	2026-07-18T18:29:23+08:00	feat: add exact-context and multi-seed Candidate excess evidence
tests/research/test_mr2b_f2a_artifacts.py	TEST	FULL_TEXT_READ		test	"[""_content_hash"", ""_bar"", ""_verified_inputs"", ""_publish"", ""_rewrite_checksums"", ""test_f2a_artifact_has_exact_files_and_is_semantically_verified"", ""test_publisher_has_no_caller_supplied_primary_or_coverage_channel"", ""test_reader_rejects_checksum_valid_semantic_table_tamper"", ""test_reader_rejects_checksum_valid_primary_projection_tamper"", ""test_reader_rejects_checksum_valid_identity_and_limitation_tamper"", ""test_reader_rejects_checksum_valid_run_identity_tamper"", ""test_reader_rejects_checksum_valid_coverage_tamper"", ""test_reader_requires_matching_verified_upstream_inputs""]"	[]	"[""json"", ""pandas"", ""pytest"", ""__future__"", ""dataclasses"", ""datetime"", ""hashlib"", ""pathlib"", ""zoneinfo"", ""market_regime_alpha.research.mr1_candidate_baselines"", ""market_regime_alpha.research.mr1_research_runner"", ""market_regime_alpha.research.mr2b_context"", ""market_regime_alpha.research.mr2b_f2a"", ""market_regime_alpha.research.mr2b_f2a_artifacts"", ""market_regime_alpha.research.mr2b_f2a_reader"", ""market_regime_alpha.research.prr_artifact_reader"", ""market_regime_alpha.research.tencent_composite_contracts""]"	[]	"[""docs/MACD-Research-Audit.md"", ""docs/Tushare-App.md"", ""docs/Sell-Side-Model-Spec.md"", ""docs/Data-Spec.md"", ""docs/Dividend-T-Platform.md"", ""docs/Formal-Data-Source-Capability-Audit.md"", ""docs/Formal-MACD-Dataset-Builder-Plan.md"", ""docs/specs/Xuntou-P0-Native-Field-Mapping.md"", ""docs/architecture/R1-Legacy-Characterization.md"", ""docs/research/R5-Generic-Provider-Export-Adapter.md"", ""docs/research/R5-Current-Status.md"", ""docs/constitution/09-Glossary.md"", ""docs/constitution/08-Roadmap.md"", ""docs/constitution/04-Data-Constitution.md"", ""docs/constitution/02-Architecture-Blueprint.md"", ""docs/archive/superpowers/specs/2026-07-13-macd-signal-intent-design.md"", ""docs/archive/superpowers/specs/2026-07-18-wp4a1-entry-path-temporal-price-lineage-hardening-design.md"", ""docs/archive/superpowers/plans/2026-07-16-wp4a-entry-path-targets.md"", ""docs/archive/superpowers/plans/2026-07-16-tencent-composite-exploratory-r5.md"", ""docs/archive/superpowers/plans/2026-07-18-wp4a2-entry-path-as-of-evidence-correction.md"", ""docs/archive/superpowers/plans/2026-07-13-macd-signal-intent-implementation.md"", ""docs/archive/superpowers/plans/2026-07-18-wp4a1-entry-path-temporal-price-lineage-hardening.md""]"	[]	12595	343	536064007cf08b9ac7019443cc13a6c017d0b569	2026-07-18T18:29:23+08:00	feat: add exact-context and multi-seed Candidate excess evidence
tests/research/test_mr2b_f2b_artifacts.py	TEST	FULL_TEXT_READ		test	"[""_hash"", ""_upstreams"", ""_results"", ""_publish"", ""_rewrite_checksums"", ""test_verified_reader_reconstructs_f2b_from_verified_inputs"", ""test_checksum_valid_parquet_semantic_tampering_fails"", ""test_checksum_valid_json_semantic_tampering_fails"", ""test_wrong_f2a_binding_fails_closed""]"	[]	"[""json"", ""pandas"", ""pytest"", ""dataclasses"", ""datetime"", ""hashlib"", ""pathlib"", ""market_regime_alpha.research.mr2b_context"", ""market_regime_alpha.research.mr2b_f2a_reader"", ""market_regime_alpha.research.mr2b_f2b"", ""market_regime_alpha.research.mr2b_f2b_artifacts"", ""market_regime_alpha.research.mr2b_f2b_competing_events"", ""market_regime_alpha.research.mr2b_f2b_primary"", ""market_regime_alpha.research.mr2b_f2b_protocol"", ""market_regime_alpha.research.mr2b_f2b_reader"", ""market_regime_alpha.research.mr2b_f2b_statistics"", ""market_regime_alpha.research.prr_artifact_reader""]"	[]	"[""docs/Data-Spec.md"", ""docs/Formal-MACD-Dataset-Builder-Plan.md"", ""docs/specs/Xuntou-P0-Native-Field-Mapping.md"", ""docs/specs/ETFDirectionSnapshot.md"", ""docs/specs/DailyResearchSnapshot.md"", ""docs/specs/PositionSnapshot.md"", ""docs/specs/ThemeDirectionSnapshot.md"", ""docs/specs/Xuntou-PIT-Validation-Bundle-V4.md"", ""docs/specs/DailyReviewReport.md"", ""docs/specs/CapitalContextSnapshot.md"", ""docs/research/R5-Generic-Provider-Export-Adapter.md"", ""docs/research/Daily-Quant-Selection-and-Manual-Trading-Research-Program.md"", ""docs/research/R5-Provider-Rehearsal-Market-Artifact.md"", ""docs/constitution/09-Glossary.md"", ""docs/constitution/04-Data-Constitution.md"", ""docs/constitution/07-Validation-Constitution.md"", ""docs/constitution/02-Architecture-Blueprint.md"", ""docs/archive/superpowers/specs/2026-07-13-macd-signal-intent-design.md"", ""docs/archive/superpowers/plans/2026-07-16-wp4a-entry-path-targets.md"", ""docs/archive/superpowers/plans/2026-07-16-tencent-composite-exploratory-r5.md"", ""docs/archive/superpowers/plans/2026-07-13-macd-signal-intent-implementation.md"", ""docs/archive/superpowers/plans/2026-07-18-wp4a1-entry-path-temporal-price-lineage-hardening.md"", ""docs/archive/superpowers/plans/2026-07-16-wp3-provider-routing-and-candidate-runs.md""]"	[]	9101	211	6645b38b1b5caa64b4325ad8522e9897a7de8c3f	2026-07-18T20:09:49+08:00	feat: close MR-2B directional statistical validation
tests/research/test_mr2b_f2b_competing_events.py	TEST	FULL_TEXT_READ		test	"[""test_competing_events_keep_ambiguous_separate_and_do_not_assess_primary"", ""test_competing_event_rates_keep_all_four_outcomes_and_explicit_denominators""]"	[]	"[""market_regime_alpha.research.mr2b_f2b_competing_events""]"	[]	[]	[]	2520	66	6645b38b1b5caa64b4325ad8522e9897a7de8c3f	2026-07-18T20:09:49+08:00	feat: close MR-2B directional statistical validation
tests/research/test_mr2b_f2b_primary.py	TEST	FULL_TEXT_READ		test	"[""_evidence"", ""test_negative_effect_never_promotes_by_absolute_magnitude"", ""test_positive_but_subfloor_effect_is_not_supported"", ""test_slice_shortage_is_insufficient_evidence"", ""test_temporal_concentration_and_panel_failures_are_explicit""]"	[]	"[""market_regime_alpha.research.mr2b_f2b_primary""]"	[]	"[""docs/specs/FailureReasonTaxonomy.md"", ""docs/specs/ExitAssessment.md"", ""docs/specs/Entry-Path-Target-V1.md"", ""docs/specs/HoldingAssessment.md"", ""docs/architecture/Original-Intent-to-R5-Eligibility-Readiness-Audit.md"", ""docs/architecture/04-Data-and-Time-Semantics.md"", ""docs/research/R5-Generic-Provider-Export-Adapter.md"", ""docs/research/R5-Current-Status.md"", ""docs/archive/superpowers/specs/2026-07-16-wp4a-entry-path-targets-design.md"", ""docs/archive/superpowers/specs/2026-07-16-wp3-provider-routing-and-candidate-runs-design.md"", ""docs/archive/superpowers/specs/2026-07-18-wp4a1-entry-path-temporal-price-lineage-hardening-design.md"", ""docs/archive/superpowers/plans/2026-07-16-wp4a-entry-path-targets.md"", ""docs/archive/superpowers/plans/2026-07-18-wp4a2-entry-path-as-of-evidence-correction.md"", ""docs/archive/superpowers/plans/2026-07-18-wp4a1-entry-path-temporal-price-lineage-hardening.md""]"	[]	2076	59	6645b38b1b5caa64b4325ad8522e9897a7de8c3f	2026-07-18T20:09:49+08:00	feat: close MR-2B directional statistical validation
tests/research/test_mr2b_f2b_protocol.py	TEST	FULL_TEXT_READ		test	"[""test_frozen_protocol_is_directional_and_identified"", ""test_protocol_identity_is_payload_sensitive_and_rejects_two_sided""]"	[]	"[""pytest"", ""dataclasses"", ""market_regime_alpha.research.mr2b_f2b_protocol""]"	[]	[]	[]	1156	31	6645b38b1b5caa64b4325ad8522e9897a7de8c3f	2026-07-18T20:09:49+08:00	feat: close MR-2B directional statistical validation
tests/research/test_mr2b_f2b_secondary.py	TEST	FULL_TEXT_READ		test	"[""test_benjamini_hochberg_is_monotone_bounded_and_restores_order""]"	[]	"[""pytest"", ""market_regime_alpha.research.mr2b_f2b_secondary""]"	[]	[]	[]	385	11	6645b38b1b5caa64b4325ad8522e9897a7de8c3f	2026-07-18T20:09:49+08:00	feat: close MR-2B directional statistical validation
tests/research/test_mr2b_f2b_statistics.py	TEST	FULL_TEXT_READ		test	"[""_rows"", ""test_moving_block_bootstrap_is_paired_order_stable_and_deterministic"", ""test_circular_shift_uses_one_sided_direction_without_absolute_value"", ""test_temporal_and_concentration_diagnostics_use_complete_date_order""]"	[]	"[""pytest"", ""datetime"", ""market_regime_alpha.research.mr2b_context"", ""market_regime_alpha.research.mr2b_f2b_statistics""]"	[]	"[""docs/archive/superpowers/plans/2026-07-16-tencent-composite-exploratory-r5.md""]"	[]	2675	70	6645b38b1b5caa64b4325ad8522e9897a7de8c3f	2026-07-18T20:09:49+08:00	feat: close MR-2B directional statistical validation
tests/research/test_mr2b_f2b_v2_artifacts.py	TEST	FULL_TEXT_READ		test	"[""_hash"", ""_upstreams"", ""_insufficient_results"", ""_publish"", ""_rewrite_checksums"", ""test_insufficient_run_publishes_empty_fixed_schema_distributions"", ""test_checksum_valid_v2_semantic_tamper_fails""]"	[]	"[""json"", ""pandas"", ""pytest"", ""hashlib"", ""pathlib"", ""market_regime_alpha.research.mr2b_f2a_reader"", ""market_regime_alpha.research.mr2b_f2b_primary"", ""market_regime_alpha.research.mr2b_f2b_statistics"", ""market_regime_alpha.research.mr2b_f2b_v2"", ""market_regime_alpha.research.mr2b_f2b_v2_artifacts"", ""market_regime_alpha.research.mr2b_f2b_v2_competing_events"", ""market_regime_alpha.research.mr2b_f2b_v2_protocol"", ""market_regime_alpha.research.mr2b_f2b_v2_reader"", ""market_regime_alpha.research.mr2b_f2b_v2_statistics"", ""market_regime_alpha.research.prr_artifact_reader""]"	[]	"[""docs/Data-Spec.md"", ""docs/Formal-MACD-Dataset-Builder-Plan.md"", ""docs/specs/Xuntou-P0-Native-Field-Mapping.md"", ""docs/specs/ETFDirectionSnapshot.md"", ""docs/specs/DailyResearchSnapshot.md"", ""docs/specs/PositionSnapshot.md"", ""docs/specs/ThemeDirectionSnapshot.md"", ""docs/specs/Xuntou-PIT-Validation-Bundle-V4.md"", ""docs/specs/DailyReviewReport.md"", ""docs/specs/CapitalContextSnapshot.md"", ""docs/research/R5-Generic-Provider-Export-Adapter.md"", ""docs/research/Daily-Quant-Selection-and-Manual-Trading-Research-Program.md"", ""docs/research/R5-Provider-Rehearsal-Market-Artifact.md"", ""docs/constitution/09-Glossary.md"", ""docs/constitution/04-Data-Constitution.md"", ""docs/constitution/07-Validation-Constitution.md"", ""docs/constitution/02-Architecture-Blueprint.md"", ""docs/archive/superpowers/specs/2026-07-13-macd-signal-intent-design.md"", ""docs/archive/superpowers/plans/2026-07-16-wp4a-entry-path-targets.md"", ""docs/archive/superpowers/plans/2026-07-16-tencent-composite-exploratory-r5.md"", ""docs/archive/superpowers/plans/2026-07-13-macd-signal-intent-implementation.md"", ""docs/archive/superpowers/plans/2026-07-18-wp4a1-entry-path-temporal-price-lineage-hardening.md"", ""docs/archive/superpowers/plans/2026-07-16-wp3-provider-routing-and-candidate-runs.md""]"	[]	6027	139	9e32673c2d53416e07d355f6d6b101c35e2a97ab	2026-07-18T21:04:51+08:00	fix: harden MR-2B low-coverage and path-diagnostic semantics
tests/research/test_mr2b_f2b_v2_competing_events.py	TEST	FULL_TEXT_READ		test	"[""test_competing_event_missing_counts_are_bound_to_each_scope""]"	[]	"[""market_regime_alpha.research.mr2b_f2b_competing_events"", ""market_regime_alpha.research.mr2b_f2b_v2_competing_events""]"	[]	[]	[]	1814	52	9e32673c2d53416e07d355f6d6b101c35e2a97ab	2026-07-18T21:04:51+08:00	fix: harden MR-2B low-coverage and path-diagnostic semantics
tests/research/test_mr2b_f2b_v2_primary.py	TEST	FULL_TEXT_READ		test	"[""test_insufficient_coverage_produces_assessment_without_statistics"", ""test_gate_thresholds_come_from_protocol""]"	[]	"[""market_regime_alpha.research.mr2b_f2b_v2_primary"", ""market_regime_alpha.research.mr2b_f2b_v2_protocol"", ""market_regime_alpha.research.mr2b_f2b_v2_statistics""]"	[]	[]	[]	1745	32	9e32673c2d53416e07d355f6d6b101c35e2a97ab	2026-07-18T21:04:51+08:00	fix: harden MR-2B low-coverage and path-diagnostic semantics
tests/research/test_mr2b_f2b_v2_protocol.py	TEST	FULL_TEXT_READ		test	"[""test_v2_protocol_freezes_all_statistical_parameters"", ""test_every_execution_parameter_changes_protocol_identity""]"	[]	"[""pytest"", ""dataclasses"", ""market_regime_alpha.research.mr2b_f2b_v2_protocol""]"	[]	[]	[]	1115	32	9e32673c2d53416e07d355f6d6b101c35e2a97ab	2026-07-18T21:04:51+08:00	fix: harden MR-2B low-coverage and path-diagnostic semantics
tests/research/test_mr2b_f2b_v2_statistics.py	TEST	FULL_TEXT_READ		test	"[""test_low_up_slice_is_assessed_before_statistics"", ""test_flat_and_unavailable_dates_remain_visible_in_coverage""]"	[]	"[""market_regime_alpha.research.mr2b_f2b_statistics"", ""market_regime_alpha.research.mr2b_f2b_v2_statistics"", ""market_regime_alpha.research.mr2b_f2b_v2_protocol""]"	[]	[]	[]	1178	23	9e32673c2d53416e07d355f6d6b101c35e2a97ab	2026-07-18T21:04:51+08:00	fix: harden MR-2B low-coverage and path-diagnostic semantics
tests/research/test_mr2b_f2b_v3_artifacts.py	TEST	FULL_TEXT_READ		test	"[""_hash"", ""_upstreams"", ""_insufficient_results"", ""_publish"", ""_rewrite_checksums"", ""test_insufficient_run_publishes_empty_fixed_schema_distributions"", ""test_checksum_valid_v3_semantic_tamper_fails"", ""test_checksum_valid_inexact_implementation_module_map_fails"", ""test_checksum_valid_unbound_v2_projection_fails""]"	[]	"[""json"", ""pandas"", ""pytest"", ""hashlib"", ""pathlib"", ""market_regime_alpha.research.mr2b_f2a_reader"", ""market_regime_alpha.research.mr2b_f2b_primary"", ""market_regime_alpha.research.mr2b_f2b_statistics"", ""market_regime_alpha.research.mr2b_f2b_v3"", ""market_regime_alpha.research.mr2b_f2b_v3_artifacts"", ""market_regime_alpha.research.mr2b_f2b_v3_competing_events"", ""market_regime_alpha.research.mr2b_f2b_v3_protocol"", ""market_regime_alpha.research.mr2b_f2b_v3_reader"", ""market_regime_alpha.research.mr2b_f2b_v3_statistics"", ""market_regime_alpha.research.prr_artifact_reader""]"	[]	"[""docs/Data-Spec.md"", ""docs/Formal-MACD-Dataset-Builder-Plan.md"", ""docs/specs/Xuntou-P0-Native-Field-Mapping.md"", ""docs/specs/ETFDirectionSnapshot.md"", ""docs/specs/DailyResearchSnapshot.md"", ""docs/specs/PositionSnapshot.md"", ""docs/specs/ThemeDirectionSnapshot.md"", ""docs/specs/Xuntou-PIT-Validation-Bundle-V4.md"", ""docs/specs/DailyReviewReport.md"", ""docs/specs/CapitalContextSnapshot.md"", ""docs/research/R5-Generic-Provider-Export-Adapter.md"", ""docs/research/Daily-Quant-Selection-and-Manual-Trading-Research-Program.md"", ""docs/research/R5-Provider-Rehearsal-Market-Artifact.md"", ""docs/constitution/09-Glossary.md"", ""docs/constitution/04-Data-Constitution.md"", ""docs/constitution/07-Validation-Constitution.md"", ""docs/constitution/02-Architecture-Blueprint.md"", ""docs/archive/superpowers/specs/2026-07-13-macd-signal-intent-design.md"", ""docs/archive/superpowers/plans/2026-07-16-wp4a-entry-path-targets.md"", ""docs/archive/superpowers/plans/2026-07-16-tencent-composite-exploratory-r5.md"", ""docs/archive/superpowers/plans/2026-07-13-macd-signal-intent-implementation.md"", ""docs/archive/superpowers/plans/2026-07-18-wp4a1-entry-path-temporal-price-lineage-hardening.md"", ""docs/archive/superpowers/plans/2026-07-16-wp3-provider-routing-and-candidate-runs.md""]"	[]	7913	186	b1726393a1ff7747807f1cacfb52f299fecb5911	2026-07-22T22:05:27+08:00	fix: close post-merge research Artifact identity reviews (#9)
tests/research/test_mr2b_f2b_v3_reader.py	TEST	FULL_TEXT_READ		test	"[""test_verifier_registry_is_not_part_of_f2b_v3_statistical_identity""]"	[]	"[""market_regime_alpha.research.mr2b_f2b_v3_artifacts""]"	[]	[]	[]	651	18	871f35781baeb29b12f41fc04b2a54b285d54a1f	2026-07-18T23:52:35+08:00	feat: harden versioned research Artifact identities
tests/research/test_mr2b_multiseed.py	TEST	FULL_TEXT_READ		test	"[""_rankings"", ""_targets"", ""_evidence"", ""test_multiseed_is_deterministic_under_ranking_input_order"", ""test_quantiles_use_documented_linear_r7_method"", ""test_empirical_percentile_uses_midrank_ties"", ""test_seed_17_exactly_reconciles_to_verified_mr1"", ""test_seeds_do_not_inflate_daily_summary_sample_count"", ""test_seed_contract_rejects_empty_duplicate_or_unsorted_values"", ""test_close_cash_lock_applies_to_every_seed_without_fake_return_selection""]"	[]	"[""pytest"", ""__future__"", ""datetime"", ""market_regime_alpha.research.mr1_candidate_baselines"", ""market_regime_alpha.research.mr2b_multiseed"", ""market_regime_alpha.research.prr_mvp_1"", ""market_regime_alpha.research.prr_artifact_schemas""]"	[]	"[""docs/specs/FailureReasonTaxonomy.md"", ""docs/specs/ExitAssessment.md"", ""docs/specs/Entry-Path-Target-V1.md"", ""docs/specs/HoldingAssessment.md"", ""docs/architecture/Original-Intent-to-R5-Eligibility-Readiness-Audit.md"", ""docs/architecture/04-Data-and-Time-Semantics.md"", ""docs/research/R5-Candidate-Dataset-Builder-Status.md"", ""docs/research/R5-Generic-Provider-Export-Adapter.md"", ""docs/research/R5-Current-Status.md"", ""docs/constitution/05-Factor-Constitution.md"", ""docs/archive/superpowers/specs/2026-07-16-wp4a-entry-path-targets-design.md"", ""docs/archive/superpowers/specs/2026-07-16-wp3-provider-routing-and-candidate-runs-design.md"", ""docs/archive/superpowers/specs/2026-07-18-wp4a1-entry-path-temporal-price-lineage-hardening-design.md"", ""docs/archive/superpowers/plans/2026-07-16-wp4a-entry-path-targets.md"", ""docs/archive/superpowers/plans/2026-07-16-tencent-composite-exploratory-r5.md"", ""docs/archive/superpowers/plans/2026-07-18-wp4a2-entry-path-as-of-evidence-correction.md"", ""docs/archive/superpowers/plans/2026-07-18-wp4a1-entry-path-temporal-price-lineage-hardening.md""]"	[]	8833	252	536064007cf08b9ac7019443cc13a6c017d0b569	2026-07-18T18:29:23+08:00	feat: add exact-context and multi-seed Candidate excess evidence
tests/research/test_mr2b_verifier_registry.py	TEST	FULL_TEXT_READ		test	"[""test_registry_keeps_historical_v1_and_current_v2_verifiers"", ""test_duplicate_verifier_registration_fails_closed""]"	[]	"[""pytest"", ""market_regime_alpha.research.mr2b_verifier_registry""]"	[]	[]	[]	713	19	9e32673c2d53416e07d355f6d6b101c35e2a97ab	2026-07-18T21:04:51+08:00	fix: harden MR-2B low-coverage and path-diagnostic semantics
tests/research/test_pit_partition_seal.py	TEST	FULL_TEXT_READ		test	"[""test_validation_partition_cannot_overlap_development"", ""test_sealed_partition_cannot_be_resealed"", ""test_partition_session_outside_frozen_range_fails"", ""test_persisted_partition_has_exactly_one_first_open""]"	[]	"[""pytest"", ""datetime"", ""market_regime_alpha.research.pit_partition_v2"", ""tests.research.pit_replication_v2_fixtures""]"	[]	[]	[]	3390	88	96e41a12d86b3b5f7472c2d4e44011736b087b6b	2026-07-22T23:34:40+08:00	fix: harden sealed PIT Candidate replication semantics (#11)
tests/research/test_pit_partition_specification.py	TEST	FULL_TEXT_READ		test	"[""test_partition_requires_explicit_date_range""]"	[]	"[""pytest"", ""datetime"", ""market_regime_alpha.research.pit_partition_v2""]"	[]	[]	[]	520	14	191e9c31d338d8d81a78332111059b50b3de2a60	2026-07-19T00:38:16+08:00	feat: implement sealed PIT Candidate replication pipeline (#8)
tests/research/test_pit_replication_artifacts.py	TEST	FULL_TEXT_READ		test	"[""test_missing_xuntou_bundle_publishes_immutable_blocker_artifact""]"	[]	"[""json"", ""pytest"", ""pathlib"", ""market_regime_alpha.research.pit_replication_artifacts"", ""market_regime_alpha.research.pit_replication_preflight"", ""market_regime_alpha.research.pit_replication_protocol""]"	[]	[]	[]	1221	29	5d19cee4a1dac4651c71a569a3a45d2a84b2b0df	2026-07-18T21:40:07+08:00	feat: establish PIT Candidate replication validation foundation
tests/research/test_pit_replication_preflight.py	TEST	FULL_TEXT_READ		test	"[""test_missing_bundle_is_explicit_external_input_blocker"", ""test_current_watchlist_cannot_masquerade_as_pit"", ""test_missing_xuntou_never_selects_tencent_fallback""]"	[]	"[""json"", ""pathlib"", ""market_regime_alpha.research.pit_replication_preflight""]"	[]	[]	[]	1244	34	5d19cee4a1dac4651c71a569a3a45d2a84b2b0df	2026-07-18T21:40:07+08:00	feat: establish PIT Candidate replication validation foundation
tests/research/test_pit_replication_protocol.py	TEST	FULL_TEXT_READ		test	"[""test_protocol_freezes_b1e_without_context_or_winner_selection"", ""test_partition_id_overlap_fails_closed"", ""test_feature_ablation_contract_cannot_use_validation_for_tuning""]"	[]	"[""pytest"", ""dataclasses"", ""market_regime_alpha.research.pit_replication_protocol""]"	[]	[]	[]	1407	38	5d19cee4a1dac4651c71a569a3a45d2a84b2b0df	2026-07-18T21:40:07+08:00	feat: establish PIT Candidate replication validation foundation
tests/research/test_pit_replication_reader.py	TEST	FULL_TEXT_READ		test	"[""_hash"", ""_rewrite"", ""test_blocker_reader_reconstructs_preflight_and_identity"", ""test_checksum_valid_blocker_semantic_tamper_fails""]"	[]	"[""json"", ""pytest"", ""hashlib"", ""pathlib"", ""market_regime_alpha.research.pit_replication_artifacts"", ""market_regime_alpha.research.pit_replication_preflight"", ""market_regime_alpha.research.pit_replication_protocol"", ""market_regime_alpha.research.pit_replication_reader""]"	[]	"[""docs/Data-Spec.md"", ""docs/Formal-MACD-Dataset-Builder-Plan.md"", ""docs/specs/Xuntou-P0-Native-Field-Mapping.md"", ""docs/specs/ETFDirectionSnapshot.md"", ""docs/specs/DailyResearchSnapshot.md"", ""docs/specs/PositionSnapshot.md"", ""docs/specs/ThemeDirectionSnapshot.md"", ""docs/specs/Xuntou-PIT-Validation-Bundle-V4.md"", ""docs/specs/DailyReviewReport.md"", ""docs/specs/CapitalContextSnapshot.md"", ""docs/research/R5-Generic-Provider-Export-Adapter.md"", ""docs/research/Daily-Quant-Selection-and-Manual-Trading-Research-Program.md"", ""docs/research/R5-Provider-Rehearsal-Market-Artifact.md"", ""docs/constitution/09-Glossary.md"", ""docs/constitution/07-Validation-Constitution.md"", ""docs/archive/superpowers/specs/2026-07-13-macd-signal-intent-design.md"", ""docs/archive/superpowers/plans/2026-07-16-wp4a-entry-path-targets.md"", ""docs/archive/superpowers/plans/2026-07-16-tencent-composite-exploratory-r5.md"", ""docs/archive/superpowers/plans/2026-07-13-macd-signal-intent-implementation.md"", ""docs/archive/superpowers/plans/2026-07-18-wp4a1-entry-path-temporal-price-lineage-hardening.md"", ""docs/archive/superpowers/plans/2026-07-16-wp3-provider-routing-and-candidate-runs.md""]"	[]	1885	47	5d19cee4a1dac4651c71a569a3a45d2a84b2b0df	2026-07-18T21:40:07+08:00	feat: establish PIT Candidate replication validation foundation
tests/research/test_pit_replication_runner.py	TEST	FULL_TEXT_READ		test	"[""test_unknown_buyability_never_enters_candidate_population"", ""test_matched_k_must_use_same_population"", ""test_current_membership_backfill_is_rejected"", ""test_duplicate_population_and_non_contiguous_rank_fail_closed"", ""test_population_date_without_rankings_fails_closed"", ""test_empty_well_formed_input_cannot_bypass_minimum_evidence_gate""]"	[]	"[""pytest"", ""market_regime_alpha.research.pit_replication_runner""]"	[]	[]	[]	3879	69	5d19cee4a1dac4651c71a569a3a45d2a84b2b0df	2026-07-18T21:40:07+08:00	feat: establish PIT Candidate replication validation foundation
tests/research/test_pit_replication_v2_artifacts.py	TEST	FULL_TEXT_READ		test	"[""_results"", ""test_success_artifact_is_immutable_and_test_only"", ""test_cost_contract_changes_semantic_run_identity"", ""test_publisher_rejects_invalid_first_open_receipt""]"	[]	"[""json"", ""pytest"", ""__future__"", ""dataclasses"", ""pathlib"", ""market_regime_alpha.research.pit_replication_success_v2"", ""market_regime_alpha.research.pit_replication_success_v2_artifacts"", ""market_regime_alpha.research.pit_replication_success_v2_protocol"", ""tests.research.pit_replication_v2_fixtures""]"	[]	"[""docs/archive/superpowers/plans/2026-07-16-tencent-composite-exploratory-r5.md""]"	[]	2881	76	96e41a12d86b3b5f7472c2d4e44011736b087b6b	2026-07-22T23:34:40+08:00	fix: harden sealed PIT Candidate replication semantics (#11)
tests/research/test_pit_replication_v2_features.py	TEST	FULL_TEXT_READ		test	"[""test_b1e_rankings_are_reconstructed_from_feature_evidence"", ""test_late_feature_evidence_fails_closed"", ""test_changed_model_spec_hash_is_rejected"", ""test_explicit_missing_feature_does_not_inflate_model_population""]"	[]	"[""pytest"", ""dataclasses"", ""market_regime_alpha.research.pit_replication_success_v2"", ""market_regime_alpha.research.pit_replication_success_v2_features"", ""market_regime_alpha.research.pit_replication_success_v2_protocol"", ""tests.research.pit_replication_v2_fixtures""]"	[]	[]	[]	2410	62	96e41a12d86b3b5f7472c2d4e44011736b087b6b	2026-07-22T23:34:40+08:00	fix: harden sealed PIT Candidate replication semantics (#11)
tests/research/test_pit_replication_v2_identity.py	TEST	FULL_TEXT_READ		test	"[""test_pit_v2_identity_owns_an_exact_implementation_module_set"", ""test_pit_v2_status_schemas_have_distinct_exact_file_sets""]"	[]	"[""pytest"", ""market_regime_alpha.research.pit_replication_v2_artifacts"", ""market_regime_alpha.research.pit_replication_v2_preflight"", ""market_regime_alpha.research.pit_replication_v2_protocol"", ""market_regime_alpha.research.prr_artifact_schemas""]"	[]	[]	[]	1802	44	871f35781baeb29b12f41fc04b2a54b285d54a1f	2026-07-18T23:52:35+08:00	feat: harden versioned research Artifact identities
tests/research/test_pit_replication_v2_invalid_artifact.py	TEST	FULL_TEXT_READ		test	"[""_hash"", ""_rewrite_checksums"", ""test_invalid_v2_artifact_preserves_and_verifies_rejection_reasons"", ""test_missing_bundle_publishes_verified_blocked_v2_artifact"", ""test_v4_missing_bundle_publishes_verified_blocked_v2_artifact"", ""test_checksum_valid_manifest_authority_tamper_fails"", ""test_checksum_valid_preflight_identity_tamper_fails""]"	[]	"[""json"", ""pytest"", ""hashlib"", ""pathlib"", ""market_regime_alpha.research.pit_replication_preflight"", ""market_regime_alpha.research.pit_replication_v2_artifacts"", ""market_regime_alpha.research.pit_replication_v2_preflight"", ""market_regime_alpha.research.pit_replication_v2_protocol"", ""market_regime_alpha.research.pit_replication_v2_reader""]"	[]	"[""docs/Data-Spec.md"", ""docs/Formal-MACD-Dataset-Builder-Plan.md"", ""docs/specs/Xuntou-P0-Native-Field-Mapping.md"", ""docs/specs/ETFDirectionSnapshot.md"", ""docs/specs/DailyResearchSnapshot.md"", ""docs/specs/PositionSnapshot.md"", ""docs/specs/ThemeDirectionSnapshot.md"", ""docs/specs/Xuntou-PIT-Validation-Bundle-V4.md"", ""docs/specs/DailyReviewReport.md"", ""docs/specs/CapitalContextSnapshot.md"", ""docs/research/R5-Generic-Provider-Export-Adapter.md"", ""docs/research/Daily-Quant-Selection-and-Manual-Trading-Research-Program.md"", ""docs/research/R5-Provider-Rehearsal-Market-Artifact.md"", ""docs/constitution/09-Glossary.md"", ""docs/constitution/07-Validation-Constitution.md"", ""docs/archive/superpowers/specs/2026-07-13-macd-signal-intent-design.md"", ""docs/archive/superpowers/plans/2026-07-16-wp4a-entry-path-targets.md"", ""docs/archive/superpowers/plans/2026-07-16-tencent-composite-exploratory-r5.md"", ""docs/archive/superpowers/plans/2026-07-13-macd-signal-intent-implementation.md"", ""docs/archive/superpowers/plans/2026-07-18-wp4a1-entry-path-temporal-price-lineage-hardening.md"", ""docs/archive/superpowers/plans/2026-07-16-wp3-provider-routing-and-candidate-runs.md""]"	[]	5186	138	b1726393a1ff7747807f1cacfb52f299fecb5911	2026-07-22T22:05:27+08:00	fix: close post-merge research Artifact identity reviews (#9)
tests/research/test_pit_replication_v2_protocol.py	TEST	FULL_TEXT_READ		test	"[""test_ranking_target_and_1030_evaluation_endpoint_are_distinct"", ""test_cost_model_change_changes_protocol_identity"", ""test_statistical_governance_changes_protocol_identity""]"	[]	"[""pytest"", ""dataclasses"", ""market_regime_alpha.research.pit_replication_success_v2_protocol""]"	[]	[]	[]	1551	42	191e9c31d338d8d81a78332111059b50b3de2a60	2026-07-19T00:38:16+08:00	feat: implement sealed PIT Candidate replication pipeline (#8)
tests/research/test_pit_replication_v2_reader.py	TEST	FULL_TEXT_READ		test	"[""_digest"", ""_rewrite_checksums"", ""_published"", ""_json_tamper"", ""_parquet_tamper"", ""test_checksum_valid_semantic_tampering_is_rejected"", ""test_verified_success_result_is_typed_and_semantically_reconstructed"", ""test_checksum_valid_population_lineage_tampering_is_rejected""]"	[]	"[""json"", ""pandas"", ""pytest"", ""__future__"", ""hashlib"", ""pathlib"", ""typing"", ""market_regime_alpha.research.pit_replication_success_v2_reader"", ""market_regime_alpha.research.pit_replication_success_v2_runner"", ""market_regime_alpha.research.pit_replication_v2_reader"", ""tests.research.pit_replication_v2_fixtures""]"	[]	[]	[]	4394	124	96e41a12d86b3b5f7472c2d4e44011736b087b6b	2026-07-22T23:34:40+08:00	fix: harden sealed PIT Candidate replication semantics (#11)
tests/research/test_pit_replication_v2_runner.py	TEST	FULL_TEXT_READ		test	"[""test_available_test_input_executes_success_path_without_placeholder"", ""test_unknown_orderability_never_enters_population"", ""test_missing_real_bundle_publishes_v4_bound_blocker"", ""test_missing_bundle_is_semantically_verified_before_return"", ""test_available_materialization_uses_preflight_derived_provider_identity""]"	[]	"[""json"", ""pytest"", ""dataclasses"", ""datetime"", ""pathlib"", ""market_regime_alpha.research.pit_replication_success_v2_runner"", ""market_regime_alpha.research.prr_artifact_schemas"", ""market_regime_alpha.research.xuntou_pit_v4_evidence"", ""market_regime_alpha.research.xuntou_pit_v4_preflight"", ""market_regime_alpha.research.xuntou_pit_v4_qualification"", ""tests.research.pit_replication_v2_fixtures""]"	[]	[]	[]	6493	180	96e41a12d86b3b5f7472c2d4e44011736b087b6b	2026-07-22T23:34:40+08:00	fix: harden sealed PIT Candidate replication semantics (#11)
tests/research/test_pit_replication_v2_statistics.py	TEST	FULL_TEXT_READ		test	"[""test_matched_k_covers_every_date_and_all_256_seeds""]"	[]	"[""market_regime_alpha.research.pit_replication_success_v2"", ""market_regime_alpha.research.pit_replication_success_v2_protocol"", ""tests.research.pit_replication_v2_fixtures""]"	[]	[]	[]	951	20	191e9c31d338d8d81a78332111059b50b3de2a60	2026-07-19T00:38:16+08:00	feat: implement sealed PIT Candidate replication pipeline (#8)
tests/research/test_provider_candidate_runner.py	TEST	FULL_TEXT_READ		test	"[""_at"", ""_market_artifact"", ""_policy"", ""test_provider_candidate_run_evaluates_three_targets"", ""test_unknown_buyability_preserves_truthful_empty_population"", ""test_provider_candidate_runner_rejects_weaker_v1_policy"", ""test_provider_candidate_runner_rejects_same_named_but_weakened_v2_policy""]"	[]	"[""pytest"", ""__future__"", ""datetime"", ""zoneinfo"", ""market_regime_alpha.core.identity"", ""market_regime_alpha.core.time"", ""market_regime_alpha.data"", ""market_regime_alpha.data.rehearsal"", ""market_regime_alpha.data.trading_calendar"", ""market_regime_alpha.research.provider_candidate_runner"", ""market_regime_alpha.research.provider_rehearsal_market_artifact"", ""market_regime_alpha.universe.artifacts"", ""market_regime_alpha.universe.eligibility_policy""]"	[]	"[""docs/Dividend-T-Platform.md"", ""docs/退神股票涨跌理论-量化实现差距分析.md"", ""docs/development/WP-0-Close-B1-Verification.md"", ""docs/specs/Xuntou-P0-Native-Field-Mapping.md"", ""docs/specs/DailyResearchSnapshot.md"", ""docs/specs/Xuntou-PIT-Field-Mapping-V4.md"", ""docs/specs/ManualTradeRecord.md"", ""docs/specs/CandidateRecommendation.md"", ""docs/specs/ExitAssessment.md"", ""docs/specs/Entry-Path-Target-V1.md"", ""docs/specs/DailyReviewReport.md"", ""docs/specs/EntryAssessment.md"", ""docs/specs/HoldingAssessment.md"", ""docs/specs/RecommendationOutcome.md"", ""docs/architecture/R2-Minimal-V2-Kernel.md"", ""docs/architecture/Original-Intent-to-R3-R4-Consistency-Audit.md"", ""docs/architecture/Original-Intent-to-Current-Docs-and-Codex-Readiness-Audit.md"", ""docs/architecture/04-Data-and-Time-Semantics.md"", ""docs/research/R5-Xuntou-P0-Official-Documentation-Evidence.md"", ""docs/research/R5-Xuntou-P0-Adapter-Status.md"", ""docs/research/R5-Generic-Provider-Export-Adapter.md"", ""docs/research/R5-Versioned-Trading-Eligibility-Policy.md"", ""docs/research/PIT-Validation-Partition-Governance.md"", ""docs/research/Daily-Quant-Selection-and-Manual-Trading-Research-Program.md"", ""docs/research/R5-Provider-Rehearsal-Market-Artifact.md"", ""docs/research/R5-Provider-Rehearsal-Trading-Eligibility-Policy-v2.md"", ""docs/research/R5-Current-Status.md"", ""docs/constitution/06-Strategy-Constitution.md"", ""docs/constitution/05-Factor-Constitution.md"", ""docs/constitution/09-Glossary.md""]"	[]	9865	254	712ec8568806284a154232ccc71ddf9dedc305c3	2026-07-16T21:31:07+08:00	fix: close WP-3 verification gaps
tests/research/test_provider_export_adapter.py	TEST	FULL_TEXT_READ		test	"[""_bundle"", ""test_generic_provider_export_adapter_builds_rehearsal_artifact_and_v2_eligibility"", ""test_source_artifact_order_does_not_change_identity"", ""test_missing_explicit_availability_time_is_rejected"", ""test_naive_datetime_is_rejected_instead_of_assuming_timezone"", ""test_unknown_buyability_enum_is_rejected"", ""test_non_finite_numeric_values_are_rejected""]"	[]	"[""pytest"", ""__future__"", ""copy"", ""math"", ""market_regime_alpha.core.time"", ""market_regime_alpha.data.contracts"", ""market_regime_alpha.research.provider_export_adapter"", ""market_regime_alpha.universe.contracts"", ""market_regime_alpha.universe.eligibility_policy""]"	[]	"[""docs/runbooks/Xuntou-PIT-Validation-Export.md"", ""docs/research/R5-Candidate-Dataset-Builder-Status.md"", ""docs/archive/superpowers/plans/2026-07-16-tencent-composite-exploratory-r5.md"", ""docs/archive/superpowers/plans/2026-07-16-wp3-provider-routing-and-candidate-runs.md""]"	[]	6879	180	e51099c988ff53d88b0c84265857979d93090b86	2026-07-15T18:44:08+08:00	test: cover strict generic provider export adapter
tests/research/test_provider_rehearsal_market_artifact.py	TEST	FULL_TEXT_READ		test	"[""_calendar"", ""_universe"", ""_source_artifacts"", ""_raw_eligibility"", ""_build"", ""test_provider_rehearsal_artifact_is_deterministic_and_rehearsal_only"", ""test_result_affecting_availability_convention_changes_artifact_identity"", ""test_provider_rehearsal_artifact_materializes_v2_eligibility"", ""test_missing_provider_v2_evidence_remains_unknown"", ""test_source_artifact_provider_must_be_declared""]"	[]	"[""pytest"", ""__future__"", ""datetime"", ""zoneinfo"", ""market_regime_alpha.core.identity"", ""market_regime_alpha.core.time"", ""market_regime_alpha.data.contracts"", ""market_regime_alpha.data.rehearsal"", ""market_regime_alpha.data.trading_calendar"", ""market_regime_alpha.research.provider_rehearsal_market_artifact"", ""market_regime_alpha.universe.artifacts"", ""market_regime_alpha.universe.contracts"", ""market_regime_alpha.universe.eligibility_policy""]"	[]	"[""docs/Formal-MACD-Dataset-Builder-Plan.md"", ""docs/specs/Xuntou-P0-Native-Field-Mapping.md"", ""docs/specs/ETFDirectionSnapshot.md"", ""docs/architecture/R3-R4-Minimal-Research-Spine.md"", ""docs/architecture/01-Domain-Boundaries.md"", ""docs/research/R5-Xuntou-P0-Official-Documentation-Evidence.md"", ""docs/research/R5-Candidate-Dataset-Builder-Status.md"", ""docs/research/R5-Generic-Provider-Export-Adapter.md"", ""docs/research/Daily-Quant-Selection-and-Manual-Trading-Research-Program.md"", ""docs/research/R5-Provider-Rehearsal-Trading-Eligibility-Policy-v2.md"", ""docs/research/R5-Current-Status.md"", ""docs/constitution/08-Roadmap.md"", ""docs/constitution/04-Data-Constitution.md"", ""docs/constitution/07-Validation-Constitution.md"", ""docs/status/Capability-Matrix.md"", ""docs/archive/superpowers/plans/2026-07-16-wp4a-entry-path-targets.md"", ""docs/archive/superpowers/plans/2026-07-16-tencent-composite-exploratory-r5.md"", ""docs/archive/superpowers/plans/2026-07-18-wp4a2-entry-path-as-of-evidence-correction.md"", ""docs/archive/superpowers/plans/2026-07-13-macd-signal-intent-implementation.md"", ""docs/archive/superpowers/plans/2026-07-18-wp4a1-entry-path-temporal-price-lineage-hardening.md"", ""docs/references/providers/xuntou/README.md""]"	[]	9802	255	a45e51efc4dd6e18a605b4775ece68fb3e703c88	2026-07-16T22:51:05+08:00	chore: fix repository test collection and Ruff baseline
tests/research/test_provider_routing.py	TEST	FULL_TEXT_READ		test	"[""_report"", ""test_auto_prefers_available_xuntou"", ""test_auto_uses_tencent_only_when_xuntou_is_unavailable"", ""test_invalid_xuntou_fails_closed_without_tencent_fallback"", ""test_rehearsal_requirement_rejects_tencent"", ""test_explicit_modes_select_only_the_requested_source"", ""test_explicit_unavailable_source_does_not_try_the_other_source"", ""test_no_available_source_is_explicit"", ""test_formal_research_is_never_routable"", ""test_decision_identity_is_deterministic_and_input_sensitive"", ""test_capability_report_rejects_evidence_overlap""]"	[]	"[""pytest"", ""__future__"", ""dataclasses"", ""market_regime_alpha.data"", ""market_regime_alpha.research.provider_routing""]"	[]	"[""docs/Dividend-T-Platform.md"", ""docs/archive/superpowers/specs/2026-07-16-tencent-composite-exploratory-r5-design.md"", ""docs/archive/superpowers/plans/2026-07-16-tencent-composite-exploratory-r5.md"", ""docs/archive/superpowers/plans/2026-07-13-macd-signal-intent-implementation.md"", ""docs/archive/superpowers/plans/2026-07-16-wp3-provider-routing-and-candidate-runs.md""]"	[]	9509	271	d5273e2e71485bcfcb88cb17d797cbaa622648e1	2026-07-16T20:51:35+08:00	feat: add authority-aware provider routing
tests/research/test_prr_artifact_reader.py	TEST	FULL_TEXT_READ		test	"[""_digest"", ""_checksums"", ""_dataset"", ""_target_rows"", ""_mr1_run"", ""_load_mr1"", ""_rewrite_parquet"", ""test_verified_dataset_preserves_rejected_quality_evidence"", ""test_dataset_checksum_tamper_fails_closed"", ""test_dataset_cross_table_ranking_invariants_fail_closed"", ""test_verified_mr1_run_fails_closed_for_any_protected_table"", ""test_verified_mr1_run_rejects_dataset_id_mismatch"", ""test_mr1_baseline_duplicate_key_fails_after_valid_checksum"", ""test_mr1_baseline_incomplete_cardinality_fails"", ""test_mr1_baseline_weight_must_reconcile"", ""test_mr1_baseline_gross_and_net_rows_must_share_selection_semantics"", ""test_mr1_close_cash_lock_must_match_model_equity"", ""test_mr1_daily_equity_dates_must_match_baselines"", ""test_mr1_manifest_required_artifacts_must_match_contract"", ""test_dataset_reader_enforces_ranking_eligibility_semantics"", ""test_mr1_selection_symbol_outside_population_fails_closed"", ""test_mr1_selection_slot_tamper_fails_closed_after_rechecksum"", ""test_mr1_baseline_selected_count_must_match_selection_rows""]"	[]	"[""json"", ""pandas"", ""pytest"", ""__future__"", ""datetime"", ""hashlib"", ""pathlib"", ""zoneinfo"", ""market_regime_alpha.research.mr1_candidate_baselines"", ""market_regime_alpha.research.prr_artifact_reader"", ""market_regime_alpha.research.prr_artifact_schemas"", ""market_regime_alpha.research.prr_mvp_1""]"	[]	"[""docs/Formal-MACD-Dataset-Builder-Plan.md"", ""docs/specs/RecommendationOutcome.md"", ""docs/architecture/R3-R4-Minimal-Research-Spine.md"", ""docs/architecture/PRR-MVP-1-Reproducible-Candidate-Backtest.md"", ""docs/architecture/R1-Legacy-Characterization.md"", ""docs/research/R5-Candidate-Dataset-Builder-Status.md"", ""docs/research/R5-Generic-Provider-Export-Adapter.md"", ""docs/constitution/08-Roadmap.md"", ""docs/constitution/04-Data-Constitution.md"", ""docs/constitution/07-Validation-Constitution.md"", ""docs/archive/superpowers/specs/2026-07-18-wp4a2-entry-path-as-of-evidence-correction-design.md"", ""docs/archive/superpowers/specs/2026-07-18-wp4a1-entry-path-temporal-price-lineage-hardening-design.md"", ""docs/archive/superpowers/plans/2026-07-16-wp4a-entry-path-targets.md"", ""docs/archive/superpowers/plans/2026-07-16-tencent-composite-exploratory-r5.md"", ""docs/archive/superpowers/plans/2026-07-18-wp4a2-entry-path-as-of-evidence-correction.md"", ""docs/archive/superpowers/plans/2026-07-16-wp3-candidate-directional-accuracy.md"", ""docs/archive/superpowers/plans/2026-07-13-macd-signal-intent-implementation.md"", ""docs/archive/superpowers/plans/2026-07-18-wp4a1-entry-path-temporal-price-lineage-hardening.md""]"	[]	17811	483	50082506a549abb7f9859a801e7a88fc2d1ea964	2026-07-18T15:04:52+08:00	feat: add reproducible Candidate replay and morning-pop research
tests/research/test_prr_mvp_1.py	TEST	FULL_TEXT_READ		test	"[""_execution"", ""_candidate_data"", ""test_cost_config_rejects_negative_assumptions"", ""test_replay_is_chronological_cash_constrained_and_net_of_costs"", ""test_failure_artifact_is_non_overwriting_and_hashed""]"	[]	"[""pytest"", ""__future__"", ""datetime"", ""pathlib"", ""types"", ""zoneinfo"", ""market_regime_alpha.research.prr_mvp_1"", ""market_regime_alpha.research.prr_mvp_1_artifacts"", ""market_regime_alpha.research.tencent_composite_contracts""]"	[]	"[""docs/specs/DailyReviewReport.md"", ""docs/research/Daily-Quant-Selection-and-Manual-Trading-Research-Program.md"", ""docs/archive/superpowers/plans/2026-07-13-macd-signal-intent-implementation.md"", ""docs/archive/superpowers/plans/2026-07-16-wp3-provider-routing-and-candidate-runs.md""]"	[]	4604	142	50082506a549abb7f9859a801e7a88fc2d1ea964	2026-07-18T15:04:52+08:00	feat: add reproducible Candidate replay and morning-pop research
tests/research/test_r5_baseline_runner.py	TEST	FULL_TEXT_READ		test	"[""_dataset"", ""test_fixed_b1_specs_match_the_declared_ablation_ladder"", ""test_shared_runner_evaluates_four_b0_and_five_b1_models"", ""test_shared_runner_marks_mfe_directional_accuracy_not_applicable"", ""test_evaluation_record_is_json_ready_and_does_not_select_a_winner""]"	[]	"[""__future__"", ""datetime"", ""zoneinfo"", ""market_regime_alpha.candidates.dataset"", ""market_regime_alpha.candidates.directional_accuracy"", ""market_regime_alpha.candidates.rehearsal_opportunity_targets"", ""market_regime_alpha.candidates.rehearsal_targets"", ""market_regime_alpha.core.identity"", ""market_regime_alpha.core.status"", ""market_regime_alpha.core.time"", ""market_regime_alpha.data"", ""market_regime_alpha.features.rehearsal_baselines"", ""market_regime_alpha.research.r5_baseline_runner""]"	[]	"[""docs/Formal-MACD-Dataset-Builder-Plan.md"", ""docs/specs/RecommendationOutcome.md"", ""docs/architecture/R3-R4-Minimal-Research-Spine.md"", ""docs/architecture/PRR-MVP-1-Reproducible-Candidate-Backtest.md"", ""docs/architecture/R1-Legacy-Characterization.md"", ""docs/research/R5-Candidate-Dataset-Builder-Status.md"", ""docs/research/R5-Generic-Provider-Export-Adapter.md"", ""docs/constitution/08-Roadmap.md"", ""docs/constitution/04-Data-Constitution.md"", ""docs/constitution/07-Validation-Constitution.md"", ""docs/archive/superpowers/specs/2026-07-18-wp4a2-entry-path-as-of-evidence-correction-design.md"", ""docs/archive/superpowers/specs/2026-07-18-wp4a1-entry-path-temporal-price-lineage-hardening-design.md"", ""docs/archive/superpowers/plans/2026-07-16-wp4a-entry-path-targets.md"", ""docs/archive/superpowers/plans/2026-07-16-tencent-composite-exploratory-r5.md"", ""docs/archive/superpowers/plans/2026-07-18-wp4a2-entry-path-as-of-evidence-correction.md"", ""docs/archive/superpowers/plans/2026-07-16-wp3-candidate-directional-accuracy.md"", ""docs/archive/superpowers/plans/2026-07-13-macd-signal-intent-implementation.md"", ""docs/archive/superpowers/plans/2026-07-18-wp4a1-entry-path-temporal-price-lineage-hardening.md"", ""docs/archive/superpowers/plans/2026-07-16-wp3-provider-routing-and-candidate-runs.md""]"	[]	7435	217	5b1c183ac43ca9df3a797082a2e0fd14d3c7f7ac	2026-07-16T22:10:05+08:00	feat: attach directional evidence to R5 baselines
tests/research/test_research_artifact_verifier_registry.py	TEST	FULL_TEXT_READ		test	"[""_Verified"", ""test_new_registry_routes_all_f2b_schema_versions"", ""test_new_registry_rejects_duplicate_registration""]"	[]	"[""pytest"", ""pathlib"", ""types"", ""market_regime_alpha.research.research_artifact_verifier_registry""]"	[]	[]	[]	872	31	871f35781baeb29b12f41fc04b2a54b285d54a1f	2026-07-18T23:52:35+08:00	feat: harden versioned research Artifact identities
tests/research/test_tencent_composite_acquisition.py	TEST	FULL_TEXT_READ		test	"[""_frame"", ""FakeProvider"", ""_quote_fetcher"", ""test_acquirer_records_attempts_hashes_and_all_three_source_partitions"", ""test_failed_source_retains_attempts_and_an_empty_partition"", ""test_partition_hash_uses_canonical_normalized_row_order"", ""test_acquirer_excludes_tencent_after_hours_rows_from_composite_bars""]"	[]	"[""pandas"", ""__future__"", ""datetime"", ""zoneinfo"", ""market_regime_alpha.data_sources.a_share_bars"", ""market_regime_alpha.research.tencent_composite_acquisition"", ""market_regime_alpha.research.tencent_composite_contracts""]"	[]	"[""docs/archive/superpowers/plans/2026-07-16-tencent-composite-exploratory-r5.md"", ""docs/archive/superpowers/plans/2026-07-13-macd-signal-intent-implementation.md""]"	[]	6005	178	22e883343f421fcc6149706e9cec5e730b910884	2026-07-16T16:33:20+08:00	fix: exclude Tencent after-hours composite rows
tests/research/test_tencent_composite_artifacts.py	TEST	FULL_TEXT_READ		test	"[""FakeCandidateRun"", ""_quality"", ""test_writer_creates_complete_non_overwriting_run"", ""test_writer_rejects_non_exploratory_manifest""]"	[]	"[""json"", ""pytest"", ""__future__"", ""datetime"", ""market_regime_alpha.research.tencent_composite_artifacts"", ""market_regime_alpha.research.tencent_composite_contracts""]"	[]	"[""docs/specs/ETFDirectionSnapshot.md"", ""docs/specs/CandidateRecommendation.md"", ""docs/specs/ThemeDirectionSnapshot.md"", ""docs/specs/DailyReviewReport.md"", ""docs/research/Daily-Quant-Selection-and-Manual-Trading-Research-Program.md"", ""docs/constitution/09-Glossary.md"", ""docs/constitution/08-Roadmap.md"", ""docs/constitution/07-Validation-Constitution.md"", ""docs/constitution/02-Architecture-Blueprint.md"", ""docs/constitution/03-Research-Framework.md"", ""docs/archive/superpowers/specs/2026-07-13-macd-signal-intent-design.md"", ""docs/archive/superpowers/plans/2026-07-16-tencent-composite-exploratory-r5.md"", ""docs/archive/superpowers/plans/2026-07-13-macd-signal-intent-implementation.md""]"	[]	3553	116	f063f63eb08827a15b4eeab9f562b499714c00bf	2026-07-16T16:24:02+08:00	feat: write Tencent exploratory run artifacts
tests/research/test_tencent_composite_cli.py	TEST	FULL_TEXT_READ		test	"[""_watchlist"", ""test_cli_runs_candidate_before_dividend_refresh_and_writes_outputs""]"	[]	"[""__future__"", ""datetime"", ""pathlib"", ""types"", ""zoneinfo"", ""market_regime_alpha.core.identity"", ""market_regime_alpha.core.time"", ""market_regime_alpha.data.contracts"", ""scripts""]"	[]	"[""docs/Usage-Manual.md"", ""docs/Dividend-T-Platform.md"", ""docs/archive/superpowers/plans/2026-07-16-tencent-composite-exploratory-r5.md"", ""docs/archive/superpowers/plans/2026-07-13-macd-signal-intent-implementation.md""]"	[]	3352	103	20bf0a7a675a14b974578654f1a6a3fc8bffe086	2026-07-16T16:31:39+08:00	feat: add Tencent composite exploratory runner
tests/research/test_tencent_composite_contracts.py	TEST	FULL_TEXT_READ		test	"[""_session"", ""test_composite_contract_is_exploratory_and_not_pit"", ""test_composite_dataset_identity_is_order_independent_for_source_hashes"", ""test_composite_bar_rejects_invalid_ohlc_and_naive_time"", ""test_quality_success_requires_minimum_symbols_and_sessions"", ""test_prepared_data_requires_unique_session_keys""]"	[]	"[""pytest"", ""__future__"", ""datetime"", ""zoneinfo"", ""market_regime_alpha.data.contracts"", ""market_regime_alpha.research.tencent_composite_contracts""]"	[]	"[""docs/specs/Xuntou-P0-Native-Field-Mapping.md"", ""docs/specs/Entry-Path-Target-V1.md"", ""docs/architecture/Original-Intent-to-R5-Consistency-Audit.md"", ""docs/research/R5-Candidate-Dataset-Builder-Status.md"", ""docs/research/R5-Xuntou-P0-Adapter-Status.md"", ""docs/research/R5-Generic-Provider-Export-Adapter.md"", ""docs/research/R5-Candidate-Discovery-Rehearsal-Charter.md"", ""docs/constitution/04-Data-Constitution.md"", ""docs/constitution/03-Research-Framework.md"", ""docs/archive/superpowers/specs/2026-07-16-wp4a-entry-path-targets-design.md"", ""docs/archive/superpowers/specs/2026-07-18-wp4a2-entry-path-as-of-evidence-correction-design.md"", ""docs/archive/superpowers/specs/2026-07-18-wp4a1-entry-path-temporal-price-lineage-hardening-design.md"", ""docs/archive/superpowers/plans/2026-07-16-wp4a-entry-path-targets.md"", ""docs/archive/superpowers/plans/2026-07-16-tencent-composite-exploratory-r5.md"", ""docs/archive/superpowers/plans/2026-07-18-wp4a2-entry-path-as-of-evidence-correction.md"", ""docs/archive/superpowers/plans/2026-07-13-macd-signal-intent-implementation.md"", ""docs/archive/superpowers/plans/2026-07-18-wp4a1-entry-path-temporal-price-lineage-hardening.md""]"	[]	4777	148	f7e6f49c0a4d9dbe25976c1a57b68556c6f1d29d	2026-07-16T16:03:38+08:00	feat: define Tencent composite exploratory contracts
tests/research/test_tencent_composite_dividend_t.py	TEST	FULL_TEXT_READ		test	"[""_frame"", ""_watchlist"", ""test_composite_frame_provider_exposes_only_accepted_symbols"", ""test_refresh_keeps_candidate_rank_separate_from_dividend_action""]"	[]	"[""pandas"", ""pytest"", ""__future__"", ""datetime"", ""pathlib"", ""zoneinfo"", ""market_regime_alpha.data_sources.a_share_bars"", ""market_regime_alpha.research.tencent_composite_dividend_t""]"	[]	"[""docs/Usage-Manual.md"", ""docs/Dividend-T-Platform.md"", ""docs/archive/superpowers/plans/2026-07-16-tencent-composite-exploratory-r5.md"", ""docs/archive/superpowers/plans/2026-07-13-macd-signal-intent-implementation.md""]"	[]	2316	76	2afbb6b700ef1ce359914aa1a1143ac4fb7db52f	2026-07-16T16:25:37+08:00	feat: refresh dividend T from composite data
tests/research/test_tencent_composite_materialization.py	TEST	FULL_TEXT_READ		test	"[""_prepared_data"", ""_contract"", ""test_materialized_slices_are_exploratory_and_use_retrieval_time_for_targets"", ""test_materializer_uses_prior_sessions_and_current_reference_without_future_features"", ""test_materializer_rejects_stronger_or_pit_dataset_authority""]"	[]	"[""pytest"", ""__future__"", ""dataclasses"", ""datetime"", ""zoneinfo"", ""market_regime_alpha.candidates.rehearsal_opportunity_targets"", ""market_regime_alpha.candidates.rehearsal_targets"", ""market_regime_alpha.core.time"", ""market_regime_alpha.data.contracts"", ""market_regime_alpha.features.rehearsal_baselines"", ""market_regime_alpha.research.tencent_composite_contracts"", ""market_regime_alpha.research.tencent_composite_materialization""]"	[]	"[""docs/specs/Xuntou-PIT-Validation-Bundle-V4.md"", ""docs/architecture/R3-R4-Minimal-Research-Spine.md"", ""docs/architecture/PRR-MVP-1-Reproducible-Candidate-Backtest.md"", ""docs/architecture/R1-Legacy-Characterization.md"", ""docs/research/R5-Xuntou-P0-Official-Documentation-Evidence.md"", ""docs/research/R5-Current-Status.md"", ""docs/constitution/06-Strategy-Constitution.md"", ""docs/constitution/07-Validation-Constitution.md"", ""docs/constitution/02-Architecture-Blueprint.md"", ""docs/archive/superpowers/specs/2026-07-13-macd-signal-intent-design.md"", ""docs/archive/superpowers/plans/2026-07-16-wp4a-entry-path-targets.md"", ""docs/archive/superpowers/plans/2026-07-16-tencent-composite-exploratory-r5.md"", ""docs/archive/superpowers/plans/2026-07-18-wp4a2-entry-path-as-of-evidence-correction.md"", ""docs/archive/superpowers/plans/2026-07-13-macd-signal-intent-implementation.md"", ""docs/archive/superpowers/plans/2026-07-18-wp4a1-entry-path-temporal-price-lineage-hardening.md""]"	[]	5772	162	f2315a030fbaf83ebaa46d0e9e27262fe5c6da98	2026-07-16T16:19:40+08:00	feat: materialize exploratory Tencent Candidate slices
tests/research/test_tencent_composite_merge.py	TEST	FULL_TEXT_READ		test	"[""_bar"", ""_row"", ""test_merge_uses_tencent_for_current_session_local_for_history_and_baostock_for_gaps"", ""test_tencent_rows_outside_current_session_are_ignored"", ""test_local_and_baostock_cannot_substitute_for_missing_current_tencent_rows"", ""test_identical_lower_priority_row_does_not_create_conflict"", ""test_normalize_rejects_duplicate_keys_and_missing_columns"", ""test_normalize_localizes_naive_shanghai_timestamps_and_sorts""]"	[]	"[""pandas"", ""pytest"", ""__future__"", ""datetime"", ""zoneinfo"", ""market_regime_alpha.research.tencent_composite_contracts"", ""market_regime_alpha.research.tencent_composite_merge""]"	[]	"[""docs/MACD-Research-Audit.md"", ""docs/Tushare-App.md"", ""docs/Sell-Side-Model-Spec.md"", ""docs/Data-Spec.md"", ""docs/Dividend-T-Platform.md"", ""docs/Formal-Data-Source-Capability-Audit.md"", ""docs/Formal-MACD-Dataset-Builder-Plan.md"", ""docs/specs/Xuntou-P0-Native-Field-Mapping.md"", ""docs/architecture/R1-Legacy-Characterization.md"", ""docs/research/R5-Generic-Provider-Export-Adapter.md"", ""docs/research/R5-Current-Status.md"", ""docs/constitution/08-Roadmap.md"", ""docs/constitution/04-Data-Constitution.md"", ""docs/constitution/02-Architecture-Blueprint.md"", ""docs/archive/superpowers/specs/2026-07-13-macd-signal-intent-design.md"", ""docs/archive/superpowers/specs/2026-07-18-wp4a1-entry-path-temporal-price-lineage-hardening-design.md"", ""docs/archive/superpowers/plans/2026-07-16-wp4a-entry-path-targets.md"", ""docs/archive/superpowers/plans/2026-07-16-tencent-composite-exploratory-r5.md"", ""docs/archive/superpowers/plans/2026-07-18-wp4a2-entry-path-as-of-evidence-correction.md"", ""docs/archive/superpowers/plans/2026-07-13-macd-signal-intent-implementation.md"", ""docs/archive/superpowers/plans/2026-07-18-wp4a1-entry-path-temporal-price-lineage-hardening.md""]"	[]	4501	132	d0369b9f6f2b0bc2598b584d74bdfbecd3e12536	2026-07-16T16:27:30+08:00	fix: keep current session Tencent-owned
tests/research/test_tencent_composite_quality.py	TEST	FULL_TEXT_READ		test	"[""_symbols"", ""_session_bars"", ""_merge_result"", ""test_session_reference_uses_latest_row_no_later_than_1450"", ""test_quality_gate_fails_below_sixteen_symbols_and_retains_all_dispositions"", ""test_quality_gate_requires_eighty_two_common_complete_sessions"", ""test_missing_reference_bar_rejects_symbol_as_history_gap""]"	[]	"[""pytest"", ""__future__"", ""datetime"", ""zoneinfo"", ""market_regime_alpha.research.tencent_composite_contracts"", ""market_regime_alpha.research.tencent_composite_quality""]"	[]	"[""docs/research/R5-Generic-Provider-Export-Adapter.md"", ""docs/research/R5-Versioned-Trading-Eligibility-Policy.md"", ""docs/archive/superpowers/specs/2026-07-18-wp4a2-entry-path-as-of-evidence-correction-design.md"", ""docs/archive/superpowers/specs/2026-07-18-wp4a1-entry-path-temporal-price-lineage-hardening-design.md"", ""docs/archive/superpowers/plans/2026-07-16-tencent-composite-exploratory-r5.md"", ""docs/archive/superpowers/plans/2026-07-18-wp4a2-entry-path-as-of-evidence-correction.md"", ""docs/archive/superpowers/plans/2026-07-18-wp4a1-entry-path-temporal-price-lineage-hardening.md""]"	[]	4861	141	34c1d94b7ca64673ebf45950edd6b1c21768b54a	2026-07-16T16:12:05+08:00	feat: gate Tencent composite data quality
tests/research/test_tencent_composite_runner.py	TEST	FULL_TEXT_READ		test	"[""_prepared_data"", ""_exploratory_contract"", ""test_b1_ladder_matches_declared_ablation_family"", ""test_candidate_run_evaluates_sixty_dates_for_all_three_targets""]"	[]	"[""__future__"", ""datetime"", ""zoneinfo"", ""market_regime_alpha.core.time"", ""market_regime_alpha.data.contracts"", ""market_regime_alpha.features.rehearsal_baselines"", ""market_regime_alpha.research.tencent_composite_contracts"", ""market_regime_alpha.research.tencent_composite_runner""]"	[]	"[""docs/archive/superpowers/plans/2026-07-16-tencent-composite-exploratory-r5.md"", ""docs/archive/superpowers/plans/2026-07-16-wp3-provider-routing-and-candidate-runs.md""]"	[]	4796	137	fe932810e16bf6e164f9b9966085b61c0c505d61	2026-07-16T20:58:07+08:00	refactor: share fixed R5 baseline evaluation
tests/research/test_wp3_candidate_cli.py	TEST	FULL_TEXT_READ		test	"[""_cli_module"", ""test_parser_defaults_to_auto_exploratory"", ""test_explicit_xuntou_requires_bundle"", ""test_supplied_xuntou_bundle_requires_explicit_liquidity_threshold"", ""test_main_injects_orchestration_without_network_or_snapshot_side_effects"", ""test_failure_artifact_returns_nonzero_exit_code"", ""test_config_hash_changes_with_result_affecting_source_mode"", ""test_config_hash_retains_missing_xuntou_bundle_locator""]"	[]	"[""pytest"", ""__future__"", ""datetime"", ""zoneinfo"", ""market_regime_alpha.data"", ""market_regime_alpha.research.provider_routing""]"	[]	"[""docs/archive/superpowers/plans/2026-07-16-wp3-candidate-directional-accuracy.md"", ""docs/archive/superpowers/plans/2026-07-16-wp3-provider-routing-and-candidate-runs.md""]"	[]	4332	158	712ec8568806284a154232ccc71ddf9dedc305c3	2026-07-16T21:31:07+08:00	fix: close WP-3 verification gaps
tests/research/test_wp3_orchestrator.py	TEST	FULL_TEXT_READ		test	"[""_report"", ""_result"", ""FakeXuntouBackend"", ""FakeTencentBackend"", ""_request"", ""test_valid_xuntou_is_selected_without_executing_tencent"", ""test_absent_xuntou_selects_tencent_for_exploratory_request"", ""test_invalid_xuntou_fails_closed_without_executing_tencent"", ""test_rehearsal_request_rejects_tencent"", ""test_xuntou_empty_population_is_success_not_fallback"", ""test_default_xuntou_preflight_classifies_corrupt_bundle_as_invalid""]"	[]	"[""json"", ""__future__"", ""pathlib"", ""market_regime_alpha.core.identity"", ""market_regime_alpha.data"", ""market_regime_alpha.research.provider_routing"", ""market_regime_alpha.research.wp3_orchestrator""]"	[]	"[""docs/Dividend-T-Platform.md"", ""docs/research/Daily-Quant-Selection-and-Manual-Trading-Research-Program.md"", ""docs/archive/superpowers/specs/2026-07-16-tencent-composite-exploratory-r5-design.md"", ""docs/archive/superpowers/plans/2026-07-16-tencent-composite-exploratory-r5.md"", ""docs/archive/superpowers/plans/2026-07-18-wp4a2-entry-path-as-of-evidence-correction.md"", ""docs/archive/superpowers/plans/2026-07-16-wp3-candidate-directional-accuracy.md"", ""docs/archive/superpowers/plans/2026-07-13-macd-signal-intent-implementation.md"", ""docs/archive/superpowers/plans/2026-07-18-wp4a1-entry-path-temporal-price-lineage-hardening.md"", ""docs/archive/superpowers/plans/2026-07-16-wp3-provider-routing-and-candidate-runs.md""]"	[]	7767	237	b368397f01ded670ef2a8de7a03a2b99e3e08580	2026-07-16T22:10:58+08:00	feat: identify WP-3 directional evaluation protocol
tests/research/test_wp3_public_api.py	TEST	FULL_TEXT_READ		test	"[""test_wp3_public_api_exports_only_intended_composition_contracts"", ""test_directional_diagnostic_public_api_excludes_private_helpers""]"	[]	"[""market_regime_alpha.candidates"", ""market_regime_alpha.research"", ""__future__""]"	[]	"[""docs/archive/superpowers/plans/2026-07-16-wp3-candidate-directional-accuracy.md"", ""docs/archive/superpowers/plans/2026-07-16-wp3-provider-routing-and-candidate-runs.md""]"	[]	1681	48	b368397f01ded670ef2a8de7a03a2b99e3e08580	2026-07-16T22:10:58+08:00	feat: identify WP-3 directional evaluation protocol
tests/research/test_wp3_run_artifacts.py	TEST	FULL_TEXT_READ		test	"[""_payload"", ""test_success_writer_is_complete_hashed_and_non_overwriting"", ""test_empty_candidate_run_retains_explicit_no_evaluation_reason"", ""test_failed_serialization_removes_only_owned_staging_directory"", ""test_failure_writer_contains_no_candidate_evaluation""]"	[]	"[""json"", ""pytest"", ""__future__"", ""hashlib"", ""market_regime_alpha.research.wp3_run_artifacts""]"	[]	"[""docs/research/PIT-Candidate-Replication-Success-Path-V2.md"", ""docs/archive/superpowers/plans/2026-07-16-tencent-composite-exploratory-r5.md"", ""docs/archive/superpowers/plans/2026-07-16-wp3-candidate-directional-accuracy.md"", ""docs/archive/superpowers/plans/2026-07-13-macd-signal-intent-implementation.md"", ""docs/archive/superpowers/plans/2026-07-18-wp4a1-entry-path-temporal-price-lineage-hardening.md"", ""docs/archive/superpowers/plans/2026-07-16-wp3-provider-routing-and-candidate-runs.md""]"	[]	4561	145	d5fd3bc932cba45b1687501cec3cc0bc713675f9	2026-07-16T21:17:41+08:00	feat: write immutable WP-3 run artifacts
tests/research/test_xuntou_pit_v4_adapter.py	TEST	FULL_TEXT_READ		test	"[""test_no_historical_quote_remains_unknown"", ""test_unsuspended_alone_does_not_prove_orderability"", ""test_late_quote_is_not_decision_time_evidence"", ""test_stale_quote_is_not_decision_time_evidence"", ""test_daily_close_cannot_replace_next_session_1030_minute_evidence"", ""test_daily_high_low_cannot_establish_event_order""]"	[]	"[""datetime"", ""market_regime_alpha.research.xuntou_pit_v4_adapter"", ""market_regime_alpha.research.xuntou_pit_v4_contract""]"	[]	[]	[]	3739	111	0d5d4d98bbd75db47304eeb531903f0743e8e9f3	2026-07-22T22:29:31+08:00	fix: derive qualified Xuntou PIT evidence from records (#10)
tests/research/test_xuntou_pit_v4_contract.py	TEST	FULL_TEXT_READ		test	"[""test_source_artifact_rejects_non_content_addressed_identity"", ""test_amount_unit_requires_explicit_native_semantics"", ""test_orderability_enum_does_not_alias_unknown_to_orderable""]"	[]	"[""pytest"", ""datetime"", ""market_regime_alpha.research.xuntou_pit_v4_contract""]"	[]	[]	[]	1660	42	1988bfc052c9cea5e7204d6fe1616bdcba166fac	2026-07-19T00:08:14+08:00	feat: define qualified Xuntou PIT validation evidence
tests/research/test_xuntou_pit_v4_preflight.py	TEST	FULL_TEXT_READ		test	"[""test_missing_bundle_is_explicit_external_blocker"", ""test_v3_bundle_cannot_masquerade_as_v4"", ""test_test_only_fixture_is_not_formal_research_input"", ""test_source_byte_change_changes_preflight_identity"", ""test_boolean_qualification_summary_cannot_unlock_v4_availability"", ""test_complete_content_addressed_evidence_can_reach_available"", ""test_checksum_stale_evidence_section_cannot_reach_available"", ""test_current_membership_records_cannot_reach_available"", ""test_incomplete_0930_1030_path_cannot_reach_available"", ""_qualified_bundle"", ""_section"", ""_finalized_minute_bars"", ""_minute_bar""]"	[]	"[""json"", ""pathlib"", ""market_regime_alpha.research.prr_artifact_schemas"", ""market_regime_alpha.research.xuntou_pit_v4_preflight""]"	[]	[]	[]	13169	332	0d5d4d98bbd75db47304eeb531903f0743e8e9f3	2026-07-22T22:29:31+08:00	fix: derive qualified Xuntou PIT evidence from records (#10)
tests/research/test_xuntou_pit_v4_qualification.py	TEST	FULL_TEXT_READ		test	"[""test_input_self_declaration_cannot_override_missing_membership"", ""test_current_membership_backfill_never_qualifies"", ""test_test_fixture_cannot_create_qualified_market_artifact""]"	[]	"[""pytest"", ""datetime"", ""market_regime_alpha.research.xuntou_pit_v4_contract"", ""market_regime_alpha.research.xuntou_pit_v4_qualification""]"	[]	[]	[]	2683	75	1988bfc052c9cea5e7204d6fe1616bdcba166fac	2026-07-19T00:08:14+08:00	feat: define qualified Xuntou PIT validation evidence
tests/research/test_xuntou_pit_v4_runtime_probe.py	TEST	FULL_TEXT_READ		test	"[""test_runtime_probe_never_infers_semantics_from_method_presence""]"	[]	"[""market_regime_alpha.research.xuntou_pit_v4_runtime""]"	[]	[]	[]	455	9	1988bfc052c9cea5e7204d6fe1616bdcba166fac	2026-07-19T00:08:14+08:00	feat: define qualified Xuntou PIT validation evidence
tests/strategies/__init__.py	TEST	FULL_TEXT_READ	Tests for canonical Strategy bounded contexts.	test	[]	[]	[]	[]	"[""docs/archive/superpowers/plans/2026-07-16-wp4a-entry-path-targets.md""]"	[]	53	2	901bc8a2932b531efa8c8838f78d8633ad41b7f0	2026-07-16T22:57:55+08:00	feat: add Entry path Target contracts
tests/strategies/entry/__init__.py	TEST	FULL_TEXT_READ	Tests for the Entry bounded context.	test	[]	[]	[]	[]	"[""docs/archive/superpowers/plans/2026-07-16-wp4a-entry-path-targets.md""]"	[]	43	2	901bc8a2932b531efa8c8838f78d8633ad41b7f0	2026-07-16T22:57:55+08:00	feat: add Entry path Target contracts
tests/strategies/entry/test_contracts.py	TEST	FULL_TEXT_READ		test	"[""_spec"", ""_observation"", ""test_target_identity_is_deterministic_over_complete_semantics"", ""test_target_identity_changes_with_each_semantic_field"", ""test_barrier_spec_rejects_invalid_semantics"", ""test_observation_accepts_exact_available_ambiguous_missing_and_pending_states"", ""test_observation_uses_and_enforces_v2_schema"", ""test_v2_public_schema_has_no_unproducible_invalid_state"", ""test_observation_rejects_cross_state_and_audit_mismatches"", ""test_observation_rejects_reason_not_permitted_by_status"", ""test_observation_is_immutable""]"	[]	"[""pytest"", ""__future__"", ""dataclasses"", ""datetime"", ""zoneinfo"", ""market_regime_alpha.core.time"", ""market_regime_alpha.strategies.entry""]"	[]	"[""docs/research/R5-Generic-Provider-Export-Adapter.md"", ""docs/archive/superpowers/plans/2026-07-16-wp4a-entry-path-targets.md"", ""docs/archive/superpowers/plans/2026-07-16-tencent-composite-exploratory-r5.md"", ""docs/archive/superpowers/plans/2026-07-18-wp4a2-entry-path-as-of-evidence-correction.md"", ""docs/archive/superpowers/plans/2026-07-18-wp4a1-entry-path-temporal-price-lineage-hardening.md"", ""docs/archive/superpowers/plans/2026-07-16-wp3-provider-routing-and-candidate-runs.md""]"	[]	7430	224	5986dc6ecc71a9285b763e365c9109c2221aa64e	2026-07-18T09:10:09+08:00	fix: complete WP-4A.2 as-of migration
tests/strategies/entry/test_materialization.py	TEST	FULL_TEXT_READ		test	"[""_at"", ""_session"", ""_calendar"", ""_decision_time"", ""_population"", ""_reference"", ""_bar"", ""_suspension"", ""_policy"", ""_coverage"", ""_contract"", ""_materialize"", ""test_existing_barrier_classification_is_preserved"", ""test_dual_touch_and_timeout_are_preserved"", ""test_v2_materialization_stores_v2_schema_and_readiness_policy_id"", ""test_reference_basis_mismatch_fails_closed_and_aligned_basis_passes"", ""test_reference_population_coverage_is_structural"", ""test_direct_bar_is_classified_before_readiness_and_does_not_consume_coverage"", ""test_confirmed_suspension_is_consumed_before_readiness"", ""test_absence_before_readiness_is_not_yet_observed"", ""test_absence_after_readiness_without_coverage_is_not_yet_observed"", ""test_watermark_not_covered_is_not_yet_observed_and_is_consumed"", ""test_covered_missing_bar_is_confirmed_at_coverage_availability"", ""test_future_direct_evidence_fails_closed"", ""test_future_coverage_fails_closed"", ""test_policy_effective_after_decision_fails_closed"", ""test_coverage_requires_calendar_watermark_and_final_availability"", ""test_watermark_after_target_horizon_is_accepted"", ""test_policy_and_coverage_identity_have_consumed_semantics"", ""test_identity_is_order_invariant_and_materialization_validates_id_invariants"", ""test_suspension_bar_conflict_and_calendar_horizon_remain_strict""]"	[]	"[""pytest"", ""__future__"", ""dataclasses"", ""datetime"", ""zoneinfo"", ""market_regime_alpha.candidates"", ""market_regime_alpha.core.identity"", ""market_regime_alpha.core.time"", ""market_regime_alpha.data"", ""market_regime_alpha.strategies.entry""]"	[]	"[""docs/MACD-Research-Audit.md"", ""docs/Tushare-App.md"", ""docs/Sell-Side-Model-Spec.md"", ""docs/Data-Spec.md"", ""docs/Dividend-T-Platform.md"", ""docs/Formal-Data-Source-Capability-Audit.md"", ""docs/Formal-MACD-Dataset-Builder-Plan.md"", ""docs/退神股票涨跌理论-量化实现差距分析.md"", ""docs/development/WP-0-Close-B1-Verification.md"", ""docs/specs/Xuntou-P0-Native-Field-Mapping.md"", ""docs/specs/DailyResearchSnapshot.md"", ""docs/specs/Xuntou-PIT-Field-Mapping-V4.md"", ""docs/specs/ManualTradeRecord.md"", ""docs/specs/CandidateRecommendation.md"", ""docs/specs/ExitAssessment.md"", ""docs/specs/Entry-Path-Target-V1.md"", ""docs/specs/DailyReviewReport.md"", ""docs/specs/EntryAssessment.md"", ""docs/specs/HoldingAssessment.md"", ""docs/specs/RecommendationOutcome.md"", ""docs/architecture/R3-R4-Minimal-Research-Spine.md"", ""docs/architecture/R2-Minimal-V2-Kernel.md"", ""docs/architecture/Original-Intent-to-R3-R4-Consistency-Audit.md"", ""docs/architecture/01-Domain-Boundaries.md"", ""docs/architecture/Original-Intent-to-R5-Consistency-Audit.md"", ""docs/architecture/Original-Intent-to-Current-Docs-and-Codex-Readiness-Audit.md"", ""docs/architecture/R1-Legacy-Characterization.md"", ""docs/architecture/04-Data-and-Time-Semantics.md"", ""docs/research/R5-Xuntou-P0-Official-Documentation-Evidence.md"", ""docs/research/R5-Candidate-Dataset-Builder-Status.md""]"	[]	16798	470	5986dc6ecc71a9285b763e365c9109c2221aa64e	2026-07-18T09:10:09+08:00	fix: complete WP-4A.2 as-of migration
tests/test_a_share_bars.py	TEST	FULL_TEXT_READ		test	"[""FailingProvider"", ""WorkingProvider"", ""IntradayProvider"", ""AShareBarsTests"", ""_FakeXtData""]"	[]	"[""sys"", ""tempfile"", ""unittest"", ""pandas"", ""__future__"", ""pathlib"", ""market_regime_alpha.data_sources.a_share_bars""]"	[]	"[""docs/research/R5-Current-Status.md"", ""docs/archive/superpowers/plans/2026-07-16-tencent-composite-exploratory-r5.md""]"	[]	16388	422	35d4b435c3daf3ee716bef11066d8f6f520c9056	2026-07-16T16:15:53+08:00	feat: acquire identified Tencent composite sources
tests/test_backtesting.py	TEST	FULL_TEXT_READ		test	"[""BacktestingTests""]"	[]	"[""sys"", ""unittest"", ""__future__"", ""pathlib"", ""market_regime_alpha.backtesting""]"	[]	"[""docs/Usage-Manual.md""]"	[]	1180	37	24c8de2b5141d4d6a80d3f23eef1b6d084a48ecd	2026-07-09T00:03:11+08:00	Initial market-regime-alpha migration
tests/test_bar_store.py	TEST	FULL_TEXT_READ		test	"[""BarStoreTests"", ""_temporary_bar_dir"", ""_sample_bars""]"	[]	"[""sys"", ""unittest"", ""pandas"", ""__future__"", ""pathlib"", ""market_regime_alpha.dividend_t.backtest"", ""market_regime_alpha.dividend_t.bar_store""]"	[]	[]	[]	4209	122	24c8de2b5141d4d6a80d3f23eef1b6d084a48ecd	2026-07-09T00:03:11+08:00	Initial market-regime-alpha migration
tests/test_buy_point_quality.py	TEST	FULL_TEXT_READ		test	"[""test_overheat_reasons_flag_uptrend_volume_breakout_inflow_cluster"", ""test_breakout_confirmation_requires_low_heat_follow_through"", ""test_classify_buy_point_subtype_uses_primary_setup_only"", ""test_reporting_subtype_does_not_parse_reason_or_market_features"", ""test_calibrated_buy_win_rate_shrinks_breakout_raw_estimate""]"	[]	"[""__future__"", ""market_regime_alpha.dividend_t.buy_point_quality"", ""market_regime_alpha.dividend_t.signal_intent""]"	[]	"[""docs/archive/superpowers/plans/2026-07-13-macd-signal-intent-implementation.md""]"	[]	2381	68	8f266b240e8ed480f145d81d094ad16085838ef0	2026-07-13T19:02:13+08:00	refactor: preserve timing candidate semantics
tests/test_cosco_timing.py	TEST	FULL_TEXT_READ		test	"[""_bars_for_buy_t"", ""_bars_for_buy_t_with_20d_uptrend"", ""_bars_for_sell_t"", ""_bars_for_sell_t_with_daily_strength"", ""_bars_for_strong_uptrend_near_resistance"", ""_bars_for_breakout_buy"", ""_bars_for_pre_breakout_watch"", ""_bars_for_high_volume_stall"", ""_bars_for_buy_t_with_daily_weakness"", ""_daily_context_rows"", ""_daily_context_rows_from"", ""_bar"", ""CoscoTimingTests""]"	[]	"[""sys"", ""unittest"", ""pandas"", ""__future__"", ""datetime"", ""pathlib"", ""market_regime_alpha.dividend_t.cosco_profile"", ""market_regime_alpha.dividend_t.cosco_timing"", ""market_regime_alpha.dividend_t.cosco_timing_types"", ""market_regime_alpha.dividend_t.macd"", ""market_regime_alpha.dividend_t.models"", ""market_regime_alpha.dividend_t.signal_intent"", ""market_regime_alpha.dividend_t.tuishen_volume_price""]"	[]	"[""docs/archive/superpowers/plans/2026-07-13-macd-signal-intent-implementation.md""]"	[]	19086	425	03548f0e5e91d88815310b0341b5859a857a5a29	2026-07-13T19:33:43+08:00	feat: trace MACD policy in timing backtests
tests/test_dividend_t_app.py	TEST	FULL_TEXT_READ		test	"[""DividendTAppTests"", ""_watchlist_bars""]"	[]	"[""sys"", ""unittest"", ""pandas"", ""__future__"", ""pathlib"", ""unittest.mock"", ""pydantic"", ""market_regime_alpha.data_sources.a_share_bars"", ""market_regime_alpha.web.dividend_t_app"", ""market_regime_alpha.dividend_t.macd""]"	[]	"[""docs/archive/superpowers/plans/2026-07-13-macd-signal-intent-implementation.md""]"	[]	8750	224	541691b67ab8c1a79f0cd1fd78196bdb9aedb752	2026-07-13T18:47:39+08:00	feat: expose neutral MACD model metadata
tests/test_dividend_t_backtest.py	TEST	FULL_TEXT_READ		test	"[""DividendTBacktestTests"", ""_ScriptedEngine"", ""_ScriptedBuyEngine"", ""_ScriptedRiskOnTargetEngine"", ""_ScriptedSoftExitEngine"", ""_ScriptedBuyThenStopEngine"", ""_ScriptedStrongTrendEngine"", ""_ScriptedRebalanceChurnEngine"", ""_ScriptedBreakoutProfitEngine"", ""_short_sample"", ""_risk_on_confirmed_signal"", ""_falling_market_filter"", ""_rising_market_filter"", ""_constant_market_filter""]"	"[""_ScriptedRiskOnTargetEngine""]"	"[""sys"", ""tempfile"", ""unittest"", ""pandas"", ""__future__"", ""dataclasses"", ""datetime"", ""pathlib"", ""types"", ""market_regime_alpha.dividend_t.backtest"", ""market_regime_alpha.dividend_t.market_environment"", ""market_regime_alpha.dividend_t.cosco_timing"", ""market_regime_alpha.dividend_t.macd"", ""market_regime_alpha.dividend_t.macd_experiments"", ""market_regime_alpha.dividend_t.position_sizing"", ""market_regime_alpha.dividend_t.signal_intent""]"	[]	"[""docs/archive/superpowers/plans/2026-07-13-macd-signal-intent-implementation.md""]"	[]	147577	3669	7a1a6b2802af87d98a00ba31882426415d17b486	2026-07-13T21:42:44+08:00	feat: add sealed MACD ablation rehearsal
tests/test_dividend_t_chan.py	TEST	FULL_TEXT_READ		test	"[""ChanStructureTests"", ""_wave_bars""]"	[]	"[""sys"", ""unittest"", ""__future__"", ""pathlib"", ""market_regime_alpha.dividend_t.chan""]"	[]	"[""docs/archive/superpowers/plans/2026-07-13-macd-signal-intent-implementation.md""]"	[]	2870	91	24c8de2b5141d4d6a80d3f23eef1b6d084a48ecd	2026-07-09T00:03:11+08:00	Initial market-regime-alpha migration
tests/test_dividend_t_fundamentals.py	TEST	FULL_TEXT_READ		test	"[""DividendTFundamentalTests"", ""_FakeProvider""]"	[]	"[""sys"", ""tempfile"", ""unittest"", ""pandas"", ""__future__"", ""pathlib"", ""market_regime_alpha.dividend_t.cosco_profile"", ""market_regime_alpha.dividend_t.fundamentals""]"	[]	[]	[]	3783	98	24c8de2b5141d4d6a80d3f23eef1b6d084a48ecd	2026-07-09T00:03:11+08:00	Initial market-regime-alpha migration
tests/test_dividend_t_model.py	TEST	FULL_TEXT_READ		test	"[""DividendTStrategyTests""]"	[]	"[""sys"", ""unittest"", ""__future__"", ""dataclasses"", ""pathlib"", ""market_regime_alpha.dividend_t.models"", ""market_regime_alpha.dividend_t.indicators"", ""market_regime_alpha.dividend_t.macd"", ""market_regime_alpha.dividend_t.scoring"", ""market_regime_alpha.dividend_t.strategy"", ""market_regime_alpha.dividend_t.signal_intent""]"	[]	"[""docs/research/R5-Current-Status.md"", ""docs/archive/superpowers/plans/2026-07-13-macd-signal-intent-implementation.md""]"	[]	18227	445	d99bb899b7397bba0fd3f8095b04449721923f60	2026-07-16T16:41:48+08:00	fix: enforce top-divergence sell risk contract
tests/test_dividend_t_risk.py	TEST	FULL_TEXT_READ		test	"[""DividendTRiskTests""]"	[]	"[""sys"", ""unittest"", ""__future__"", ""pathlib"", ""market_regime_alpha.dividend_t.models"", ""market_regime_alpha.dividend_t.risk""]"	[]	[]	[]	2035	55	24c8de2b5141d4d6a80d3f23eef1b6d084a48ecd	2026-07-09T00:03:11+08:00	Initial market-regime-alpha migration
tests/test_dividend_trend_snapshot.py	TEST	FULL_TEXT_READ		test	"[""DividendTrendSnapshotTests"", ""FakeProvider"", ""FailingProvider""]"	"[""DividendTrendSnapshotTests""]"	"[""sys"", ""tempfile"", ""unittest"", ""pandas"", ""__future__"", ""datetime"", ""pathlib"", ""zoneinfo"", ""market_regime_alpha.data_sources.a_share_bars"", ""market_regime_alpha.dividend_t.trend_snapshot""]"	[]	"[""docs/research/R5-Current-Status.md"", ""docs/archive/superpowers/plans/2026-07-16-tencent-composite-exploratory-r5.md"", ""docs/archive/superpowers/plans/2026-07-13-macd-signal-intent-implementation.md""]"	[]	7384	159	541691b67ab8c1a79f0cd1fd78196bdb9aedb752	2026-07-13T18:47:39+08:00	feat: expose neutral MACD model metadata
tests/test_fetch_baostock_5min_batch.py	TEST	FULL_TEXT_READ		test	"[""FakeBaoStockResult"", ""FakeBaoStock"", ""_normalized_rows"", ""FetchBaoStockBatchTests""]"	[]	"[""importlib.util"", ""sys"", ""tempfile"", ""unittest"", ""pandas"", ""__future__"", ""pathlib""]"	[]	"[""docs/archive/superpowers/plans/2026-07-16-tencent-composite-exploratory-r5.md""]"	[]	5405	145	24c8de2b5141d4d6a80d3f23eef1b6d084a48ecd	2026-07-09T00:03:11+08:00	Initial market-regime-alpha migration
tests/test_formal_dataset_builder.py	TEST	FULL_TEXT_READ		test	"[""test_builder_accepts_only_a_complete_5_to_10_symbol_three_month_rehearsal_bundle"", ""test_builder_rejects_existing_raw_bars_without_explicit_finalization_or_sidecars"", ""_complete_request"", ""_session_times""]"	[]	"[""json"", ""pandas"", ""pytest"", ""__future__"", ""pathlib"", ""market_regime_alpha.dividend_t.formal_dataset_builder"", ""market_regime_alpha.dividend_t.macd""]"	[]	[]	[]	4956	100	b02e93f9eba2c1bfc7d834f00dcf1e7cb984d18f	2026-07-14T09:25:21+08:00	feat: harden research lifecycle and dataset evidence
tests/test_git_publish.py	TEST	FULL_TEXT_READ		test	"[""GitPublishTests"", ""_git""]"	[]	"[""subprocess"", ""sys"", ""tempfile"", ""unittest"", ""__future__"", ""pathlib"", ""market_regime_alpha.dividend_t.git_publish""]"	[]	"[""docs/archive/superpowers/plans/2026-07-16-tencent-composite-exploratory-r5.md""]"	[]	2433	62	7530d0575539f6d5d262f53d56d5ca34637b1137	2026-07-09T01:05:29+08:00	Add local dividend trend publisher
tests/test_grid_25t_test.py	TEST	FULL_TEXT_READ		test	"[""Grid25TTestBacktestTests"", ""_test_config"", ""_bar""]"	[]	"[""sys"", ""unittest"", ""pandas"", ""__future__"", ""pathlib"", ""market_regime_alpha.dividend_t.grid_25t_test""]"	[]	"[""docs/MACD-Research-Audit.md"", ""docs/Tushare-App.md"", ""docs/Sell-Side-Model-Spec.md"", ""docs/Data-Spec.md"", ""docs/Dividend-T-Platform.md"", ""docs/Formal-Data-Source-Capability-Audit.md"", ""docs/Formal-MACD-Dataset-Builder-Plan.md"", ""docs/specs/Xuntou-P0-Native-Field-Mapping.md"", ""docs/architecture/R1-Legacy-Characterization.md"", ""docs/research/R5-Generic-Provider-Export-Adapter.md"", ""docs/research/R5-Current-Status.md"", ""docs/constitution/08-Roadmap.md"", ""docs/constitution/04-Data-Constitution.md"", ""docs/constitution/02-Architecture-Blueprint.md"", ""docs/archive/superpowers/specs/2026-07-13-macd-signal-intent-design.md"", ""docs/archive/superpowers/specs/2026-07-18-wp4a1-entry-path-temporal-price-lineage-hardening-design.md"", ""docs/archive/superpowers/plans/2026-07-16-wp4a-entry-path-targets.md"", ""docs/archive/superpowers/plans/2026-07-16-tencent-composite-exploratory-r5.md"", ""docs/archive/superpowers/plans/2026-07-18-wp4a2-entry-path-as-of-evidence-correction.md"", ""docs/archive/superpowers/plans/2026-07-13-macd-signal-intent-implementation.md"", ""docs/archive/superpowers/plans/2026-07-18-wp4a1-entry-path-temporal-price-lineage-hardening.md""]"	[]	6846	177	24c8de2b5141d4d6a80d3f23eef1b6d084a48ecd	2026-07-09T00:03:11+08:00	Initial market-regime-alpha migration
tests/test_macd.py	TEST	FULL_TEXT_READ		test	"[""rising_closes"", ""test_contract_versions_and_default_config_are_explicit"", ""test_macd_rejects_invalid_integer_config"", ""test_macd_rejects_invalid_nonperiod_config"", ""test_any_invalid_historical_close_invalidates_result"", ""test_warmup_boundary_33_34_35"", ""test_first_ready_bar_does_not_recognize_pre_warmup_cross"", ""test_recursive_ema_matches_fixed_recurrence"", ""test_recursive_ema_matches_pandas_adjust_false"", ""test_macd_series_matches_pandas_adjust_false"", ""test_fixed_close_sequence_matches_golden_macd_values"", ""test_repeated_calculation_is_reproducible"", ""test_histogram_trend_uses_absolute_magnitude_and_absolute_tolerance"", ""test_zero_axis_uses_strict_unrounded_values"", ""test_cross_age_increments_without_refresh_and_expires"", ""test_cross_window_edges_and_most_recent_direction"", ""test_cross_requires_a_real_strict_transition_but_allows_previous_equality"", ""test_zero_histogram_and_neutral_states_score_exactly_50"", ""test_score_breakdown_reports_each_bullish_component"", ""test_score_clamps_extreme_component_total"", ""test_display_rounding_is_downstream_of_cross_and_score"", ""test_neutral_result_rejects_ready_reason"", ""test_result_invariants_reject_inconsistent_cross_age"", ""test_result_invariants_reject_inconsistent_score_breakdown"", ""test_result_metadata_defaults_are_versioned_and_formal""]"	[]	"[""pandas"", ""pytest"", ""__future__"", ""dataclasses"", ""market_regime_alpha.dividend_t.macd""]"	[]	"[""docs/archive/superpowers/specs/2026-07-13-macd-signal-intent-design.md"", ""docs/archive/superpowers/plans/2026-07-13-macd-signal-intent-implementation.md""]"	[]	11740	308	e2d7a5ce2b312b51fcc294d1ec9ff2f5149c0684	2026-07-13T16:56:53+08:00	feat: add reproducible MACD calculation
tests/test_macd_bars.py	TEST	FULL_TEXT_READ		test	"[""prepare"", ""test_formal_input_requires_explicit_finalized_source_status"", ""test_unclosed_five_minute_bar_is_excluded"", ""test_bar_at_evaluation_time_still_requires_finalized_status"", ""test_expected_missing_bar_is_not_forward_filled"", ""test_verified_suspension_is_not_reported_as_gap"", ""test_start_labeled_or_auction_bar_is_rejected_by_interval_end_contract"", ""test_duplicate_bar_timestamp_is_rejected"", ""test_a_share_session_has_no_lunch_or_overnight_placeholders"", ""test_point_in_time_split_adjustment_removes_false_jump"", ""test_cash_and_share_actions_are_applied_in_effective_time_order"", ""test_future_corporate_action_does_not_change_earlier_snapshot"", ""test_incomplete_corporate_action_source_blocks_formal_macd"", ""test_invalid_effective_adjustment_blocks_formal_macd"", ""test_invalid_raw_close_preserves_invalid_close_reason"", ""test_calculation_records_last_closed_bar_time_without_same_bar_lookahead"", ""test_prepare_rejects_config_mismatch_at_calculation_boundary""]"	[]	"[""pandas"", ""pytest"", ""__future__"", ""market_regime_alpha.dividend_t.macd"", ""market_regime_alpha.dividend_t.macd_bars""]"	[]	"[""docs/architecture/PRR-MVP-1-Reproducible-Candidate-Backtest.md"", ""docs/research/MR-1-Overnight-Morning-Pop-Signal-Validation.md"", ""docs/constitution/09-Glossary.md"", ""docs/constitution/04-Data-Constitution.md"", ""docs/archive/superpowers/plans/2026-07-16-tencent-composite-exploratory-r5.md"", ""docs/archive/superpowers/plans/2026-07-16-xuntou-p0-native-adapter.md"", ""docs/archive/superpowers/plans/2026-07-13-macd-signal-intent-implementation.md""]"	[]	11944	333	9ee08f3242abb4ffecfcf642b225c1a15a378985	2026-07-13T17:01:08+08:00	feat: enforce closed-bar MACD inputs
tests/test_macd_event_rehearsal.py	TEST	FULL_TEXT_READ		test	"[""test_controlled_rehearsal_exercises_non_empty_four_arm_events_and_intents"", ""test_controlled_rehearsal_writes_immutable_rehearsal_artifact""]"	[]	"[""json"", ""__future__"", ""collections"", ""pathlib"", ""market_regime_alpha.dividend_t.macd_event_rehearsal"", ""market_regime_alpha.dividend_t.macd_experiments""]"	[]	[]	[]	2765	62	9f46f5ec73d36fd9243b1f5f46e948b1cb7a38ba	2026-07-14T00:29:29+08:00	feat: add research sell lifecycle rehearsal
tests/test_macd_experiments.py	TEST	FULL_TEXT_READ		test	"[""identity_fixture"", ""test_canonical_identity_contains_required_fields"", ""test_every_result_affecting_field_changes_experiment_hash"", ""test_set_order_float_none_and_enum_serialization_are_stable"", ""test_four_profiles_have_distinct_hashes_and_baseline_stays_disabled"", ""test_canonical_cache_path_ignores_profile_label_and_uses_full_hash"", ""test_cache_validates_internal_config_hash"", ""test_old_cache_cannot_be_read_as_macd_experiment"", ""test_counterfactual_event_classifies_score_policy_and_interaction"", ""test_counterfactual_resolver_receives_raw_next_bar_object"", ""test_metrics_report_net_benefit_and_keep_hard_risk_separate"", ""test_intent_buckets_separate_buy_sell_and_risk_enforcement"", ""test_factorial_attribution_separates_score_policy_and_interaction"", ""test_four_arm_context_requires_same_data_splits_execution_and_seed"", ""event_fixture"", ""_minimal_signal""]"	[]	"[""pandas"", ""pytest"", ""__future__"", ""dataclasses"", ""pathlib"", ""market_regime_alpha.dividend_t.backtest"", ""market_regime_alpha.dividend_t.macd"", ""market_regime_alpha.dividend_t.macd_experiments"", ""market_regime_alpha.dividend_t.signal_intent""]"	[]	"[""docs/architecture/R2-Minimal-V2-Kernel.md"", ""docs/architecture/R1-Legacy-Characterization.md"", ""docs/archive/superpowers/plans/2026-07-13-macd-signal-intent-implementation.md""]"	[]	14674	387	7a1a6b2802af87d98a00ba31882426415d17b486	2026-07-13T21:42:44+08:00	feat: add sealed MACD ablation rehearsal
tests/test_macd_oos.py	TEST	FULL_TEXT_READ		test	"[""test_dataset_manifest_is_content_addressed_over_bars_and_point_in_time_sidecars"", ""test_dataset_manifest_records_missing_and_provisional_bars_without_filling"", ""test_data_split_hash_covers_ranges_symbol_holdout_and_policy_version"", ""test_data_split_rejects_overlapping_time_ranges"", ""test_four_arm_validation_allows_only_score_and_policy_experiment_variables"", ""test_immutable_artifact_is_atomic_checksummed_and_never_overwritten"", ""test_failed_artifact_write_leaves_no_completed_or_partial_run"", ""test_readiness_requires_every_gate_and_a_formal_dataset"", ""test_test_segment_is_sealed_without_explicit_final_test_flag"", ""test_run_manifest_records_reproducibility_and_all_four_config_hashes"", ""test_runner_exposes_no_force_overwrite_option"", ""_manifest_for"", ""_split_fixture"", ""_four_arm_fixtures"", ""_write_bars"", ""_write_json""]"	[]	"[""json"", ""subprocess"", ""sys"", ""pandas"", ""pytest"", ""__future__"", ""dataclasses"", ""pathlib"", ""market_regime_alpha.dividend_t.macd"", ""market_regime_alpha.dividend_t.macd"", ""market_regime_alpha.dividend_t.macd_bars"", ""market_regime_alpha.dividend_t.macd_experiments"", ""market_regime_alpha.dividend_t.macd_oos"", ""market_regime_alpha.dividend_t.backtest"", ""market_regime_alpha.dividend_t.signal_intent""]"	[]	[]	[]	15856	382	7a1a6b2802af87d98a00ba31882426415d17b486	2026-07-13T21:42:44+08:00	feat: add sealed MACD ablation rehearsal
tests/test_market_environment.py	TEST	FULL_TEXT_READ		test	"[""MarketEnvironmentTests"", ""_market_frame"", ""_composite_market_frame""]"	[]	"[""sys"", ""unittest"", ""pandas"", ""__future__"", ""pathlib"", ""market_regime_alpha.dividend_t.market_environment""]"	[]	[]	[]	7167	194	24c8de2b5141d4d6a80d3f23eef1b6d084a48ecd	2026-07-09T00:03:11+08:00	Initial market-regime-alpha migration
tests/test_notifications.py	TEST	FULL_TEXT_READ		test	"[""FakeResponse"", ""NotificationsTests""]"	[]	"[""json"", ""sys"", ""unittest"", ""__future__"", ""pathlib"", ""market_regime_alpha.notifications""]"	[]	[]	[]	2666	82	24c8de2b5141d4d6a80d3f23eef1b6d084a48ecd	2026-07-09T00:03:11+08:00	Initial market-regime-alpha migration
tests/test_point_hit_rate.py	TEST	FULL_TEXT_READ		test	"[""test_point_hit_rate_is_explicitly_legacy_diagnostic_only"", ""test_point_type_for_action_classifies_buy_and_sell_points"", ""test_build_point_hit_rate_events_uses_1_3_5_day_forward_returns"", ""test_summarize_point_hit_rate_events_returns_point_and_action_views""]"	[]	"[""pandas"", ""__future__"", ""types"", ""market_regime_alpha.dividend_t.point_hit_rate""]"	[]	[]	[]	3647	98	3604d4e22699ffc2e89d0133c1516565df3934c1	2026-07-14T00:24:26+08:00	feat: harden sell-side audit contracts
tests/test_sell_side.py	TEST	FULL_TEXT_READ		test	"[""test_each_research_sell_action_has_one_frozen_contract"", ""test_sell_action_map_is_total_and_does_not_relax_intent_enforcement_contract"", ""test_research_lifecycle_selector_prioritizes_hard_risk_then_atr_profit_and_time_exit"", ""test_research_execution_state_unlocks_t1_and_tracks_partial_buyback_expiry_and_hard_risk_cancel"", ""test_buyback_trade_day_expiry_skips_weekend_and_selector_shadow_covers_new_actions""]"	[]	"[""pytest"", ""__future__"", ""market_regime_alpha.dividend_t.backtest"", ""market_regime_alpha.dividend_t.models"", ""market_regime_alpha.dividend_t.sell_side"", ""market_regime_alpha.dividend_t.signal_intent""]"	[]	[]	[]	9130	224	b02e93f9eba2c1bfc7d834f00dcf1e7cb984d18f	2026-07-14T09:25:21+08:00	feat: harden research lifecycle and dataset evidence
tests/test_signal_audit.py	TEST	FULL_TEXT_READ		test	"[""test_labels_use_next_executable_open_and_keep_buy_sell_taxonomies_separate"", ""test_calibration_and_threshold_sensitivity_are_stratified_and_deterministic"", ""test_calibration_low_sample_output_is_display_only_and_local_grid_reports_stability"", ""test_daily_horizon_uses_explicit_trading_calendar_and_each_horizon_has_own_path_metrics"", ""test_daily_horizon_distinguishes_market_and_symbol_tradable_days_and_requires_session_close"", ""test_sell_labels_separate_directional_decline_from_completed_t_cycle"", ""test_buyback_cycle_expires_instead_of_scanning_the_rest_of_the_dataset"", ""test_reference_series_must_match_candidate_identity_and_timestamp_exactly"", ""test_label_execution_uses_t1_and_skips_temporary_market_blocks"", ""test_threshold_contract_supports_direction_and_rejects_strategy_parameter_filtering"", ""test_sell_side_gap_report_does_not_merge_sell_t_and_stop_t_hit_rates"", ""test_audit_report_includes_required_research_strata_when_available""]"	[]	"[""pandas"", ""pytest"", ""__future__"", ""market_regime_alpha.dividend_t.backtest"", ""market_regime_alpha.dividend_t.signal_audit""]"	[]	[]	[]	20435	558	3604d4e22699ffc2e89d0133c1516565df3934c1	2026-07-14T00:24:26+08:00	feat: harden sell-side audit contracts
tests/test_signal_intent.py	TEST	FULL_TEXT_READ		test	"[""score_fixture"", ""candidate_fixture"", ""test_primary_setup_uniquely_maps_to_intent"", ""test_macd_profiles_keep_production_baseline_disabled"", ""test_policy_state_accepts_only_formal_matching_interval_result"", ""test_every_primary_setup_has_one_non_none_intent"", ""test_unknown_setup_raises_in_strict_mode_and_stays_unknown_in_compatibility_mode"", ""test_live_candidate_cannot_use_none_intent"", ""test_none_intent_is_valid_only_when_there_is_no_candidate"", ""test_confirmation_must_belong_to_current_decision_bar"", ""test_none_confirmation_cannot_accompany_real_confirmation"", ""test_candidate_constructor_assigns_intent_from_setup_once"", ""test_confirmations_are_recomputed_from_current_technical_snapshot"", ""test_primary_breakout_setup_wins_over_companion_pullback_flags"", ""test_risk_setup_priority_is_unique"", ""test_candidate_setup_and_primary_setup_must_match_in_v1"", ""ready_policy_state"", ""experimental_policy"", ""test_trend_buy_bearish_cross_in_weak_axis_downgrades"", ""test_trend_buy_bearish_cross_above_is_not_blocked"", ""test_unready_or_disabled_policy_is_identity"", ""test_mean_reversion_buy_requires_configured_current_confirmation"", ""test_mean_reversion_sell_uses_exit_confirmation_set"", ""test_hard_risk_is_explicit_and_macd_invariant"", ""test_risk_candidate_requires_explicit_enforcement"", ""test_sizing_owner_applies_multiplier_once_and_zero_becomes_hold"", ""test_mean_reversion_requires_complete_strong_opposition"", ""test_soft_risk_and_base_accumulation_are_not_changed"", ""test_policy_config_rejects_none_in_accepted_confirmation_sets""]"	[]	"[""pytest"", ""__future__"", ""dataclasses"", ""market_regime_alpha.dividend_t.models"", ""market_regime_alpha.dividend_t.macd_experiments"", ""market_regime_alpha.dividend_t.macd"", ""market_regime_alpha.dividend_t.signal_intent"", ""market_regime_alpha.dividend_t.strategy""]"	[]	"[""docs/architecture/R2-Minimal-V2-Kernel.md"", ""docs/architecture/R1-Legacy-Characterization.md"", ""docs/archive/superpowers/specs/2026-07-13-macd-signal-intent-design.md"", ""docs/archive/superpowers/plans/2026-07-13-macd-signal-intent-implementation.md""]"	[]	17809	441	3604d4e22699ffc2e89d0133c1516565df3934c1	2026-07-14T00:24:26+08:00	feat: harden sell-side audit contracts
tests/test_strategy_modes.py	TEST	FULL_TEXT_READ		test	"[""StrategyModeTests""]"	[]	"[""sys"", ""unittest"", ""__future__"", ""pathlib"", ""market_regime_alpha.dividend_t.backtest"", ""market_regime_alpha.dividend_t.strategy_modes""]"	[]	[]	[]	2092	52	24c8de2b5141d4d6a80d3f23eef1b6d084a48ecd	2026-07-09T00:03:11+08:00	Initial market-regime-alpha migration
tests/test_tencent_minute_cache.py	TEST	FULL_TEXT_READ		test	"[""TencentMinuteCacheTests""]"	[]	"[""sys"", ""tempfile"", ""unittest"", ""__future__"", ""datetime"", ""pathlib"", ""zoneinfo"", ""market_regime_alpha.data_sources.tencent_minute_cache""]"	[]	"[""docs/research/R5-Current-Status.md"", ""docs/archive/superpowers/plans/2026-07-16-tencent-composite-exploratory-r5.md""]"	[]	3091	89	24c8de2b5141d4d6a80d3f23eef1b6d084a48ecd	2026-07-09T00:03:11+08:00	Initial market-regime-alpha migration
tests/test_top1000_return_leakage_attribution.py	TEST	FULL_TEXT_READ		test	"[""test_rank_tier_portfolio_weighting_overweights_top_ranked_symbols"", ""test_lifecycle_rank_columns_are_available_for_rule_search"", ""test_curve_points_and_portfolio_metrics_include_risk_matched_hold"", ""test_market_filter_start_date_uses_nonnegative_lookback"", ""test_force_rule_selection_prefers_requested_top_n"", ""test_capture_bias_rule_selection_prefers_main_rise_capture_over_stable_beta"", ""test_capture_bias_rule_selection_respects_strict_rule_pool"", ""test_capture_bias_rule_selection_fails_when_constraints_remove_all_candidates"", ""test_build_train_features_scores_divergence_capture_and_soft_stop_flying_risk"", ""test_capture_bias_rule_selection_penalizes_soft_stop_flying_risk"", ""test_trade_quality_marks_buy_accurate_when_target_precedes_stop"", ""test_trade_quality_marks_buy_inaccurate_when_stop_precedes_target"", ""test_trade_quality_marks_sell_accuracy_and_flying_independently"", ""test_trade_quality_classifies_rebalance_outside_timing_accuracy"", ""test_sell_event_metrics_marks_valid_when_drawdown_precedes_rally"", ""test_sell_event_metrics_marks_invalid_when_rally_precedes_drawdown"", ""test_sell_event_type_prioritizes_explicit_stop_reason_over_beta_state"", ""test_sell_event_summary_recommends_disabling_repeated_invalid_sell_reason"", ""test_breakout_alpha_features_classify_high_quality_breakout"", ""test_buy_event_summary_groups_breakout_alpha_tiers"", ""test_volume_price_window_features_use_only_pre_trade_bars"", ""test_volume_price_window_summary_separates_buy_and_sell_value"", ""test_return_leakage_attribution_flags_risk_on_position_underbuilt"", ""test_return_leakage_attribution_keeps_force_suppression_when_unconfirmed"", ""test_return_leakage_attribution_splits_volume_price_secondary_reason"", ""test_train_features_rewards_target_add_density_for_beta_hold_capture"", ""test_position_stats_tracks_beta_hold_lifecycle""]"	[]	"[""sys"", ""pandas"", ""pytest"", ""__future__"", ""datetime"", ""pathlib"", ""types"", ""backtesting.run_top1000_screened_portfolio_backtest""]"	[]	[]	[]	37274	999	24c8de2b5141d4d6a80d3f23eef1b6d084a48ecd	2026-07-09T00:03:11+08:00	Initial market-regime-alpha migration
tests/test_tushare_client.py	TEST	FULL_TEXT_READ		test	"[""TushareClientUtilityTests""]"	[]	"[""sys"", ""unittest"", ""__future__"", ""pathlib"", ""market_regime_alpha.data_sources.tushare_client""]"	[]	[]	[]	1982	56	24c8de2b5141d4d6a80d3f23eef1b6d084a48ecd	2026-07-09T00:03:11+08:00	Initial market-regime-alpha migration
tests/test_universe.py	TEST	FULL_TEXT_READ		test	"[""LargecapUniverseTests""]"	[]	"[""sys"", ""unittest"", ""pandas"", ""__future__"", ""pathlib"", ""market_regime_alpha.dividend_t.universe""]"	[]	[]	[]	3214	69	24c8de2b5141d4d6a80d3f23eef1b6d084a48ecd	2026-07-09T00:03:11+08:00	Initial market-regime-alpha migration
tests/test_visualization.py	TEST	FULL_TEXT_READ		test	"[""load_visual_module"", ""VisualizationTests""]"	[]	"[""importlib.util"", ""json"", ""unittest"", ""__future__"", ""pathlib""]"	[]	[]	[]	2938	81	24c8de2b5141d4d6a80d3f23eef1b6d084a48ecd	2026-07-09T00:03:11+08:00	Initial market-regime-alpha migration
tests/universe/__init__.py	TEST	FULL_TEXT_READ	Tests for the Universe bounded context.	test	[]	[]	[]	[]	"[""docs/archive/superpowers/plans/2026-07-16-wp4a-entry-path-targets.md""]"	[]	46	2	a45e51efc4dd6e18a605b4775ece68fb3e703c88	2026-07-16T22:51:05+08:00	chore: fix repository test collection and Ruff baseline
tests/universe/test_artifacts.py	TEST	FULL_TEXT_READ		test	"[""test_historical_pit_universe_resolves_exact_decision_date_and_allows_membership_change"", ""test_historical_pit_universe_does_not_carry_forward_missing_date"", ""test_historical_pit_universe_identity_is_stable_under_record_ordering"", ""test_historical_pit_universe_identity_changes_with_effective_time_convention"", ""test_historical_pit_universe_rejects_duplicate_date_symbol_key""]"	[]	"[""pytest"", ""__future__"", ""datetime"", ""zoneinfo"", ""market_regime_alpha.core.identity"", ""market_regime_alpha.core.time"", ""market_regime_alpha.universe.artifacts""]"	[]	[]	[]	5133	128	51b51640fc77522f7aa26795203f0a87846f2ea1	2026-07-15T16:37:13+08:00	test: lock PIT universe effective-time convention identity
tests/universe/test_contracts.py	TEST	FULL_TEXT_READ		test	"[""test_universe_membership_and_trading_eligibility_are_separate"", ""test_missing_eligibility_is_unknown_and_not_silently_eligible"", ""test_valid_candidate_population_may_be_empty"", ""test_trading_eligibility_status_must_use_canonical_enum"", ""test_future_universe_snapshot_cannot_build_past_candidate_population""]"	[]	"[""pytest"", ""__future__"", ""datetime"", ""market_regime_alpha.core.identity"", ""market_regime_alpha.core.time"", ""market_regime_alpha.candidates.contracts"", ""market_regime_alpha.universe.contracts""]"	[]	[]	[]	4555	128	8cf47066dc6a0d416ce094389ce479dd2ee515dd	2026-07-15T13:03:44+08:00	test: cover empty populations and eligibility type safety
tests/universe/test_eligibility_artifacts.py	TEST	FULL_TEXT_READ		test	"[""_universe"", ""_eligibility"", ""test_candidate_population_requires_membership_and_explicit_eligibility"", ""test_historical_eligibility_does_not_carry_forward_earlier_snapshot"", ""test_historical_eligibility_identity_changes_with_policy_version"", ""test_historical_eligibility_rejects_duplicate_time_symbol_key""]"	[]	"[""pytest"", ""__future__"", ""datetime"", ""zoneinfo"", ""market_regime_alpha.candidates.historical_population"", ""market_regime_alpha.core.identity"", ""market_regime_alpha.core.time"", ""market_regime_alpha.universe.artifacts"", ""market_regime_alpha.universe.contracts"", ""market_regime_alpha.universe.eligibility_artifacts""]"	[]	"[""docs/specs/ETFDirectionSnapshot.md"", ""docs/architecture/R3-R4-Minimal-Research-Spine.md"", ""docs/research/R5-Generic-Provider-Export-Adapter.md"", ""docs/research/R5-Versioned-Trading-Eligibility-Policy.md"", ""docs/research/Daily-Quant-Selection-and-Manual-Trading-Research-Program.md"", ""docs/research/R5-Provider-Rehearsal-Trading-Eligibility-Policy-v2.md"", ""docs/constitution/06-Strategy-Constitution.md"", ""docs/constitution/08-Roadmap.md"", ""docs/archive/superpowers/specs/2026-07-16-wp3-provider-routing-and-candidate-runs-design.md"", ""docs/archive/superpowers/plans/2026-07-16-tencent-composite-exploratory-r5.md"", ""docs/archive/superpowers/plans/2026-07-16-wp3-provider-routing-and-candidate-runs.md""]"	[]	4648	140	7bcdde3fa5a278b2df19b541df89198264b1bbed	2026-07-15T16:45:38+08:00	test: respect Candidate ownership of historical population assembly
tests/universe/test_eligibility_materializer_provenance.py	TEST	FULL_TEXT_READ		test	"[""_universe"", ""_observation"", ""test_boolean_cannot_masquerade_as_price_value"", ""test_raw_evidence_convention_changes_eligibility_artifact_identity""]"	[]	"[""pytest"", ""__future__"", ""datetime"", ""zoneinfo"", ""market_regime_alpha.core.identity"", ""market_regime_alpha.core.time"", ""market_regime_alpha.universe.artifacts"", ""market_regime_alpha.universe.eligibility_policy""]"	[]	"[""docs/specs/ETFDirectionSnapshot.md"", ""docs/architecture/R3-R4-Minimal-Research-Spine.md"", ""docs/research/R5-Generic-Provider-Export-Adapter.md"", ""docs/research/Daily-Quant-Selection-and-Manual-Trading-Research-Program.md"", ""docs/constitution/08-Roadmap.md"", ""docs/archive/superpowers/plans/2026-07-16-tencent-composite-exploratory-r5.md"", ""docs/archive/superpowers/plans/2026-07-18-wp4a2-entry-path-as-of-evidence-correction.md"", ""docs/archive/superpowers/plans/2026-07-18-wp4a1-entry-path-temporal-price-lineage-hardening.md""]"	[]	3187	88	59e81317602742b76bf5cad785f86063bc6df4a9	2026-07-15T18:11:46+08:00	test: cover eligibility materializer provenance and numeric type safety
tests/universe/test_eligibility_policy.py	TEST	FULL_TEXT_READ		test	"[""_universe"", ""_raw"", ""test_policy_identity_changes_with_result_affecting_configuration"", ""test_hard_ineligibility_evidence_wins_over_other_missing_fields"", ""test_missing_required_evidence_is_unknown_not_eligible"", ""test_complete_limit_metadata_does_not_create_execution_or_price_limit_exclusion"", ""test_materializer_preserves_member_scope_and_explicit_unknown_states"", ""test_observation_available_after_decision_time_becomes_unknown"", ""test_materializer_preserves_valid_empty_snapshot_and_candidate_population"", ""test_materializer_rejects_duplicate_exact_time_raw_observation""]"	[]	"[""pytest"", ""__future__"", ""datetime"", ""zoneinfo"", ""market_regime_alpha.candidates"", ""market_regime_alpha.core.identity"", ""market_regime_alpha.core.time"", ""market_regime_alpha.universe.artifacts"", ""market_regime_alpha.universe.contracts"", ""market_regime_alpha.universe.eligibility_policy""]"	[]	"[""docs/specs/ETFDirectionSnapshot.md"", ""docs/architecture/R3-R4-Minimal-Research-Spine.md"", ""docs/research/R5-Versioned-Trading-Eligibility-Policy.md"", ""docs/research/Daily-Quant-Selection-and-Manual-Trading-Research-Program.md"", ""docs/constitution/08-Roadmap.md"", ""docs/archive/superpowers/plans/2026-07-16-tencent-composite-exploratory-r5.md"", ""docs/archive/superpowers/plans/2026-07-13-macd-signal-intent-implementation.md""]"	[]	8089	217	a0b6027c8aa0cd644491aa79c720e24383f4db63	2026-07-15T18:05:17+08:00	test: preserve valid empty eligibility snapshots and Candidate populations
tests/universe/test_eligibility_policy_identity.py	TEST	FULL_TEXT_READ		test	"[""test_same_results_under_different_policy_config_have_different_artifact_identity""]"	[]	"[""__future__"", ""datetime"", ""zoneinfo"", ""market_regime_alpha.core.identity"", ""market_regime_alpha.core.time"", ""market_regime_alpha.universe.artifacts"", ""market_regime_alpha.universe.eligibility_policy""]"	[]	"[""docs/research/R5-Versioned-Trading-Eligibility-Policy.md""]"	[]	2760	80	93666092d7705fc719094f13f84e4edb549003f0	2026-07-15T18:07:18+08:00	test: bind eligibility artifact identity to policy identity
tests/universe/test_provider_rehearsal_eligibility_policy_v2.py	TEST	FULL_TEXT_READ		test	"[""_raw"", ""_policy"", ""test_provider_rehearsal_v2_complete_evidence_is_eligible"", ""test_provider_rehearsal_v2_default_listing_age_requires_strictly_more_than_60_calendar_days"", ""test_provider_rehearsal_v2_hard_exclusions"", ""test_provider_rehearsal_v2_missing_or_mismatched_evidence_is_unknown"", ""test_v1_remains_legacy_compatible_without_v2_evidence"", ""test_v2_does_not_silently_downgrade_to_v1_when_provider_evidence_is_missing"", ""test_v2_policy_identity_changes_with_liquidity_threshold_and_measure""]"	[]	"[""pytest"", ""__future__"", ""datetime"", ""zoneinfo"", ""market_regime_alpha.core.time"", ""market_regime_alpha.universe.contracts"", ""market_regime_alpha.universe.eligibility_policy""]"	[]	"[""docs/specs/DailyResearchSnapshot.md"", ""docs/specs/Entry-Path-Target-V1.md"", ""docs/architecture/Original-Intent-to-R3-R4-Consistency-Audit.md"", ""docs/research/R5-Versioned-Trading-Eligibility-Policy.md"", ""docs/research/Daily-Quant-Selection-and-Manual-Trading-Research-Program.md"", ""docs/research/R5-Provider-Rehearsal-Trading-Eligibility-Policy-v2.md"", ""docs/constitution/06-Strategy-Constitution.md"", ""docs/constitution/05-Factor-Constitution.md"", ""docs/constitution/07-Validation-Constitution.md"", ""docs/constitution/02-Architecture-Blueprint.md"", ""docs/status/Capability-Matrix.md"", ""docs/archive/superpowers/specs/2026-07-18-wp4a2-entry-path-as-of-evidence-correction-design.md"", ""docs/archive/superpowers/specs/2026-07-13-macd-signal-intent-design.md"", ""docs/archive/superpowers/plans/2026-07-16-wp4a-entry-path-targets.md"", ""docs/archive/superpowers/plans/2026-07-18-wp4a2-entry-path-as-of-evidence-correction.md"", ""docs/archive/superpowers/plans/2026-07-13-macd-signal-intent-implementation.md"", ""docs/archive/superpowers/plans/2026-07-16-wp3-provider-routing-and-candidate-runs.md""]"	[]	6261	170	f274277f956d21d38030f7ff98c61975298125de	2026-07-15T18:39:56+08:00	test: lock greater-than-60-day listing-age boundary
tools/xuntou/export_pit_validation_bundle_v4.py	TOOL	FULL_TEXT_READ	Fail-closed boundary for an authorized Xuntou PIT validation export.	provider/tool	"[""main""]"	[]	"[""argparse"", ""json"", ""__future__"", ""pathlib"", ""market_regime_alpha.research.xuntou_pit_v4_runtime""]"	[]	"[""docs/MACD-Research-Audit.md"", ""docs/Tushare-App.md"", ""docs/Sell-Side-Model-Spec.md"", ""docs/Usage-Manual.md"", ""docs/Formal-Data-Source-PoC-2026-07-14.md"", ""docs/Project-Structure.md"", ""docs/Data-Spec.md"", ""docs/Dividend-T-Platform.md"", ""docs/Formal-Data-Source-Capability-Audit.md"", ""docs/Formal-MACD-Dataset-Builder-Plan.md"", ""docs/README.md"", ""docs/退神股票涨跌理论-量化实现差距分析.md"", ""docs/theory/退神股票涨跌理论.md"", ""docs/development/WP-0-Close-B1-Verification.md"", ""docs/roadmap/Phase-D-Work-Packages.md"", ""docs/specs/Xuntou-P0-Native-Field-Mapping.md"", ""docs/specs/ETFDirectionSnapshot.md"", ""docs/specs/DailyResearchSnapshot.md"", ""docs/specs/Xuntou-PIT-Field-Mapping-V4.md"", ""docs/specs/ManualTradeRecord.md"", ""docs/specs/PositionSnapshot.md"", ""docs/specs/CandidateRecommendation.md"", ""docs/specs/FailureReasonTaxonomy.md"", ""docs/specs/ThemeDirectionSnapshot.md"", ""docs/specs/Xuntou-PIT-Validation-Bundle-V4.md"", ""docs/specs/ExitAssessment.md"", ""docs/specs/Entry-Path-Target-V1.md"", ""docs/specs/DailyReviewReport.md"", ""docs/specs/CapitalContextSnapshot.md"", ""docs/specs/EntryAssessment.md""]"	[]	2213	57	1988bfc052c9cea5e7204d6fe1616bdcba166fac	2026-07-19T00:08:14+08:00	feat: define qualified Xuntou PIT validation evidence
tools/xuntou/probe_xtquant_pit_capabilities.py	TOOL	FULL_TEXT_READ	Probe XtQuant availability without inferring undocumented PIT semantics.	provider/tool	"[""main""]"	[]	"[""argparse"", ""json"", ""__future__"", ""pathlib"", ""market_regime_alpha.research.xuntou_pit_v4_runtime""]"	[]	"[""docs/MACD-Research-Audit.md"", ""docs/Tushare-App.md"", ""docs/Sell-Side-Model-Spec.md"", ""docs/Usage-Manual.md"", ""docs/Formal-Data-Source-PoC-2026-07-14.md"", ""docs/Project-Structure.md"", ""docs/Data-Spec.md"", ""docs/Dividend-T-Platform.md"", ""docs/Formal-Data-Source-Capability-Audit.md"", ""docs/Formal-MACD-Dataset-Builder-Plan.md"", ""docs/README.md"", ""docs/退神股票涨跌理论-量化实现差距分析.md"", ""docs/theory/退神股票涨跌理论.md"", ""docs/development/WP-0-Close-B1-Verification.md"", ""docs/roadmap/Phase-D-Work-Packages.md"", ""docs/specs/Xuntou-P0-Native-Field-Mapping.md"", ""docs/specs/ETFDirectionSnapshot.md"", ""docs/specs/DailyResearchSnapshot.md"", ""docs/specs/Xuntou-PIT-Field-Mapping-V4.md"", ""docs/specs/ManualTradeRecord.md"", ""docs/specs/PositionSnapshot.md"", ""docs/specs/CandidateRecommendation.md"", ""docs/specs/FailureReasonTaxonomy.md"", ""docs/specs/ThemeDirectionSnapshot.md"", ""docs/specs/Xuntou-PIT-Validation-Bundle-V4.md"", ""docs/specs/ExitAssessment.md"", ""docs/specs/Entry-Path-Target-V1.md"", ""docs/specs/DailyReviewReport.md"", ""docs/specs/CapitalContextSnapshot.md"", ""docs/specs/EntryAssessment.md""]"	[]	942	30	1988bfc052c9cea5e7204d6fe1616bdcba166fac	2026-07-19T00:08:14+08:00	feat: define qualified Xuntou PIT validation evidence
